audio_id,domain
1098-133695-0046_-13,"['SNR: -13']"
8630-305212-0017_-4,"['SNR: -4']"
1447-130552-0017_-3,"['SNR: -3']"
1363-139304-0023_-12,"['SNR: -12']"
7402-59171-0021_-6,"['SNR: -6']"
1069-133699-0005_-8,"['SNR: -8']"
2196-170151-0002_4,"['SNR: 4']"
5339-14134-0069_-2,"['SNR: -2']"
426-122821-0027_-12,"['SNR: -12']"
1069-133709-0037_-11,"['SNR: -11']"
3486-166424-0025_-13,"['SNR: -13']"
2989-138035-0063_5,"['SNR: 5']"
8324-286682-0004_-15,"['SNR: -15']"
1363-139304-0000_2,"['SNR: 2']"
2159-179154-0019_-2,"['SNR: -2']"
5678-43302-0034_-12,"['SNR: -12']"
6181-216552-0066_7,"['SNR: 7']"
5339-14134-0047_-2,"['SNR: -2']"
5561-39621-0032_-5,"['SNR: -5']"
4813-248638-0038_6,"['SNR: 6']"
302-123523-0015_7,"['SNR: 7']"
7517-100437-0022_1,"['SNR: 1']"
3168-173564-0000_-6,"['SNR: -6']"
229-130880-0064_5,"['SNR: 5']"
4088-158077-0035_3,"['SNR: 3']"
2182-150130-0030_1,"['SNR: 1']"
1263-139804-0018_3,"['SNR: 3']"
2196-170379-0003_-5,"['SNR: -5']"
1970-10594-0036_-6,"['SNR: -6']"
5678-43302-0007_-6,"['SNR: -6']"
1355-39947-0083_6,"['SNR: 6']"
3947-13260-0031_7,"['SNR: 7']"
2182-181173-0034_3,"['SNR: 3']"
4014-186179-0027_-6,"['SNR: -6']"
5867-48852-0046_5,"['SNR: 5']"
7113-86041-0107_-3,"['SNR: -3']"
3374-298025-0018_-13,"['SNR: -13']"
5192-19396-0016_-2,"['SNR: -2']"
7264-92316-0030_-3,"['SNR: -3']"
39-121916-0016_-7,"['SNR: -7']"
2007-149877-0009_-7,"['SNR: -7']"
6437-66172-0033_-2,"['SNR: -2']"
4680-16026-0006_7,"['SNR: 7']"
19-198-0019_3,"['SNR: 3']"
248-130644-0007_5,"['SNR: 5']"
1926-143879-0043_5,"['SNR: 5']"
4441-76263-0004_-14,"['SNR: -14']"
5456-58161-0024_-12,"['SNR: -12']"
5778-54535-0033_-4,"['SNR: -4']"
5456-58161-0015_-7,"['SNR: -7']"
200-126784-0002_-1,"['SNR: -1']"
27-124992-0002_-2,"['SNR: -2']"
3436-172162-0012_-11,"['SNR: -11']"
4859-29340-0004_-4,"['SNR: -4']"
7800-283493-0038_-4,"['SNR: -4']"
911-128684-0007_-13,"['SNR: -13']"
4014-186179-0042_-9,"['SNR: -9']"
1743-142913-0017_-12,"['SNR: -12']"
426-122822-0007_0,"['SNR: 0']"
2518-154826-0036_9,"['SNR: 9']"
5514-19192-0048_7,"['SNR: 7']"
3486-166446-0006_-12,"['SNR: -12']"
6880-216547-0094_-12,"['SNR: -12']"
83-3054-0015_-11,"['SNR: -11']"
1963-142393-0015_-9,"['SNR: -9']"
6367-74004-0009_-4,"['SNR: -4']"
6272-70171-0041_-4,"['SNR: -4']"
4051-11217-0007_-10,"['SNR: -10']"
3526-176653-0008_6,"['SNR: 6']"
1867-154071-0006_-9,"['SNR: -9']"
226-131533-0008_-15,"['SNR: -15']"
322-124147-0050_1,"['SNR: 1']"
4830-25898-0041_-9,"['SNR: -9']"
8975-270782-0006_5,"['SNR: 5']"
1455-134435-0017_9,"['SNR: 9']"
6081-41997-0005_9,"['SNR: 9']"
6531-61334-0086_-13,"['SNR: -13']"
5456-58161-0009_-2,"['SNR: -2']"
8419-293473-0012_-15,"['SNR: -15']"
2691-156745-0030_8,"['SNR: 8']"
7367-86737-0116_-1,"['SNR: -1']"
1235-135887-0008_1,"['SNR: 1']"
4267-287369-0017_0,"['SNR: 0']"
4813-248638-0052_4,"['SNR: 4']"
1034-121119-0070_-7,"['SNR: -7']"
1502-122619-0057_-7,"['SNR: -7']"
7178-34644-0021_-11,"['SNR: -11']"
3982-182255-0003_9,"['SNR: 9']"
5192-19397-0028_-5,"['SNR: -5']"
4014-186179-0032_-15,"['SNR: -15']"
311-124404-0029_1,"['SNR: 1']"
2007-132570-0038_-3,"['SNR: -3']"
5808-48608-0023_-15,"['SNR: -15']"
6078-54007-0049_9,"['SNR: 9']"
2007-132570-0001_-9,"['SNR: -9']"
6880-216547-0087_-10,"['SNR: -10']"
8465-246943-0019_8,"['SNR: 8']"
118-124588-0012_-12,"['SNR: -12']"
7367-86737-0014_-14,"['SNR: -14']"
6563-63821-0007_-7,"['SNR: -7']"
7190-90543-0026_-10,"['SNR: -10']"
6367-74004-0017_-7,"['SNR: -7']"
8108-280354-0014_2,"['SNR: 2']"
8419-286676-0024_-7,"['SNR: -7']"
6000-55211-0060_-2,"['SNR: -2']"
5561-41615-0021_1,"['SNR: 1']"
4362-15663-0036_5,"['SNR: 5']"
8063-274116-0002_-14,"['SNR: -14']"
426-122819-0013_8,"['SNR: 8']"
1578-140045-0024_4,"['SNR: 4']"
1246-124550-0021_-4,"['SNR: -4']"
4481-17498-0014_-8,"['SNR: -8']"
1898-145724-0004_10,"['SNR: 10']"
3699-175950-0013_-7,"['SNR: -7']"
831-130746-0013_1,"['SNR: 1']"
7067-76048-0045_-15,"['SNR: -15']"
7780-274562-0046_-15,"['SNR: -15']"
125-121342-0028_-3,"['SNR: -3']"
2092-145706-0018_-8,"['SNR: -8']"
78-368-0019_2,"['SNR: 2']"
5463-39174-0027_-7,"['SNR: -7']"
3374-298026-0028_-6,"['SNR: -6']"
2092-145706-0031_10,"['SNR: 10']"
1594-135914-0072_3,"['SNR: 3']"
1183-128659-0005_-3,"['SNR: -3']"
8238-274553-0007_-1,"['SNR: -1']"
5456-24741-0001_-12,"['SNR: -12']"
5778-12761-0038_2,"['SNR: 2']"
4362-15663-0098_-15,"['SNR: -15']"
4397-15666-0018_-12,"['SNR: -12']"
587-54108-0012_7,"['SNR: 7']"
32-4137-0046_-3,"['SNR: -3']"
3214-167602-0029_-13,"['SNR: -13']"
3436-172162-0036_2,"['SNR: 2']"
426-122819-0000_4,"['SNR: 4']"
8630-305213-0031_-8,"['SNR: -8']"
4853-27670-0010_-10,"['SNR: -10']"
3440-171006-0012_0,"['SNR: 0']"
1447-130552-0009_-15,"['SNR: -15']"
4788-94904-0036_-9,"['SNR: -9']"
887-123290-0013_-5,"['SNR: -5']"
103-1240-0012_-9,"['SNR: -9']"
2136-5140-0040_-9,"['SNR: -9']"
446-123501-0031_-13,"['SNR: -13']"
2436-2481-0013_-3,"['SNR: -3']"
6848-252323-0033_0,"['SNR: 0']"
1926-147987-0013_-13,"['SNR: -13']"
3526-176653-0044_10,"['SNR: 10']"
1081-125237-0021_-5,"['SNR: -5']"
1553-140048-0049_-6,"['SNR: -6']"
4813-248641-0033_6,"['SNR: 6']"
248-130697-0034_-1,"['SNR: -1']"
5652-39938-0018_7,"['SNR: 7']"
8629-261139-0058_8,"['SNR: 8']"
211-122425-0040_-7,"['SNR: -7']"
5678-43302-0016_-5,"['SNR: -5']"
446-123501-0009_1,"['SNR: 1']"
6531-61334-0054_-6,"['SNR: -6']"
3242-67153-0001_9,"['SNR: 9']"
89-218-0049_-1,"['SNR: -1']"
6081-41998-0033_-13,"['SNR: -13']"
4214-7146-0064_-14,"['SNR: -14']"
8975-270782-0075_8,"['SNR: 8']"
6272-70168-0017_2,"['SNR: 2']"
460-172359-0014_2,"['SNR: 2']"
587-54108-0031_0,"['SNR: 0']"
6454-120342-0008_-8,"['SNR: -8']"
2764-36619-0008_-12,"['SNR: -12']"
328-129766-0095_7,"['SNR: 7']"
4195-17507-0038_-2,"['SNR: -2']"
198-126831-0019_8,"['SNR: 8']"
909-131041-0002_9,"['SNR: 9']"
3664-178355-0018_-8,"['SNR: -8']"
3374-298032-0025_8,"['SNR: 8']"
1624-168623-0050_9,"['SNR: 9']"
196-122150-0033_6,"['SNR: 6']"
3947-13262-0017_-11,"['SNR: -11']"
125-121342-0010_-13,"['SNR: -13']"
1723-141149-0065_9,"['SNR: 9']"
5393-19219-0053_5,"['SNR: 5']"
1594-135914-0098_2,"['SNR: 2']"
7780-274562-0003_-15,"['SNR: -15']"
2518-154825-0013_-2,"['SNR: -2']"
441-128982-0036_9,"['SNR: 9']"
7178-34645-0018_2,"['SNR: 2']"
1926-147979-0010_-1,"['SNR: -1']"
730-358-0021_-3,"['SNR: -3']"
1898-145702-0018_-10,"['SNR: -10']"
4137-11701-0033_8,"['SNR: 8']"
6836-61803-0034_9,"['SNR: 9']"
3699-19401-0026_-5,"['SNR: -5']"
2843-152918-0019_-13,"['SNR: -13']"
7800-283492-0040_6,"['SNR: 6']"
8088-284756-0008_9,"['SNR: 9']"
5322-7679-0027_-14,"['SNR: -14']"
1098-133695-0044_-14,"['SNR: -14']"
1246-124550-0039_5,"['SNR: 5']"
60-121082-0022_-3,"['SNR: -3']"
2196-174172-0005_6,"['SNR: 6']"
2182-181183-0003_4,"['SNR: 4']"
1034-121119-0034_-3,"['SNR: -3']"
5867-48852-0035_1,"['SNR: 1']"
7078-271888-0040_-5,"['SNR: -5']"
1455-134435-0072_-14,"['SNR: -14']"
4813-248641-0053_-12,"['SNR: -12']"
8088-284756-0105_-9,"['SNR: -9']"
5514-19193-0029_-8,"['SNR: -8']"
1970-10594-0025_-2,"['SNR: -2']"
3830-12535-0020_-8,"['SNR: -8']"
2436-2477-0007_1,"['SNR: 1']"
8095-274346-0040_-13,"['SNR: -13']"
1898-145715-0009_-11,"['SNR: -11']"
2159-179156-0016_-14,"['SNR: -14']"
7511-102420-0046_3,"['SNR: 3']"
27-123349-0024_4,"['SNR: 4']"
6078-54013-0079_-1,"['SNR: -1']"
1502-122619-0090_-11,"['SNR: -11']"
2989-138028-0073_-3,"['SNR: -3']"
8014-112602-0029_-7,"['SNR: -7']"
8629-261139-0013_0,"['SNR: 0']"
625-132112-0039_-2,"['SNR: -2']"
8238-274553-0000_-10,"['SNR: -10']"
8770-295465-0037_-11,"['SNR: -11']"
8465-246943-0016_7,"['SNR: 7']"
696-92939-0013_1,"['SNR: 1']"
3607-135982-0005_-11,"['SNR: -11']"
3857-180923-0013_9,"['SNR: 9']"
2836-5355-0035_0,"['SNR: 0']"
8108-274318-0038_4,"['SNR: 4']"
200-124139-0024_-12,"['SNR: -12']"
6818-76332-0049_-13,"['SNR: -13']"
3242-8112-0003_9,"['SNR: 9']"
8419-286667-0022_-15,"['SNR: -15']"
163-122947-0025_-11,"['SNR: -11']"
8226-274369-0030_-15,"['SNR: -15']"
403-126855-0010_-6,"['SNR: -6']"
887-123291-0012_10,"['SNR: 10']"
78-369-0018_-3,"['SNR: -3']"
3830-12531-0009_-1,"['SNR: -1']"
5688-15787-0020_-2,"['SNR: -2']"
4680-16042-0028_-10,"['SNR: -10']"
118-47824-0036_9,"['SNR: 9']"
7402-59171-0010_-1,"['SNR: -1']"
1235-135884-0033_1,"['SNR: 1']"
7505-258964-0024_6,"['SNR: 6']"
8014-112602-0017_5,"['SNR: 5']"
1363-135842-0048_1,"['SNR: 1']"
3857-180923-0027_7,"['SNR: 7']"
2002-139469-0001_-1,"['SNR: -1']"
3947-13262-0025_2,"['SNR: 2']"
730-360-0044_6,"['SNR: 6']"
200-124140-0008_-4,"['SNR: -4']"
3440-171009-0064_-10,"['SNR: -10']"
403-126855-0029_4,"['SNR: 4']"
1723-141149-0082_-12,"['SNR: -12']"
3699-19401-0008_10,"['SNR: 10']"
2843-152918-0072_-12,"['SNR: -12']"
5192-19396-0008_-14,"['SNR: -14']"
3857-180923-0025_0,"['SNR: 0']"
5652-19215-0015_-8,"['SNR: -8']"
4014-186179-0035_-6,"['SNR: -6']"
7447-91187-0067_-1,"['SNR: -1']"
2989-138035-0061_1,"['SNR: 1']"
1737-142396-0018_-5,"['SNR: -5']"
4362-15663-0049_-8,"['SNR: -8']"
1034-121119-0030_-5,"['SNR: -5']"
5778-12761-0019_-5,"['SNR: -5']"
125-121124-0045_2,"['SNR: 2']"
3440-171009-0036_7,"['SNR: 7']"
5049-25947-0033_-6,"['SNR: -6']"
6836-61803-0018_-1,"['SNR: -1']"
78-369-0029_-15,"['SNR: -15']"
8747-293952-0009_2,"['SNR: 2']"
7059-77897-0012_-14,"['SNR: -14']"
4397-15678-0011_-2,"['SNR: -2']"
6019-3185-0061_-10,"['SNR: -10']"
8425-292520-0013_0,"['SNR: 0']"
78-369-0008_-7,"['SNR: -7']"
1116-132851-0005_-15,"['SNR: -15']"
26-496-0013_6,"['SNR: 6']"
1578-140049-0023_0,"['SNR: 0']"
150-126107-0011_-3,"['SNR: -3']"
2518-154825-0051_-12,"['SNR: -12']"
6147-34606-0022_-7,"['SNR: -7']"
2092-145706-0032_0,"['SNR: 0']"
328-129766-0012_-15,"['SNR: -15']"
1447-17506-0015_7,"['SNR: 7']"
2514-149482-0034_-4,"['SNR: -4']"
1081-125237-0030_6,"['SNR: 6']"
3242-67153-0022_-7,"['SNR: -7']"
125-121124-0044_-2,"['SNR: -2']"
1183-128659-0019_3,"['SNR: 3']"
254-145458-0014_2,"['SNR: 2']"
3526-175658-0001_10,"['SNR: 10']"
118-47824-0044_-7,"['SNR: -7']"
8051-295385-0031_-6,"['SNR: -6']"
8095-274346-0053_4,"['SNR: 4']"
4397-15678-0037_9,"['SNR: 9']"
5192-19397-0001_4,"['SNR: 4']"
1116-132847-0014_-11,"['SNR: -11']"
1992-141719-0010_-13,"['SNR: -13']"
8747-293952-0101_-12,"['SNR: -12']"
6925-80680-0005_-7,"['SNR: -7']"
5022-29411-0021_0,"['SNR: 0']"
3879-173592-0022_6,"['SNR: 6']"
3526-175658-0030_-13,"['SNR: -13']"
1867-154071-0040_3,"['SNR: 3']"
8108-274318-0014_-2,"['SNR: -2']"
2196-170379-0010_-9,"['SNR: -9']"
4195-186237-0009_-7,"['SNR: -7']"
1841-159771-0038_-10,"['SNR: -10']"
3259-158083-0023_9,"['SNR: 9']"
4088-158077-0044_7,"['SNR: 7']"
8098-278252-0035_7,"['SNR: 7']"
6437-66173-0039_-3,"['SNR: -3']"
26-495-0056_-2,"['SNR: -2']"
6454-93938-0027_-3,"['SNR: -3']"
7635-105409-0041_-15,"['SNR: -15']"
7302-86814-0032_7,"['SNR: 7']"
1034-121119-0019_-3,"['SNR: -3']"
4859-26870-0025_-10,"['SNR: -10']"
6454-120342-0023_-7,"['SNR: -7']"
5049-25947-0001_1,"['SNR: 1']"
7178-34644-0055_-15,"['SNR: -15']"
2836-5354-0052_4,"['SNR: 4']"
5652-19215-0026_-12,"['SNR: -12']"
1081-125237-0100_-1,"['SNR: -1']"
1034-121119-0024_-10,"['SNR: -10']"
6415-111615-0001_-1,"['SNR: -1']"
3526-175658-0022_2,"['SNR: 2']"
8465-246943-0014_3,"['SNR: 3']"
2989-138028-0058_3,"['SNR: 3']"
226-131533-0027_3,"['SNR: 3']"
40-121026-0009_-13,"['SNR: -13']"
2416-152137-0004_10,"['SNR: 10']"
2136-5147-0017_5,"['SNR: 5']"
7859-102521-0014_-7,"['SNR: -7']"
6818-68772-0044_3,"['SNR: 3']"
5192-19397-0024_2,"['SNR: 2']"
8324-286683-0026_9,"['SNR: 9']"
6019-3185-0065_-15,"['SNR: -15']"
839-130898-0077_6,"['SNR: 6']"
6454-93938-0031_-4,"['SNR: -4']"
460-172359-0076_-7,"['SNR: -7']"
5778-54535-0012_10,"['SNR: 10']"
4441-76263-0007_-1,"['SNR: -1']"
4898-28461-0029_8,"['SNR: 8']"
8226-274369-0041_4,"['SNR: 4']"
311-124404-0044_-15,"['SNR: -15']"
6367-74004-0011_-15,"['SNR: -15']"
1069-133709-0032_1,"['SNR: 1']"
3857-182315-0031_-11,"['SNR: -11']"
1069-133709-0012_-3,"['SNR: -3']"
150-132655-0026_4,"['SNR: 4']"
3436-172162-0015_-3,"['SNR: -3']"
200-124139-0037_0,"['SNR: 0']"
730-358-0025_-13,"['SNR: -13']"
1183-133256-0025_-2,"['SNR: -2']"
4406-16883-0017_-1,"['SNR: -1']"
328-129766-0067_6,"['SNR: 6']"
1116-137572-0048_3,"['SNR: 3']"
5750-100289-0063_-1,"['SNR: -1']"
6081-41998-0031_-2,"['SNR: -2']"
87-121553-0068_-9,"['SNR: -9']"
4214-7146-0009_-3,"['SNR: -3']"
587-41619-0018_-4,"['SNR: -4']"
6181-216552-0101_-8,"['SNR: -8']"
4481-17498-0012_5,"['SNR: 5']"
5789-70653-0021_9,"['SNR: 9']"
83-9960-0047_-7,"['SNR: -7']"
7059-88364-0016_-12,"['SNR: -12']"
481-123720-0026_0,"['SNR: 0']"
3259-158083-0080_8,"['SNR: 8']"
3723-171115-0043_-14,"['SNR: -14']"
6476-96661-0018_10,"['SNR: 10']"
6078-54007-0039_2,"['SNR: 2']"
2196-170151-0023_-4,"['SNR: -4']"
311-124404-0065_3,"['SNR: 3']"
6078-54013-0023_-1,"['SNR: -1']"
3259-158083-0041_-1,"['SNR: -1']"
6818-68772-0015_-1,"['SNR: -1']"
8051-119902-0000_-7,"['SNR: -7']"
1723-141149-0051_3,"['SNR: 3']"
6531-61334-0021_8,"['SNR: 8']"
4267-72637-0026_-7,"['SNR: -7']"
5339-14133-0037_0,"['SNR: 0']"
5104-33407-0029_1,"['SNR: 1']"
2159-179157-0010_1,"['SNR: 1']"
4018-107338-0018_-11,"['SNR: -11']"
6181-216552-0031_4,"['SNR: 4']"
909-131045-0039_4,"['SNR: 4']"
374-180298-0021_4,"['SNR: 4']"
233-155990-0045_-7,"['SNR: -7']"
4788-91208-0030_2,"['SNR: 2']"
32-21625-0000_-7,"['SNR: -7']"
1723-141149-0105_7,"['SNR: 7']"
7511-102419-0003_-9,"['SNR: -9']"
8419-293473-0008_10,"['SNR: 10']"
831-130739-0002_0,"['SNR: 0']"
3374-298025-0028_-15,"['SNR: -15']"
4137-11701-0002_-4,"['SNR: -4']"
4441-76263-0046_3,"['SNR: 3']"
2436-2481-0004_-5,"['SNR: -5']"
2182-181173-0018_-12,"['SNR: -12']"
6848-252322-0017_-8,"['SNR: -8']"
103-1240-0047_1,"['SNR: 1']"
5022-29405-0001_-15,"['SNR: -15']"
4481-17499-0011_1,"['SNR: 1']"
3242-67168-0027_0,"['SNR: 0']"
6272-70168-0013_10,"['SNR: 10']"
198-209-0016_-5,"['SNR: -5']"
460-172359-0020_-6,"['SNR: -6']"
6272-70191-0029_-2,"['SNR: -2']"
89-218-0052_3,"['SNR: 3']"
4014-186179-0004_0,"['SNR: 0']"
5750-35690-0032_-9,"['SNR: -9']"
5339-14134-0048_-11,"['SNR: -11']"
8051-118101-0027_-12,"['SNR: -12']"
1040-133433-0016_-10,"['SNR: -10']"
7078-271888-0059_5,"['SNR: 5']"
4014-186183-0010_5,"['SNR: 5']"
7447-91186-0035_-10,"['SNR: -10']"
2007-132570-0007_9,"['SNR: 9']"
7859-102519-0046_1,"['SNR: 1']"
3830-12535-0015_-15,"['SNR: -15']"
831-130739-0034_-4,"['SNR: -4']"
4362-15663-0070_-6,"['SNR: -6']"
39-121914-0012_-13,"['SNR: -13']"
4406-16883-0060_6,"['SNR: 6']"
4788-91208-0000_-14,"['SNR: -14']"
7367-86737-0023_-5,"['SNR: -5']"
103-1241-0014_10,"['SNR: 10']"
1737-148989-0015_-9,"['SNR: -9']"
332-128985-0087_7,"['SNR: 7']"
103-1240-0026_-12,"['SNR: -12']"
7635-105409-0055_-3,"['SNR: -3']"
2384-152900-0035_-2,"['SNR: -2']"
1246-124548-0019_3,"['SNR: 3']"
196-122159-0028_-8,"['SNR: -8']"
839-130898-0067_-7,"['SNR: -7']"
5339-14133-0004_-3,"['SNR: -3']"
5456-62043-0034_-11,"['SNR: -11']"
2391-145015-0109_-10,"['SNR: -10']"
2196-170379-0023_6,"['SNR: 6']"
5789-70653-0031_-14,"['SNR: -14']"
1455-134435-0058_5,"['SNR: 5']"
39-121914-0034_8,"['SNR: 8']"
322-124147-0009_7,"['SNR: 7']"
2416-152137-0031_-15,"['SNR: -15']"
163-122947-0035_-14,"['SNR: -14']"
27-124992-0054_7,"['SNR: 7']"
7794-295947-0030_6,"['SNR: 6']"
481-123720-0051_4,"['SNR: 4']"
6147-34606-0009_1,"['SNR: 1']"
4195-17507-0031_2,"['SNR: 2']"
441-128982-0017_9,"['SNR: 9']"
8630-305213-0044_0,"['SNR: 0']"
887-123289-0007_7,"['SNR: 7']"
4813-248641-0028_10,"['SNR: 10']"
163-122947-0037_-14,"['SNR: -14']"
5456-24741-0022_-2,"['SNR: -2']"
248-130697-0019_-6,"['SNR: -6']"
2952-410-0038_5,"['SNR: 5']"
412-126975-0029_-1,"['SNR: -1']"
1502-122615-0020_-4,"['SNR: -4']"
5390-30096-0001_-12,"['SNR: -12']"
911-128684-0036_-4,"['SNR: -4']"
2289-152258-0000_-3,"['SNR: -3']"
4014-186176-0008_-10,"['SNR: -10']"
3983-5331-0025_2,"['SNR: 2']"
3947-13260-0025_-10,"['SNR: -10']"
4441-76250-0034_10,"['SNR: 10']"
7511-102420-0050_5,"['SNR: 5']"
125-121124-0075_4,"['SNR: 4']"
3112-9555-0008_1,"['SNR: 1']"
405-130895-0013_8,"['SNR: 8']"
196-122150-0019_6,"['SNR: 6']"
7800-283493-0006_0,"['SNR: 0']"
229-130880-0016_-1,"['SNR: -1']"
2691-156745-0027_7,"['SNR: 7']"
6147-34606-0016_-12,"['SNR: -12']"
5104-33406-0050_-2,"['SNR: -2']"
118-121721-0003_-5,"['SNR: -5']"
8123-275209-0016_-4,"['SNR: -4']"
19-198-0010_2,"['SNR: 2']"
3436-172162-0049_9,"['SNR: 9']"
4406-16882-0065_7,"['SNR: 7']"
669-129074-0021_-2,"['SNR: -2']"
1963-142776-0030_8,"['SNR: 8']"
6385-34655-0027_-11,"['SNR: -11']"
5104-33407-0012_-14,"['SNR: -14']"
4481-17498-0022_-2,"['SNR: -2']"
4813-248638-0045_6,"['SNR: 6']"
1578-140049-0031_7,"['SNR: 7']"
8095-274346-0011_7,"['SNR: 7']"
5390-24512-0041_3,"['SNR: 3']"
7067-76047-0002_-8,"['SNR: -8']"
1841-159771-0018_0,"['SNR: 0']"
3699-47246-0011_-8,"['SNR: -8']"
8770-295462-0007_6,"['SNR: 6']"
196-122152-0016_8,"['SNR: 8']"
4160-11549-0015_9,"['SNR: 9']"
625-132112-0034_-9,"['SNR: -9']"
2989-138028-0017_-6,"['SNR: -6']"
6531-61334-0093_-10,"['SNR: -10']"
8095-274346-0034_-9,"['SNR: -9']"
7447-91187-0014_2,"['SNR: 2']"
7148-7763-0009_-12,"['SNR: -12']"
3242-67153-0036_0,"['SNR: 0']"
8063-274112-0013_9,"['SNR: 9']"
8312-279791-0040_0,"['SNR: 0']"
198-126831-0021_3,"['SNR: 3']"
7367-86737-0037_-12,"['SNR: -12']"
4640-19187-0029_1,"['SNR: 1']"
289-121652-0013_9,"['SNR: 9']"
8975-270782-0010_3,"['SNR: 3']"
6367-65536-0049_-2,"['SNR: -2']"
1898-145715-0018_-4,"['SNR: -4']"
302-123523-0005_1,"['SNR: 1']"
5022-29411-0053_1,"['SNR: 1']"
3879-174923-0062_7,"['SNR: 7']"
4014-186179-0006_-5,"['SNR: -5']"
3168-173564-0003_-1,"['SNR: -1']"
103-1240-0046_-1,"['SNR: -1']"
322-124147-0043_-2,"['SNR: -2']"
8630-305213-0054_-14,"['SNR: -14']"
2136-5143-0039_9,"['SNR: 9']"
8629-261140-0049_-7,"['SNR: -7']"
1963-142393-0028_2,"['SNR: 2']"
5678-43301-0008_-1,"['SNR: -1']"
201-122255-0020_6,"['SNR: 6']"
1363-135842-0041_-5,"['SNR: -5']"
1841-150351-0025_-1,"['SNR: -1']"
332-128985-0075_-14,"['SNR: -14']"
1081-125237-0086_-5,"['SNR: -5']"
2391-145015-0118_-15,"['SNR: -15']"
8312-279791-0049_1,"['SNR: 1']"
1455-138263-0055_10,"['SNR: 10']"
322-124147-0065_-12,"['SNR: -12']"
7505-258964-0008_-13,"['SNR: -13']"
8226-274371-0024_-15,"['SNR: -15']"
3440-171009-0039_8,"['SNR: 8']"
302-123504-0023_-1,"['SNR: -1']"
1624-142933-0007_-9,"['SNR: -9']"
1081-125237-0046_-15,"['SNR: -15']"
1183-128659-0014_-5,"['SNR: -5']"
3526-175658-0033_-14,"['SNR: -14']"
8051-118101-0017_-10,"['SNR: -10']"
3259-158083-0111_-3,"['SNR: -3']"
4813-248641-0019_-5,"['SNR: -5']"
2289-152258-0023_-9,"['SNR: -9']"
3879-173592-0023_-6,"['SNR: -6']"
5808-54425-0049_-6,"['SNR: -6']"
5778-54535-0038_5,"['SNR: 5']"
4640-19188-0004_7,"['SNR: 7']"
1867-148436-0032_-11,"['SNR: -11']"
669-129061-0006_-1,"['SNR: -1']"
1926-143879-0008_-11,"['SNR: -11']"
19-198-0013_-15,"['SNR: -15']"
307-127539-0020_-3,"['SNR: -3']"
302-123516-0029_2,"['SNR: 2']"
3168-173565-0044_-9,"['SNR: -9']"
4813-248638-0040_-5,"['SNR: -5']"
2002-139469-0004_-9,"['SNR: -9']"
250-142276-0001_-10,"['SNR: -10']"
2514-149482-0072_10,"['SNR: 10']"
4898-20016-0009_8,"['SNR: 8']"
374-180299-0008_1,"['SNR: 1']"
405-130894-0037_8,"['SNR: 8']"
8014-112602-0036_-13,"['SNR: -13']"
730-359-0008_9,"['SNR: 9']"
78-368-0034_6,"['SNR: 6']"
6818-68772-0000_2,"['SNR: 2']"
4267-78186-0000_10,"['SNR: 10']"
5322-7680-0004_7,"['SNR: 7']"
2384-152900-0037_-6,"['SNR: -6']"
1841-179183-0029_0,"['SNR: 0']"
696-93314-0044_8,"['SNR: 8']"
4088-158077-0090_-14,"['SNR: -14']"
2159-179154-0021_-12,"['SNR: -12']"
60-121082-0023_8,"['SNR: 8']"
1737-146161-0000_-13,"['SNR: -13']"
4362-15663-0053_-14,"['SNR: -14']"
196-122150-0028_-13,"['SNR: -13']"
26-496-0018_-11,"['SNR: -11']"
6529-62556-0042_5,"['SNR: 5']"
730-359-0029_5,"['SNR: 5']"
831-130739-0036_2,"['SNR: 2']"
6925-80680-0080_-14,"['SNR: -14']"
1263-141777-0036_2,"['SNR: 2']"
328-129766-0078_-12,"['SNR: -12']"
2817-142380-0000_10,"['SNR: 10']"
4859-22176-0018_-8,"['SNR: -8']"
60-121082-0089_-13,"['SNR: -13']"
250-142286-0021_2,"['SNR: 2']"
6818-68772-0046_-12,"['SNR: -12']"
3723-171631-0039_-14,"['SNR: -14']"
426-122822-0034_-14,"['SNR: -14']"
625-132112-0008_9,"['SNR: 9']"
254-12312-0021_1,"['SNR: 1']"
3983-5371-0000_-13,"['SNR: -13']"
5750-100289-0009_5,"['SNR: 5']"
6415-116629-0023_-9,"['SNR: -9']"
6563-285357-0009_-3,"['SNR: -3']"
2159-179156-0005_-13,"['SNR: -13']"
2159-179156-0027_3,"['SNR: 3']"
5688-41232-0041_7,"['SNR: 7']"
909-131041-0017_-12,"['SNR: -12']"
7148-59157-0000_-15,"['SNR: -15']"
150-126107-0024_-1,"['SNR: -1']"
5867-48852-0091_-4,"['SNR: -4']"
7178-34645-0006_-1,"['SNR: -1']"
8580-287364-0011_2,"['SNR: 2']"
26-495-0004_10,"['SNR: 10']"
229-130880-0046_-2,"['SNR: -2']"
2136-5147-0014_-9,"['SNR: -9']"
374-180299-0034_-7,"['SNR: -7']"
4267-287369-0031_7,"['SNR: 7']"
1081-125237-0015_8,"['SNR: 8']"
2910-131096-0082_-8,"['SNR: -8']"
3947-13260-0046_-4,"['SNR: -4']"
298-126791-0061_8,"['SNR: 8']"
7264-92316-0000_-9,"['SNR: -9']"
4088-158077-0079_5,"['SNR: 5']"
4481-17499-0015_-7,"['SNR: -7']"
150-126107-0001_0,"['SNR: 0']"
7635-105409-0051_-9,"['SNR: -9']"
1088-134318-0015_8,"['SNR: 8']"
5561-39621-0024_-3,"['SNR: -3']"
8226-274371-0034_-9,"['SNR: -9']"
3830-12530-0037_-10,"['SNR: -10']"
4267-287369-0001_-4,"['SNR: -4']"
4397-15668-0000_2,"['SNR: 2']"
4853-27670-0024_9,"['SNR: 9']"
8051-118101-0037_-4,"['SNR: -4']"
6019-3185-0037_-6,"['SNR: -6']"
403-128339-0034_-15,"['SNR: -15']"
696-92939-0018_2,"['SNR: 2']"
1737-142397-0015_6,"['SNR: 6']"
6081-42010-0033_-2,"['SNR: -2']"
1246-124548-0012_-4,"['SNR: -4']"
1743-142914-0000_-8,"['SNR: -8']"
426-122819-0033_-3,"['SNR: -3']"
8797-294123-0062_-14,"['SNR: -14']"
8063-274112-0037_2,"['SNR: 2']"
7517-100442-0033_10,"['SNR: 10']"
1624-168623-0016_2,"['SNR: 2']"
4018-103416-0018_9,"['SNR: 9']"
6415-116629-0031_-6,"['SNR: -6']"
201-127786-0029_-13,"['SNR: -13']"
6836-76549-0028_-2,"['SNR: -2']"
163-122947-0076_-1,"['SNR: -1']"
7794-295947-0007_5,"['SNR: 5']"
39-121916-0010_-1,"['SNR: -1']"
1447-17506-0004_-11,"['SNR: -11']"
6081-41997-0018_4,"['SNR: 4']"
587-41611-0027_3,"['SNR: 3']"
1081-128618-0005_1,"['SNR: 1']"
1447-130552-0016_-5,"['SNR: -5']"
1963-142776-0009_9,"['SNR: 9']"
8098-278278-0014_-14,"['SNR: -14']"
5561-39621-0003_-12,"['SNR: -12']"
587-54108-0037_7,"['SNR: 7']"
3440-171009-0069_6,"['SNR: 6']"
6848-76049-0035_-3,"['SNR: -3']"
2910-131096-0004_-7,"['SNR: -7']"
2911-7601-0047_9,"['SNR: 9']"
6531-61334-0101_2,"['SNR: 2']"
4137-11702-0050_-8,"['SNR: -8']"
7800-283492-0014_-9,"['SNR: -9']"
2893-139322-0007_-9,"['SNR: -9']"
8063-274116-0024_-3,"['SNR: -3']"
5456-62043-0002_-14,"['SNR: -14']"
4640-19189-0030_2,"['SNR: 2']"
5322-7678-0014_-13,"['SNR: -13']"
1447-130552-0007_-8,"['SNR: -8']"
7264-92316-0010_7,"['SNR: 7']"
5703-47212-0029_10,"['SNR: 10']"
150-132655-0020_-7,"['SNR: -7']"
125-121342-0000_-15,"['SNR: -15']"
4088-158077-0027_-7,"['SNR: -7']"
6081-41997-0000_3,"['SNR: 3']"
1737-142397-0006_-5,"['SNR: -5']"
8123-275216-0039_-14,"['SNR: -14']"
8123-275216-0010_5,"['SNR: 5']"
3982-178459-0002_-3,"['SNR: -3']"
1098-133695-0008_-8,"['SNR: -8']"
302-123523-0013_5,"['SNR: 5']"
696-93314-0040_10,"['SNR: 10']"
5463-39173-0003_9,"['SNR: 9']"
8051-118101-0035_9,"['SNR: 9']"
4362-15663-0005_5,"['SNR: 5']"
2910-131096-0003_4,"['SNR: 4']"
2764-36617-0020_8,"['SNR: 8']"
8312-279791-0014_10,"['SNR: 10']"
4297-13006-0021_4,"['SNR: 4']"
8747-293952-0104_8,"['SNR: 8']"
8770-295463-0005_-6,"['SNR: -6']"
1970-26100-0024_-2,"['SNR: -2']"
2989-138035-0042_2,"['SNR: 2']"
2989-138028-0066_-10,"['SNR: -10']"
1069-133709-0036_10,"['SNR: 10']"
426-122819-0024_-4,"['SNR: -4']"
1447-17506-0000_-7,"['SNR: -7']"
2416-152139-0049_4,"['SNR: 4']"
7302-86815-0025_6,"['SNR: 6']"
254-27760-0015_10,"['SNR: 10']"
405-130894-0018_-2,"['SNR: -2']"
7794-295947-0025_-2,"['SNR: -2']"
6064-300880-0021_0,"['SNR: 0']"
87-121553-0025_-8,"['SNR: -8']"
7264-92314-0000_-9,"['SNR: -9']"
3259-158083-0028_5,"['SNR: 5']"
7148-82991-0014_-11,"['SNR: -11']"
201-122255-0033_-6,"['SNR: -6']"
3857-182315-0015_0,"['SNR: 0']"
2436-2476-0007_-12,"['SNR: -12']"
8629-261139-0041_6,"['SNR: 6']"
5104-33406-0007_0,"['SNR: 0']"
7302-86815-0052_3,"['SNR: 3']"
374-180299-0046_-12,"['SNR: -12']"
5022-29405-0004_-15,"['SNR: -15']"
1235-135887-0021_-6,"['SNR: -6']"
3440-171006-0008_-5,"['SNR: -5']"
7367-86737-0088_-15,"['SNR: -15']"
8465-246943-0021_9,"['SNR: 9']"
2092-145709-0021_-10,"['SNR: -10']"
6147-34606-0034_3,"['SNR: 3']"
328-129766-0033_5,"['SNR: 5']"
7078-271888-0111_8,"['SNR: 8']"
1553-140048-0001_-7,"['SNR: -7']"
2416-152139-0016_-6,"['SNR: -6']"
1098-133695-0033_2,"['SNR: 2']"
5192-19396-0032_-14,"['SNR: -14']"
8063-274117-0032_8,"['SNR: 8']"
3983-5331-0036_-7,"['SNR: -7']"
1970-28415-0007_1,"['SNR: 1']"
78-369-0048_-13,"['SNR: -13']"
831-130746-0043_10,"['SNR: 10']"
4441-76263-0034_-6,"['SNR: -6']"
911-130578-0003_0,"['SNR: 0']"
6181-216552-0008_8,"['SNR: 8']"
8419-286676-0022_-11,"['SNR: -11']"
307-127535-0021_-12,"['SNR: -12']"
32-21631-0006_4,"['SNR: 4']"
226-122538-0034_6,"['SNR: 6']"
5652-39938-0031_-7,"['SNR: -7']"
4481-17498-0013_-15,"['SNR: -15']"
1970-10594-0043_-4,"['SNR: -4']"
403-128339-0020_-5,"['SNR: -5']"
60-121082-0094_1,"['SNR: 1']"
196-122159-0006_-4,"['SNR: -4']"
7794-295947-0011_-10,"['SNR: -10']"
1363-135842-0037_-3,"['SNR: -3']"
196-122150-0026_1,"['SNR: 1']"
3436-172171-0029_0,"['SNR: 0']"
60-121082-0056_-10,"['SNR: -10']"
8580-287364-0024_6,"['SNR: 6']"
8838-298546-0050_-3,"['SNR: -3']"
8630-305213-0023_10,"['SNR: 10']"
322-124146-0016_9,"['SNR: 9']"
4830-25904-0015_7,"['SNR: 7']"
3699-175950-0008_-8,"['SNR: -8']"
6476-57446-0024_-6,"['SNR: -6']"
4088-158077-0028_7,"['SNR: 7']"
426-122822-0015_-8,"['SNR: -8']"
6415-116629-0018_8,"['SNR: 8']"
5652-39938-0048_10,"['SNR: 10']"
839-130898-0093_4,"['SNR: 4']"
3699-19401-0025_-5,"['SNR: -5']"
625-132118-0021_3,"['SNR: 3']"
3807-4955-0012_1,"['SNR: 1']"
4160-11549-0026_0,"['SNR: 0']"
6078-54013-0043_-11,"['SNR: -11']"
6272-70191-0000_2,"['SNR: 2']"
103-1240-0002_-14,"['SNR: -14']"
60-121082-0085_1,"['SNR: 1']"
4898-20016-0033_-12,"['SNR: -12']"
7278-246956-0033_0,"['SNR: 0']"
2136-5147-0021_-5,"['SNR: -5']"
302-123523-0035_-4,"['SNR: -4']"
1992-141719-0017_-10,"['SNR: -10']"
2159-179154-0028_6,"['SNR: 6']"
1034-121119-0087_7,"['SNR: 7']"
5789-57158-0027_0,"['SNR: 0']"
2893-139310-0019_-12,"['SNR: -12']"
1088-134315-0051_-8,"['SNR: -8']"
5456-62043-0029_-5,"['SNR: -5']"
1867-154071-0018_-12,"['SNR: -12']"
307-127539-0021_-4,"['SNR: -4']"
1841-150351-0005_1,"['SNR: 1']"
8108-280359-0017_-15,"['SNR: -15']"
8098-278278-0018_-6,"['SNR: -6']"
6848-252323-0026_-5,"['SNR: -5']"
3436-172162-0048_1,"['SNR: 1']"
1502-122619-0080_5,"['SNR: 5']"
6019-3185-0079_1,"['SNR: 1']"
2416-152139-0032_5,"['SNR: 5']"
7190-90543-0013_-2,"['SNR: -2']"
403-216-0027_-5,"['SNR: -5']"
909-131044-0016_0,"['SNR: 0']"
1502-122619-0013_-1,"['SNR: -1']"
8629-261140-0014_-12,"['SNR: -12']"
1898-145720-0002_-4,"['SNR: -4']"
7278-91083-0041_-8,"['SNR: -8']"
8095-274346-0001_0,"['SNR: 0']"
125-121124-0011_10,"['SNR: 10']"
6925-80680-0040_4,"['SNR: 4']"
7059-77900-0007_-8,"['SNR: -8']"
2893-139322-0019_-14,"['SNR: -14']"
2514-149482-0032_0,"['SNR: 0']"
7794-295947-0026_-14,"['SNR: -14']"
8123-275209-0032_7,"['SNR: 7']"
8063-274116-0023_-11,"['SNR: -11']"
7278-246956-0022_1,"['SNR: 1']"
7113-86041-0074_-1,"['SNR: -1']"
6147-34607-0018_-9,"['SNR: -9']"
163-122947-0040_4,"['SNR: 4']"
5652-39938-0056_-5,"['SNR: -5']"
3242-8112-0029_-11,"['SNR: -11']"
322-124147-0024_9,"['SNR: 9']"
2436-2476-0031_-12,"['SNR: -12']"
2002-139469-0045_-1,"['SNR: -1']"
5463-39173-0057_3,"['SNR: 3']"
8063-274115-0033_6,"['SNR: 6']"
6818-76332-0027_5,"['SNR: 5']"
730-360-0035_-12,"['SNR: -12']"
118-124588-0006_-6,"['SNR: -6']"
39-121914-0003_8,"['SNR: 8']"
8051-118101-0032_10,"['SNR: 10']"
27-124992-0046_-5,"['SNR: -5']"
1594-135914-0027_-9,"['SNR: -9']"
625-132118-0050_-15,"['SNR: -15']"
7078-271888-0099_9,"['SNR: 9']"
460-172359-0013_3,"['SNR: 3']"
730-360-0023_6,"['SNR: 6']"
1081-125237-0102_3,"['SNR: 3']"
60-121082-0080_-6,"['SNR: -6']"
6181-216552-0015_10,"['SNR: 10']"
3259-158083-0051_9,"['SNR: 9']"
446-123501-0011_0,"['SNR: 0']"
211-122425-0000_2,"['SNR: 2']"
3526-175658-0032_-6,"['SNR: -6']"
2764-36616-0005_-10,"['SNR: -10']"
5652-19215-0034_-1,"['SNR: -1']"
587-41611-0003_4,"['SNR: 4']"
2136-5140-0005_1,"['SNR: 1']"
7780-274562-0098_-1,"['SNR: -1']"
60-121082-0087_-5,"['SNR: -5']"
7264-92314-0022_-10,"['SNR: -10']"
1992-141719-0051_5,"['SNR: 5']"
6209-34600-0016_-5,"['SNR: -5']"
4340-15220-0033_-3,"['SNR: -3']"
6476-57446-0051_-14,"['SNR: -14']"
3259-158083-0027_8,"['SNR: 8']"
39-121915-0004_-4,"['SNR: -4']"
250-142286-0009_-13,"['SNR: -13']"
7402-59171-0017_0,"['SNR: 0']"
8770-295462-0031_-15,"['SNR: -15']"
458-126305-0041_4,"['SNR: 4']"
2136-5140-0018_3,"['SNR: 3']"
311-124404-0109_-15,"['SNR: -15']"
2910-131096-0016_10,"['SNR: 10']"
3436-172171-0002_6,"['SNR: 6']"
1455-134435-0048_-4,"['SNR: -4']"
405-130894-0052_3,"['SNR: 3']"
8312-279791-0032_-7,"['SNR: -7']"
3699-175950-0015_-14,"['SNR: -14']"
4340-15220-0042_-4,"['SNR: -4']"
5561-39621-0006_5,"['SNR: 5']"
1723-141149-0024_2,"['SNR: 2']"
8312-279790-0048_-1,"['SNR: -1']"
3879-173592-0006_-15,"['SNR: -15']"
4267-72637-0005_-14,"['SNR: -14']"
5104-33406-0052_3,"['SNR: 3']"
7367-86737-0009_-6,"['SNR: -6']"
5104-33407-0016_-12,"['SNR: -12']"
4680-16042-0017_2,"['SNR: 2']"
1743-142914-0027_-6,"['SNR: -6']"
8975-270782-0028_-5,"['SNR: -5']"
4051-11217-0016_-6,"['SNR: -6']"
6078-54013-0024_-6,"['SNR: -6']"
1069-133709-0047_-9,"['SNR: -9']"
2817-142380-0026_-11,"['SNR: -11']"
6880-216547-0039_1,"['SNR: 1']"
78-369-0051_-1,"['SNR: -1']"
3436-172162-0047_-14,"['SNR: -14']"
8747-293952-0017_-5,"['SNR: -5']"
226-122538-0015_-13,"['SNR: -13']"
211-122442-0081_3,"['SNR: 3']"
40-222-0033_9,"['SNR: 9']"
5514-19193-0003_-3,"['SNR: -3']"
6081-41998-0001_-11,"['SNR: -11']"
5703-47212-0044_-7,"['SNR: -7']"
6836-76549-0010_5,"['SNR: 5']"
4406-16882-0046_-10,"['SNR: -10']"
909-131045-0040_8,"['SNR: 8']"
6181-216552-0038_1,"['SNR: 1']"
248-130697-0031_1,"['SNR: 1']"
2182-181183-0023_9,"['SNR: 9']"
8419-293473-0005_-2,"['SNR: -2']"
4397-15666-0019_2,"['SNR: 2']"
32-4137-0015_-12,"['SNR: -12']"
5652-39938-0026_5,"['SNR: 5']"
5750-100289-0022_-13,"['SNR: -13']"
5390-30096-0002_0,"['SNR: 0']"
460-172359-0008_-6,"['SNR: -6']"
2836-5354-0003_6,"['SNR: 6']"
211-122425-0026_-5,"['SNR: -5']"
1737-142397-0009_-8,"['SNR: -8']"
1578-140049-0032_10,"['SNR: 10']"
8465-246940-0020_-3,"['SNR: -3']"
7367-86737-0087_-3,"['SNR: -3']"
3947-13262-0024_6,"['SNR: 6']"
446-123502-0018_8,"['SNR: 8']"
7794-295955-0023_-6,"['SNR: -6']"
3857-182317-0020_-9,"['SNR: -9']"
254-127705-0031_-10,"['SNR: -10']"
1455-138263-0022_-14,"['SNR: -14']"
4018-107338-0026_2,"['SNR: 2']"
412-126975-0094_5,"['SNR: 5']"
8238-274553-0059_4,"['SNR: 4']"
625-132118-0041_-8,"['SNR: -8']"
2893-139310-0002_10,"['SNR: 10']"
2159-179157-0001_-4,"['SNR: -4']"
4853-27671-0039_-2,"['SNR: -2']"
5463-39173-0026_-9,"['SNR: -9']"
7447-91187-0012_-15,"['SNR: -15']"
78-369-0009_-2,"['SNR: -2']"
7059-77897-0030_-4,"['SNR: -4']"
5867-48852-0082_9,"['SNR: 9']"
8629-261139-0022_1,"['SNR: 1']"
1263-138246-0021_6,"['SNR: 6']"
5104-33406-0003_-14,"['SNR: -14']"
1447-17506-0003_1,"['SNR: 1']"
2136-5143-0024_9,"['SNR: 9']"
8063-274112-0017_-9,"['SNR: -9']"
7447-91187-0024_1,"['SNR: 1']"
2159-179154-0023_-9,"['SNR: -9']"
3112-9555-0070_2,"['SNR: 2']"
307-127540-0012_-7,"['SNR: -7']"
229-130880-0062_-9,"['SNR: -9']"
1963-147036-0030_-11,"['SNR: -11']"
4160-11550-0027_2,"['SNR: 2']"
839-130898-0008_9,"['SNR: 9']"
2196-170379-0000_10,"['SNR: 10']"
5789-57195-0006_3,"['SNR: 3']"
4267-72637-0013_0,"['SNR: 0']"
6529-62554-0055_-4,"['SNR: -4']"
307-127540-0015_3,"['SNR: 3']"
3235-28433-0046_2,"['SNR: 2']"
7511-102419-0019_3,"['SNR: 3']"
211-122425-0043_-9,"['SNR: -9']"
2384-152900-0038_2,"['SNR: 2']"
3235-28433-0038_-3,"['SNR: -3']"
4481-17498-0021_-10,"['SNR: -10']"
2196-170151-0006_1,"['SNR: 1']"
2196-174172-0000_-1,"['SNR: -1']"
163-122947-0055_-15,"['SNR: -15']"
909-131044-0029_-7,"['SNR: -7']"
3235-28433-0010_-7,"['SNR: -7']"
5463-39173-0013_-8,"['SNR: -8']"
8747-293952-0087_3,"['SNR: 3']"
2764-36617-0003_-4,"['SNR: -4']"
831-130739-0007_5,"['SNR: 5']"
8425-292520-0009_2,"['SNR: 2']"
26-496-0002_-4,"['SNR: -4']"
332-128985-0059_10,"['SNR: 10']"
911-128684-0002_-2,"['SNR: -2']"
6078-54013-0029_8,"['SNR: 8']"
6415-111615-0037_2,"['SNR: 2']"
6880-216547-0105_5,"['SNR: 5']"
5022-29411-0056_-15,"['SNR: -15']"
426-122822-0016_-6,"['SNR: -6']"
3857-182315-0028_-10,"['SNR: -10']"
1553-140048-0015_3,"['SNR: 3']"
8838-298545-0019_9,"['SNR: 9']"
2893-139310-0034_-5,"['SNR: -5']"
8108-280354-0008_-1,"['SNR: -1']"
4441-76250-0001_6,"['SNR: 6']"
1263-138246-0027_-3,"['SNR: -3']"
78-369-0005_4,"['SNR: 4']"
248-130644-0002_-1,"['SNR: -1']"
8770-295465-0036_0,"['SNR: 0']"
6415-111615-0032_-4,"['SNR: -4']"
2843-152918-0071_1,"['SNR: 1']"
1235-135887-0028_2,"['SNR: 2']"
302-123523-0007_10,"['SNR: 10']"
2764-36616-0010_3,"['SNR: 3']"
2391-145015-0079_-14,"['SNR: -14']"
5463-39173-0007_1,"['SNR: 1']"
6385-34669-0031_-4,"['SNR: -4']"
7312-92432-0012_7,"['SNR: 7']"
3879-173592-0028_0,"['SNR: 0']"
60-121082-0016_-14,"['SNR: -14']"
7800-283478-0005_-14,"['SNR: -14']"
7635-105661-0049_-3,"['SNR: -3']"
7278-246956-0012_-1,"['SNR: -1']"
1970-26100-0003_-1,"['SNR: -1']"
2092-145706-0052_-8,"['SNR: -8']"
1963-147036-0026_-4,"['SNR: -4']"
4014-186179-0018_8,"['SNR: 8']"
458-126290-0018_-15,"['SNR: -15']"
6147-34606-0014_-14,"['SNR: -14']"
7190-90542-0062_9,"['SNR: 9']"
201-127786-0023_3,"['SNR: 3']"
1069-133709-0028_-6,"['SNR: -6']"
1502-122615-0003_2,"['SNR: 2']"
226-122538-0013_-1,"['SNR: -1']"
5561-41616-0009_-3,"['SNR: -3']"
5456-62043-0014_8,"['SNR: 8']"
2893-139322-0044_0,"['SNR: 0']"
4340-15220-0048_-12,"['SNR: -12']"
4680-16026-0015_-2,"['SNR: -2']"
403-128339-0036_-2,"['SNR: -2']"
7447-91187-0039_-12,"['SNR: -12']"
5688-41232-0024_-15,"['SNR: -15']"
7278-91083-0030_10,"['SNR: 10']"
307-127540-0013_-13,"['SNR: -13']"
332-128985-0013_0,"['SNR: 0']"
7511-102419-0047_-13,"['SNR: -13']"
625-132118-0047_4,"['SNR: 4']"
5463-39173-0000_-2,"['SNR: -2']"
7148-59157-0034_1,"['SNR: 1']"
625-132118-0026_-15,"['SNR: -15']"
4051-10927-0025_10,"['SNR: 10']"
4297-13009-0034_-1,"['SNR: -1']"
4195-186238-0005_-7,"['SNR: -7']"
322-124146-0010_-1,"['SNR: -1']"
8108-274318-0024_1,"['SNR: 1']"
2911-12359-0019_-4,"['SNR: -4']"
1081-125237-0002_4,"['SNR: 4']"
8580-287363-0025_-10,"['SNR: -10']"
4680-16042-0025_7,"['SNR: 7']"
1088-134318-0010_-11,"['SNR: -11']"
4859-26870-0004_3,"['SNR: 3']"
5561-41615-0020_1,"['SNR: 1']"
481-123720-0007_-14,"['SNR: -14']"
6019-3185-0043_-5,"['SNR: -5']"
5808-54425-0056_-15,"['SNR: -15']"
2514-149482-0035_8,"['SNR: 8']"
1098-133695-0013_10,"['SNR: 10']"
6880-216547-0054_2,"['SNR: 2']"
1841-150351-0021_-5,"['SNR: -5']"
39-121914-0008_-3,"['SNR: -3']"
3486-166446-0034_-13,"['SNR: -13']"
2911-15084-0013_2,"['SNR: 2']"
2416-152139-0006_10,"['SNR: 10']"
233-155990-0031_-7,"['SNR: -7']"
1841-179183-0036_-9,"['SNR: -9']"
1034-121119-0084_10,"['SNR: 10']"
405-130894-0017_-9,"['SNR: -9']"
6081-41998-0042_-6,"['SNR: -6']"
198-126831-0028_-13,"['SNR: -13']"
7859-102521-0000_-8,"['SNR: -8']"
2391-145015-0086_-9,"['SNR: -9']"
89-218-0012_1,"['SNR: 1']"
6064-56165-0000_-5,"['SNR: -5']"
446-123502-0049_-4,"['SNR: -4']"
3374-298026-0046_-12,"['SNR: -12']"
5808-54425-0030_5,"['SNR: 5']"
3699-175950-0009_2,"['SNR: 2']"
3374-298025-0027_-13,"['SNR: -13']"
6209-34600-0007_3,"['SNR: 3']"
6385-34655-0020_-8,"['SNR: -8']"
8014-112602-0035_-4,"['SNR: -4']"
6078-54013-0058_8,"['SNR: 8']"
7190-90542-0036_7,"['SNR: 7']"
6181-216552-0090_3,"['SNR: 3']"
7859-102521-0008_-4,"['SNR: -4']"
5163-39921-0022_0,"['SNR: 0']"
4853-27671-0037_-10,"['SNR: -10']"
7367-86737-0038_-7,"['SNR: -7']"
2514-149482-0043_10,"['SNR: 10']"
5049-25947-0066_-13,"['SNR: -13']"
1867-154071-0033_-3,"['SNR: -3']"
2836-5354-0021_0,"['SNR: 0']"
6848-252323-0038_-15,"['SNR: -15']"
2384-152900-0043_-15,"['SNR: -15']"
5163-39921-0054_-4,"['SNR: -4']"
5390-24512-0013_-8,"['SNR: -8']"
1963-147036-0007_-8,"['SNR: -8']"
1578-140045-0021_-2,"['SNR: -2']"
3240-131232-0019_-3,"['SNR: -3']"
3235-28433-0042_-2,"['SNR: -2']"
3857-182317-0000_-3,"['SNR: -3']"
3526-175658-0026_5,"['SNR: 5']"
8465-246947-0006_-14,"['SNR: -14']"
625-132118-0013_4,"['SNR: 4']"
2391-145015-0108_-1,"['SNR: -1']"
1447-130552-0000_-7,"['SNR: -7']"
8312-279790-0026_-10,"['SNR: -10']"
7635-105409-0036_7,"['SNR: 7']"
4214-7146-0080_-6,"['SNR: -6']"
7505-258958-0021_-5,"['SNR: -5']"
8770-295465-0038_-2,"['SNR: -2']"
1578-6379-0014_9,"['SNR: 9']"
2002-139469-0106_9,"['SNR: 9']"
254-127705-0030_4,"['SNR: 4']"
1963-142393-0053_-2,"['SNR: -2']"
250-142276-0022_6,"['SNR: 6']"
26-496-0003_-3,"['SNR: -3']"
7794-295947-0000_1,"['SNR: 1']"
6454-120342-0030_-1,"['SNR: -1']"
5688-15787-0041_-1,"['SNR: -1']"
250-142286-0004_-4,"['SNR: -4']"
7447-91186-0033_-5,"['SNR: -5']"
4018-103416-0022_-5,"['SNR: -5']"
2416-152137-0002_7,"['SNR: 7']"
198-129977-0026_-5,"['SNR: -5']"
1624-168623-0029_6,"['SNR: 6']"
1723-141149-0006_-8,"['SNR: -8']"
1594-135914-0079_-12,"['SNR: -12']"
8425-246962-0030_-13,"['SNR: -13']"
7800-283492-0015_6,"['SNR: 6']"
3723-171115-0023_-7,"['SNR: -7']"
5463-39174-0021_-11,"['SNR: -11']"
374-180299-0021_1,"['SNR: 1']"
2514-149482-0100_-4,"['SNR: -4']"
4481-17498-0040_9,"['SNR: 9']"
3440-171009-0073_-6,"['SNR: -6']"
87-121553-0055_-7,"['SNR: -7']"
8797-294123-0100_3,"['SNR: 3']"
118-47824-0046_-9,"['SNR: -9']"
5678-43301-0020_5,"['SNR: 5']"
8324-286682-0006_-8,"['SNR: -8']"
7800-283478-0018_-2,"['SNR: -2']"
4898-20016-0035_1,"['SNR: 1']"
3168-173564-0001_1,"['SNR: 1']"
4898-20016-0040_6,"['SNR: 6']"
4406-16882-0022_5,"['SNR: 5']"
8630-305212-0006_-9,"['SNR: -9']"
8609-262281-0000_1,"['SNR: 1']"
426-122822-0035_-13,"['SNR: -13']"
8063-274115-0010_-7,"['SNR: -7']"
4640-19188-0031_-1,"['SNR: -1']"
5049-25947-0048_-10,"['SNR: -10']"
6064-300880-0025_4,"['SNR: 4']"
405-130895-0024_-7,"['SNR: -7']"
669-129061-0012_5,"['SNR: 5']"
250-142276-0059_-11,"['SNR: -11']"
8630-305213-0005_-10,"['SNR: -10']"
6078-54007-0013_3,"['SNR: 3']"
1841-159771-0019_4,"['SNR: 4']"
3168-173565-0008_-12,"['SNR: -12']"
2514-149482-0033_-8,"['SNR: -8']"
4214-7146-0056_3,"['SNR: 3']"
248-130644-0031_-7,"['SNR: -7']"
7447-91187-0044_0,"['SNR: 0']"
2836-5354-0031_0,"['SNR: 0']"
1926-147979-0046_2,"['SNR: 2']"
4406-16883-0043_-13,"['SNR: -13']"
374-180299-0022_-5,"['SNR: -5']"
1502-122619-0036_4,"['SNR: 4']"
8797-294123-0022_-1,"['SNR: -1']"
8063-274112-0026_-6,"['SNR: -6']"
1235-135884-0005_-11,"['SNR: -11']"
6064-56168-0023_-5,"['SNR: -5']"
4018-103416-0020_4,"['SNR: 4']"
6000-55211-0056_-8,"['SNR: -8']"
3440-171009-0077_-5,"['SNR: -5']"
125-121342-0017_0,"['SNR: 0']"
2136-5140-0013_-9,"['SNR: -9']"
2391-145015-0094_-9,"['SNR: -9']"
4160-11549-0003_-14,"['SNR: -14']"
3723-171631-0006_-6,"['SNR: -6']"
5163-18515-0001_-1,"['SNR: -1']"
3807-4923-0047_10,"['SNR: 10']"
201-127786-0002_-2,"['SNR: -2']"
7302-86815-0019_-2,"['SNR: -2']"
2092-145706-0072_-13,"['SNR: -13']"
248-130644-0012_-7,"['SNR: -7']"
7226-86965-0030_-3,"['SNR: -3']"
8063-274112-0038_-2,"['SNR: -2']"
40-222-0049_5,"['SNR: 5']"
87-121553-0001_-4,"['SNR: -4']"
4853-27671-0013_-8,"['SNR: -8']"
1263-138246-0035_-4,"['SNR: -4']"
6000-86686-0004_7,"['SNR: 7']"
7190-90542-0055_-1,"['SNR: -1']"
4680-16041-0001_-14,"['SNR: -14']"
302-123516-0005_-9,"['SNR: -9']"
4088-158077-0067_-9,"['SNR: -9']"
3982-182255-0039_-8,"['SNR: -8']"
1081-125237-0107_9,"['SNR: 9']"
8324-286682-0034_-8,"['SNR: -8']"
6476-96661-0025_-12,"['SNR: -12']"
8226-274369-0043_-15,"['SNR: -15']"
87-121553-0028_-10,"['SNR: -10']"
458-126290-0013_4,"['SNR: 4']"
2817-142380-0008_-9,"['SNR: -9']"
4014-186183-0020_6,"['SNR: 6']"
6078-54007-0042_6,"['SNR: 6']"
4051-10927-0020_10,"['SNR: 10']"
1926-147979-0005_-14,"['SNR: -14']"
32-21634-0016_-15,"['SNR: -15']"
5393-19219-0035_6,"['SNR: 6']"
311-124404-0015_-7,"['SNR: -7']"
5049-25947-0087_-14,"['SNR: -14']"
1737-142397-0023_-1,"['SNR: -1']"
8123-275193-0011_3,"['SNR: 3']"
460-172359-0003_2,"['SNR: 2']"
4195-186238-0002_3,"['SNR: 3']"
3259-158083-0032_1,"['SNR: 1']"
229-130880-0081_9,"['SNR: 9']"
6367-65536-0024_-1,"['SNR: -1']"
2843-152918-0011_-2,"['SNR: -2']"
2092-145706-0069_-12,"['SNR: -12']"
7511-102419-0015_-1,"['SNR: -1']"
7264-92310-0024_-14,"['SNR: -14']"
1502-122619-0018_-7,"['SNR: -7']"
1363-135842-0036_-12,"['SNR: -12']"
7302-86814-0048_-5,"['SNR: -5']"
3664-11714-0019_0,"['SNR: 0']"
3983-5331-0026_-12,"['SNR: -12']"
6476-57446-0028_-13,"['SNR: -13']"
8609-262281-0035_-4,"['SNR: -4']"
8609-283227-0035_8,"['SNR: 8']"
7190-90542-0020_-13,"['SNR: -13']"
5339-14134-0046_-13,"['SNR: -13']"
6563-63821-0024_1,"['SNR: 1']"
5561-41615-0000_5,"['SNR: 5']"
441-130108-0010_-3,"['SNR: -3']"
254-12312-0013_5,"['SNR: 5']"
1081-125237-0043_8,"['SNR: 8']"
248-130644-0024_-3,"['SNR: -3']"
4160-11549-0013_-5,"['SNR: -5']"
4830-25898-0037_-7,"['SNR: -7']"
3112-9555-0072_1,"['SNR: 1']"
4813-248638-0020_4,"['SNR: 4']"
5867-48852-0108_4,"['SNR: 4']"
2817-142371-0007_10,"['SNR: 10']"
2182-181183-0022_-10,"['SNR: -10']"
4267-287369-0030_8,"['SNR: 8']"
4340-15220-0023_8,"['SNR: 8']"
3374-298026-0041_-9,"['SNR: -9']"
118-124588-0011_4,"['SNR: 4']"
3807-4955-0011_6,"['SNR: 6']"
4018-107312-0016_-9,"['SNR: -9']"
6064-56168-0029_-14,"['SNR: -14']"
5393-19218-0048_-3,"['SNR: -3']"
6019-3185-0092_3,"['SNR: 3']"
1578-6379-0030_3,"['SNR: 3']"
8580-287364-0016_1,"['SNR: 1']"
6272-70171-0023_7,"['SNR: 7']"
3374-298026-0045_-12,"['SNR: -12']"
3440-171009-0038_9,"['SNR: 9']"
3699-19402-0020_-1,"['SNR: -1']"
8425-292520-0022_-14,"['SNR: -14']"
441-128982-0033_10,"['SNR: 10']"
2952-410-0040_-15,"['SNR: -15']"
6848-252322-0009_-4,"['SNR: -4']"
7447-91187-0018_-9,"['SNR: -9']"
5514-19193-0014_6,"['SNR: 6']"
1355-39947-0053_-15,"['SNR: -15']"
6147-34606-0006_-4,"['SNR: -4']"
7178-34644-0025_-14,"['SNR: -14']"
5808-54425-0024_10,"['SNR: 10']"
669-129061-0013_-14,"['SNR: -14']"
87-121553-0012_9,"['SNR: 9']"
6454-107462-0002_7,"['SNR: 7']"
211-122425-0073_9,"['SNR: 9']"
4859-22176-0016_-13,"['SNR: -13']"
1246-124548-0044_7,"['SNR: 7']"
8468-295198-0016_-7,"['SNR: -7']"
460-172359-0079_-10,"['SNR: -10']"
7635-105409-0040_9,"['SNR: 9']"
103-1241-0034_-8,"['SNR: -8']"
460-172357-0016_-7,"['SNR: -7']"
2289-152257-0014_-3,"['SNR: -3']"
8324-286682-0036_0,"['SNR: 0']"
7278-91083-0004_-8,"['SNR: -8']"
7178-34644-0056_-1,"['SNR: -1']"
1553-140048-0026_1,"['SNR: 1']"
2514-149482-0047_5,"['SNR: 5']"
103-1240-0000_-8,"['SNR: -8']"
6563-63821-0026_-2,"['SNR: -2']"
5339-14134-0030_1,"['SNR: 1']"
6531-61334-0029_-15,"['SNR: -15']"
83-11691-0002_-2,"['SNR: -2']"
3112-9555-0003_-4,"['SNR: -4']"
4441-76262-0001_7,"['SNR: 7']"
289-121652-0003_1,"['SNR: 1']"
2989-138035-0039_10,"['SNR: 10']"
4441-76262-0006_4,"['SNR: 4']"
3983-5331-0019_5,"['SNR: 5']"
1737-148989-0006_-9,"['SNR: -9']"
8630-305212-0033_2,"['SNR: 2']"
7178-34644-0048_-7,"['SNR: -7']"
7517-100442-0009_-4,"['SNR: -4']"
1235-135883-0006_-1,"['SNR: -1']"
3440-171009-0080_-1,"['SNR: -1']"
6147-34606-0028_6,"['SNR: 6']"
6818-76332-0019_7,"['SNR: 7']"
8580-287364-0017_-3,"['SNR: -3']"
7402-90848-0058_-1,"['SNR: -1']"
5561-41616-0011_-14,"['SNR: -14']"
8088-284756-0065_10,"['SNR: 10']"
2843-152918-0113_-1,"['SNR: -1']"
8609-262281-0022_0,"['SNR: 0']"
1081-125237-0067_-2,"['SNR: -2']"
7178-34645-0019_-5,"['SNR: -5']"
2514-149482-0075_1,"['SNR: 1']"
8063-274112-0024_9,"['SNR: 9']"
1246-124550-0010_-3,"['SNR: -3']"
445-123857-0020_-1,"['SNR: -1']"
226-131532-0022_-5,"['SNR: -5']"
1594-135914-0082_-15,"['SNR: -15']"
2893-139322-0018_-11,"['SNR: -11']"
5022-29405-0026_-12,"['SNR: -12']"
696-93314-0029_-8,"['SNR: -8']"
4340-15220-0059_-11,"['SNR: -11']"
8975-270782-0030_-6,"['SNR: -6']"
4830-25904-0042_-6,"['SNR: -6']"
8063-274115-0034_-11,"['SNR: -11']"
8797-294123-0078_9,"['SNR: 9']"
1502-122615-0009_-10,"['SNR: -10']"
5808-54425-0048_-15,"['SNR: -15']"
8238-274553-0058_-2,"['SNR: -2']"
730-360-0001_-9,"['SNR: -9']"
6415-116629-0017_-9,"['SNR: -9']"
7302-86814-0029_-15,"['SNR: -15']"
8609-283227-0049_3,"['SNR: 3']"
8095-274345-0034_9,"['SNR: 9']"
3242-67153-0023_-14,"['SNR: -14']"
8088-284756-0054_8,"['SNR: 8']"
211-122442-0055_-11,"['SNR: -11']"
6019-3185-0064_0,"['SNR: 0']"
6437-66172-0042_-7,"['SNR: -7']"
103-1241-0002_-14,"['SNR: -14']"
4397-15678-0025_3,"['SNR: 3']"
6531-61334-0033_-12,"['SNR: -12']"
1594-135914-0007_-11,"['SNR: -11']"
26-496-0010_1,"['SNR: 1']"
6925-80680-0060_5,"['SNR: 5']"
2416-152137-0024_-7,"['SNR: -7']"
8108-280359-0018_-15,"['SNR: -15']"
446-123502-0030_-12,"['SNR: -12']"
831-130746-0009_-2,"['SNR: -2']"
1926-147979-0013_-8,"['SNR: -8']"
8312-279791-0002_-9,"['SNR: -9']"
3440-171006-0029_-10,"['SNR: -10']"
5463-39174-0003_4,"['SNR: 4']"
1553-140047-0044_-13,"['SNR: -13']"
32-21631-0018_-5,"['SNR: -5']"
4297-13006-0010_7,"['SNR: 7']"
839-130898-0069_10,"['SNR: 10']"
2002-139469-0034_-6,"['SNR: -6']"
7059-77900-0038_-5,"['SNR: -5']"
3699-47246-0030_-1,"['SNR: -1']"
2836-5354-0051_-13,"['SNR: -13']"
1040-133433-0069_-6,"['SNR: -6']"
587-41619-0009_10,"['SNR: 10']"
5163-18515-0021_-5,"['SNR: -5']"
6437-66172-0010_0,"['SNR: 0']"
1334-135589-0027_6,"['SNR: 6']"
302-123504-0032_-1,"['SNR: -1']"
2952-410-0043_0,"['SNR: 0']"
1081-125237-0074_4,"['SNR: 4']"
8063-274112-0029_5,"['SNR: 5']"
8123-275209-0019_2,"['SNR: 2']"
7780-274562-0081_-13,"['SNR: -13']"
6272-70191-0006_-14,"['SNR: -14']"
87-121553-0010_6,"['SNR: 6']"
6272-70171-0037_-3,"['SNR: -3']"
2893-139310-0037_3,"['SNR: 3']"
8630-305213-0000_-9,"['SNR: -9']"
2952-410-0016_7,"['SNR: 7']"
4680-16042-0016_2,"['SNR: 2']"
7511-102420-0010_-2,"['SNR: -2']"
6454-107462-0021_-7,"['SNR: -7']"
4898-20016-0024_0,"['SNR: 0']"
1040-133433-0052_-15,"['SNR: -15']"
8312-279790-0037_0,"['SNR: 0']"
3168-173565-0061_5,"['SNR: 5']"
7859-102518-0030_5,"['SNR: 5']"
4267-78186-0005_-5,"['SNR: -5']"
8312-279790-0045_4,"['SNR: 4']"
3982-178459-0033_1,"['SNR: 1']"
1363-135842-0051_-2,"['SNR: -2']"
7264-92316-0039_7,"['SNR: 7']"
5463-39174-0049_2,"['SNR: 2']"
7511-102419-0054_6,"['SNR: 6']"
254-145458-0009_-12,"['SNR: -12']"
1355-39947-0051_2,"['SNR: 2']"
2416-152137-0033_4,"['SNR: 4']"
2002-139469-0100_4,"['SNR: 4']"
2289-152257-0020_-8,"['SNR: -8']"
3242-8112-0007_-5,"['SNR: -5']"
6081-41998-0002_9,"['SNR: 9']"
211-122442-0002_-7,"['SNR: -7']"
4014-186175-0020_5,"['SNR: 5']"
7148-59157-0029_0,"['SNR: 0']"
7278-104730-0004_-6,"['SNR: -6']"
6209-34600-0020_4,"['SNR: 4']"
4137-11701-0047_-15,"['SNR: -15']"
1040-133433-0079_5,"['SNR: 5']"
5688-41232-0044_4,"['SNR: 4']"
8770-295465-0024_-3,"['SNR: -3']"
3664-11714-0005_1,"['SNR: 1']"
2893-139322-0047_2,"['SNR: 2']"
5456-24741-0005_9,"['SNR: 9']"
1455-138263-0007_10,"['SNR: 10']"
1263-138246-0030_-8,"['SNR: -8']"
5678-43302-0012_5,"['SNR: 5']"
7067-76048-0042_7,"['SNR: 7']"
5393-19219-0014_2,"['SNR: 2']"
3112-9555-0069_10,"['SNR: 10']"
5789-57158-0000_-9,"['SNR: -9']"
8419-293469-0000_-7,"['SNR: -7']"
6000-86686-0009_-15,"['SNR: -15']"
5688-15787-0040_-5,"['SNR: -5']"
1963-142776-0004_-10,"['SNR: -10']"
2764-36616-0036_5,"['SNR: 5']"
5322-7678-0008_-9,"['SNR: -9']"
8629-261140-0015_-12,"['SNR: -12']"
2817-142371-0032_1,"['SNR: 1']"
8098-275181-0032_-5,"['SNR: -5']"
1246-124550-0017_-12,"['SNR: -12']"
441-130108-0000_1,"['SNR: 1']"
7178-34645-0017_0,"['SNR: 0']"
6529-62556-0004_-3,"['SNR: -3']"
4018-107338-0004_-11,"['SNR: -11']"
6454-120342-0026_-11,"['SNR: -11']"
1363-135842-0019_6,"['SNR: 6']"
405-130894-0077_4,"['SNR: 4']"
441-128982-0014_3,"['SNR: 3']"
8975-270782-0043_-4,"['SNR: -4']"
3240-131231-0022_1,"['SNR: 1']"
4680-16026-0017_5,"['SNR: 5']"
1970-28415-0028_-10,"['SNR: -10']"
8226-274369-0009_-10,"['SNR: -10']"
298-126791-0050_-10,"['SNR: -10']"
198-126831-0020_-6,"['SNR: -6']"
27-124992-0061_3,"['SNR: 3']"
7302-86814-0042_10,"['SNR: 10']"
226-131532-0009_1,"['SNR: 1']"
211-122442-0026_-8,"['SNR: -8']"
5808-54425-0010_7,"['SNR: 7']"
4640-19189-0008_10,"['SNR: 10']"
5022-29411-0045_10,"['SNR: 10']"
8312-279790-0047_-10,"['SNR: -10']"
4406-16882-0001_8,"['SNR: 8']"
2691-156745-0031_-2,"['SNR: -2']"
7178-34644-0065_7,"['SNR: 7']"
8226-274371-0020_-13,"['SNR: -13']"
8098-278278-0036_0,"['SNR: 0']"
2196-174172-0039_7,"['SNR: 7']"
5104-33407-0049_-11,"['SNR: -11']"
3235-28433-0039_-14,"['SNR: -14']"
6019-3185-0027_6,"['SNR: 6']"
3242-8112-0031_-9,"['SNR: -9']"
7302-86815-0038_-9,"['SNR: -9']"
5049-25947-0091_-14,"['SNR: -14']"
1088-129236-0000_10,"['SNR: 10']"
3240-131231-0025_-5,"['SNR: -5']"
1235-135883-0035_7,"['SNR: 7']"
8975-270782-0070_-2,"['SNR: -2']"
6272-70191-0005_-5,"['SNR: -5']"
7059-77897-0026_0,"['SNR: 0']"
4195-186237-0007_10,"['SNR: 10']"
7859-102518-0027_2,"['SNR: 2']"
8226-274369-0036_2,"['SNR: 2']"
6019-3185-0034_4,"['SNR: 4']"
200-124140-0037_-3,"['SNR: -3']"
7312-92432-0010_7,"['SNR: 7']"
1926-147979-0044_8,"['SNR: 8']"
8095-274346-0044_-2,"['SNR: -2']"
2092-145706-0011_-2,"['SNR: -2']"
4898-28461-0055_1,"['SNR: 1']"
1334-135589-0074_-4,"['SNR: -4']"
1963-147036-0009_-3,"['SNR: -3']"
3857-180923-0005_6,"['SNR: 6']"
2007-132570-0044_-14,"['SNR: -14']"
8312-279791-0026_4,"['SNR: 4']"
5750-100289-0001_-3,"['SNR: -3']"
1578-6379-0041_-12,"['SNR: -12']"
2092-145709-0005_9,"['SNR: 9']"
4160-11550-0026_9,"['SNR: 9']"
103-1240-0036_-13,"['SNR: -13']"
89-218-0054_-4,"['SNR: -4']"
8051-119902-0007_7,"['SNR: 7']"
233-134440-0045_-2,"['SNR: -2']"
27-123349-0006_-14,"['SNR: -14']"
5778-12761-0000_-3,"['SNR: -3']"
3486-166446-0042_-15,"['SNR: -15']"
1040-133433-0014_-11,"['SNR: -11']"
5561-39621-0005_-2,"['SNR: -2']"
2289-152258-0030_-14,"['SNR: -14']"
163-122947-0069_0,"['SNR: 0']"
2518-154825-0045_2,"['SNR: 2']"
298-126791-0042_8,"['SNR: 8']"
839-130898-0046_-9,"['SNR: -9']"
1355-39947-0018_8,"['SNR: 8']"
4406-16883-0049_7,"['SNR: 7']"
2843-152918-0110_-13,"['SNR: -13']"
4160-11549-0008_-4,"['SNR: -4']"
87-121553-0059_0,"['SNR: 0']"
1502-122615-0031_5,"['SNR: 5']"
2007-149877-0010_-10,"['SNR: -10']"
3214-167606-0018_10,"['SNR: 10']"
7635-105661-0020_6,"['SNR: 6']"
6000-55211-0047_7,"['SNR: 7']"
26-495-0062_9,"['SNR: 9']"
481-123720-0082_-14,"['SNR: -14']"
6181-216552-0043_7,"['SNR: 7']"
8629-261140-0048_0,"['SNR: 0']"
4898-28461-0003_-11,"['SNR: -11']"
5703-47198-0059_-11,"['SNR: -11']"
248-130644-0022_5,"['SNR: 5']"
587-41611-0021_-5,"['SNR: -5']"
6531-61334-0096_-1,"['SNR: -1']"
8797-294123-0083_-6,"['SNR: -6']"
1355-39947-0000_8,"['SNR: 8']"
3857-182317-0002_-10,"['SNR: -10']"
8063-274116-0026_-14,"['SNR: -14']"
8238-283452-0013_2,"['SNR: 2']"
7511-102419-0029_-11,"['SNR: -11']"
2159-179156-0034_-4,"['SNR: -4']"
5789-57195-0007_1,"['SNR: 1']"
2514-149482-0055_-6,"['SNR: -6']"
8630-305213-0028_10,"['SNR: 10']"
5339-14134-0035_5,"['SNR: 5']"
5456-62043-0021_7,"['SNR: 7']"
2002-139469-0043_-10,"['SNR: -10']"
2893-139322-0035_-14,"['SNR: -14']"
5192-19397-0052_-10,"['SNR: -10']"
8312-279791-0024_-1,"['SNR: -1']"
2911-12359-0011_2,"['SNR: 2']"
5022-29411-0061_3,"['SNR: 3']"
1040-133433-0053_-5,"['SNR: -5']"
4195-186236-0026_-7,"['SNR: -7']"
6880-216547-0014_-2,"['SNR: -2']"
4788-94904-0028_-3,"['SNR: -3']"
669-129061-0010_5,"['SNR: 5']"
254-145458-0000_-15,"['SNR: -15']"
3947-13260-0028_10,"['SNR: 10']"
8226-274369-0049_3,"['SNR: 3']"
2952-408-0016_-4,"['SNR: -4']"
226-122538-0008_0,"['SNR: 0']"
3112-9555-0043_-8,"['SNR: -8']"
3436-172162-0027_-11,"['SNR: -11']"
226-122538-0007_7,"['SNR: 7']"
8238-283452-0044_-3,"['SNR: -3']"
1898-145715-0008_6,"['SNR: 6']"
7226-86965-0014_-7,"['SNR: -7']"
5652-19215-0025_-4,"['SNR: -4']"
5789-70653-0022_-5,"['SNR: -5']"
5456-62014-0016_2,"['SNR: 2']"
4051-11218-0046_-12,"['SNR: -12']"
229-130880-0042_-8,"['SNR: -8']"
7367-86737-0097_-4,"['SNR: -4']"
322-124146-0011_5,"['SNR: 5']"
1970-10594-0035_-11,"['SNR: -11']"
3983-5331-0018_4,"['SNR: 4']"
3436-172171-0063_8,"['SNR: 8']"
1183-133256-0000_-5,"['SNR: -5']"
7517-100429-0031_-15,"['SNR: -15']"
4441-76250-0014_-1,"['SNR: -1']"
311-124404-0074_6,"['SNR: 6']"
83-9960-0048_-1,"['SNR: -1']"
2989-138028-0028_9,"['SNR: 9']"
6019-3185-0088_-3,"['SNR: -3']"
1578-6379-0012_7,"['SNR: 7']"
1594-135914-0116_8,"['SNR: 8']"
3807-4923-0031_9,"['SNR: 9']"
6064-56165-0015_-5,"['SNR: -5']"
1624-142933-0034_-8,"['SNR: -8']"
458-126290-0004_1,"['SNR: 1']"
7511-102419-0027_-12,"['SNR: -12']"
89-218-0021_1,"['SNR: 1']"
1578-140049-0022_-8,"['SNR: -8']"
4680-16042-0002_-1,"['SNR: -1']"
211-122425-0067_-3,"['SNR: -3']"
4362-15663-0088_-7,"['SNR: -7']"
445-123857-0009_-1,"['SNR: -1']"
4297-13006-0019_5,"['SNR: 5']"
8465-246942-0005_2,"['SNR: 2']"
6531-61334-0104_-11,"['SNR: -11']"
3486-166446-0010_-8,"['SNR: -8']"
1624-142933-0041_-10,"['SNR: -10']"
5778-12761-0044_-15,"['SNR: -15']"
3982-178459-0044_-10,"['SNR: -10']"
887-123289-0020_0,"['SNR: 0']"
8014-112586-0001_5,"['SNR: 5']"
4898-28461-0015_-8,"['SNR: -8']"
1081-125237-0045_-2,"['SNR: -2']"
7178-34644-0035_9,"['SNR: 9']"
2952-410-0036_-7,"['SNR: -7']"
5049-25947-0081_4,"['SNR: 4']"
4441-76263-0009_-15,"['SNR: -15']"
1867-154075-0039_-2,"['SNR: -2']"
669-129074-0002_-9,"['SNR: -9']"
89-218-0017_-6,"['SNR: -6']"
8580-287363-0031_-13,"['SNR: -13']"
2764-36617-0008_10,"['SNR: 10']"
200-124139-0011_-3,"['SNR: -3']"
1355-39947-0008_-2,"['SNR: -2']"
1183-133256-0019_1,"['SNR: 1']"
5163-18515-0005_-1,"['SNR: -1']"
1743-142912-0036_0,"['SNR: 0']"
4397-15678-0036_-5,"['SNR: -5']"
27-124992-0026_0,"['SNR: 0']"
3526-176653-0001_-12,"['SNR: -12']"
198-209-0005_-13,"['SNR: -13']"
441-130108-0030_5,"['SNR: 5']"
3526-176651-0003_-9,"['SNR: -9']"
6181-216552-0093_8,"['SNR: 8']"
1263-141777-0016_10,"['SNR: 10']"
4362-15663-0047_-10,"['SNR: -10']"
4898-28461-0051_-1,"['SNR: -1']"
5104-33407-0004_8,"['SNR: 8']"
5163-18515-0020_3,"['SNR: 3']"
5192-19396-0028_-9,"['SNR: -9']"
7859-102519-0045_-5,"['SNR: -5']"
6880-216547-0090_-9,"['SNR: -9']"
4898-20016-0036_-9,"['SNR: -9']"
3242-67168-0009_2,"['SNR: 2']"
4397-15668-0020_4,"['SNR: 4']"
6437-66173-0020_2,"['SNR: 2']"
200-124140-0002_-6,"['SNR: -6']"
7190-90542-0012_-11,"['SNR: -11']"
198-126831-0026_-6,"['SNR: -6']"
226-131532-0031_4,"['SNR: 4']"
250-140277-0010_-15,"['SNR: -15']"
6078-54013-0055_-4,"['SNR: -4']"
8797-294123-0046_-14,"['SNR: -14']"
3982-178459-0014_0,"['SNR: 0']"
5322-7679-0011_-14,"['SNR: -14']"
6181-216552-0011_-4,"['SNR: -4']"
229-130880-0086_-11,"['SNR: -11']"
7059-77897-0021_5,"['SNR: 5']"
1263-139804-0020_6,"['SNR: 6']"
1040-133433-0076_-10,"['SNR: -10']"
87-121553-0036_-13,"['SNR: -13']"
5867-48852-0090_-12,"['SNR: -12']"
5703-47198-0037_-5,"['SNR: -5']"
248-130644-0020_-7,"['SNR: -7']"
1263-141777-0024_5,"['SNR: 5']"
5192-19397-0065_5,"['SNR: 5']"
6019-3185-0069_-2,"['SNR: -2']"
8580-287364-0045_6,"['SNR: 6']"
4397-15678-0023_4,"['SNR: 4']"
1723-141149-0088_8,"['SNR: 8']"
8425-292520-0020_-7,"['SNR: -7']"
200-124139-0028_-15,"['SNR: -15']"
118-124588-0008_-1,"['SNR: -1']"
8425-292520-0021_6,"['SNR: 6']"
254-127705-0025_-2,"['SNR: -2']"
1502-122615-0023_-4,"['SNR: -4']"
8063-274116-0016_5,"['SNR: 5']"
7148-82991-0032_-10,"['SNR: -10']"
405-130895-0031_1,"['SNR: 1']"
233-155990-0017_6,"['SNR: 6']"
1040-133433-0008_-15,"['SNR: -15']"
2136-5140-0039_-6,"['SNR: -6']"
2182-150130-0033_6,"['SNR: 6']"
669-129061-0030_9,"['SNR: 9']"
198-209-0021_4,"['SNR: 4']"
1355-39947-0076_5,"['SNR: 5']"
5789-57158-0006_7,"['SNR: 7']"
7505-83618-0013_-15,"['SNR: -15']"
3830-12530-0011_2,"['SNR: 2']"
669-129074-0004_0,"['SNR: 0']"
6147-34606-0013_8,"['SNR: 8']"
27-124992-0007_7,"['SNR: 7']"
5688-41232-0040_4,"['SNR: 4']"
3374-298025-0006_3,"['SNR: 3']"
3436-172171-0060_8,"['SNR: 8']"
4441-76262-0028_-14,"['SNR: -14']"
5104-33406-0035_4,"['SNR: 4']"
7178-34644-0011_5,"['SNR: 5']"
8797-294123-0077_-15,"['SNR: -15']"
1235-135887-0007_1,"['SNR: 1']"
3982-178459-0043_-2,"['SNR: -2']"
250-142276-0052_-6,"['SNR: -6']"
8975-270782-0077_8,"['SNR: 8']"
1841-159771-0033_4,"['SNR: 4']"
3259-158083-0002_-11,"['SNR: -11']"
4406-16883-0047_-2,"['SNR: -2']"
125-121124-0039_-6,"['SNR: -6']"
3664-11714-0018_-1,"['SNR: -1']"
8425-287387-0009_10,"['SNR: 10']"
2764-36617-0011_2,"['SNR: 2']"
4362-15663-0043_-6,"['SNR: -6']"
78-368-0046_-4,"['SNR: -4']"
60-121082-0079_-10,"['SNR: -10']"
8630-305212-0024_-14,"['SNR: -14']"
6415-111615-0012_-2,"['SNR: -2']"
2952-407-0022_3,"['SNR: 3']"
1263-141777-0027_-12,"['SNR: -12']"
4481-17498-0002_-2,"['SNR: -2']"
27-123349-0004_-12,"['SNR: -12']"
669-129061-0083_-3,"['SNR: -3']"
2391-145015-0110_1,"['SNR: 1']"
2911-15045-0006_-1,"['SNR: -1']"
8123-275216-0024_9,"['SNR: 9']"
7859-102518-0000_-12,"['SNR: -12']"
6181-216552-0022_5,"['SNR: 5']"
7859-102519-0038_-3,"['SNR: -3']"
7367-86737-0118_1,"['SNR: 1']"
3436-172171-0043_3,"['SNR: 3']"
3168-173564-0039_9,"['SNR: 9']"
163-122947-0013_-11,"['SNR: -11']"
8838-298545-0000_3,"['SNR: 3']"
200-124140-0016_8,"['SNR: 8']"
2764-36619-0010_8,"['SNR: 8']"
7226-86964-0045_-10,"['SNR: -10']"
5652-19215-0049_-12,"['SNR: -12']"
1116-132847-0020_9,"['SNR: 9']"
2952-408-0009_-10,"['SNR: -10']"
7059-77900-0013_8,"['SNR: 8']"
298-126791-0051_4,"['SNR: 4']"
5561-41615-0001_5,"['SNR: 5']"
8465-246940-0023_-7,"['SNR: -7']"
1963-147036-0019_-4,"['SNR: -4']"
1088-134315-0024_5,"['SNR: 5']"
6454-107462-0017_8,"['SNR: 8']"
3436-172171-0023_-5,"['SNR: -5']"
163-122947-0033_-10,"['SNR: -10']"
3240-131232-0038_8,"['SNR: 8']"
1081-128618-0012_-6,"['SNR: -6']"
7635-105661-0006_3,"['SNR: 3']"
322-124147-0032_-3,"['SNR: -3']"
8098-278278-0034_-3,"['SNR: -3']"
4481-17499-0041_7,"['SNR: 7']"
250-142276-0047_9,"['SNR: 9']"
5688-41232-0035_3,"['SNR: 3']"
2764-36619-0041_-15,"['SNR: -15']"
1963-142776-0025_-5,"['SNR: -5']"
6818-76332-0004_2,"['SNR: 2']"
5339-14134-0059_-3,"['SNR: -3']"
5339-14134-0005_-12,"['SNR: -12']"
8063-274117-0022_-7,"['SNR: -7']"
2196-174172-0010_2,"['SNR: 2']"
7511-102420-0022_0,"['SNR: 0']"
4898-28461-0017_1,"['SNR: 1']"
8095-274348-0016_-10,"['SNR: -10']"
7859-102519-0006_-13,"['SNR: -13']"
1116-137572-0005_9,"['SNR: 9']"
3983-5331-0033_-11,"['SNR: -11']"
27-123349-0038_10,"['SNR: 10']"
7302-86815-0071_-9,"['SNR: -9']"
8324-286681-0006_3,"['SNR: 3']"
8063-274115-0035_4,"['SNR: 4']"
5561-41616-0027_-3,"['SNR: -3']"
8465-246947-0008_-10,"['SNR: -10']"
7402-59171-0002_2,"['SNR: 2']"
302-123504-0014_-8,"['SNR: -8']"
7148-59157-0016_0,"['SNR: 0']"
89-219-0004_9,"['SNR: 9']"
3436-172171-0037_8,"['SNR: 8']"
1624-168623-0013_1,"['SNR: 1']"
2196-174172-0037_5,"['SNR: 5']"
625-132118-0011_5,"['SNR: 5']"
332-128985-0070_8,"['SNR: 8']"
89-218-0028_-15,"['SNR: -15']"
322-124147-0074_-13,"['SNR: -13']"
587-41619-0028_0,"['SNR: 0']"
2989-138028-0008_5,"['SNR: 5']"
441-128982-0026_0,"['SNR: 0']"
1963-142776-0031_-9,"['SNR: -9']"
40-222-0021_-8,"['SNR: -8']"
2764-36616-0004_10,"['SNR: 10']"
2092-145706-0028_-5,"['SNR: -5']"
8975-270782-0082_-6,"['SNR: -6']"
4898-20016-0029_-11,"['SNR: -11']"
7517-100437-0003_-8,"['SNR: -8']"
2136-5147-0032_1,"['SNR: 1']"
2518-154825-0055_0,"['SNR: 0']"
5750-100289-0069_-15,"['SNR: -15']"
3723-171631-0037_6,"['SNR: 6']"
201-127786-0050_-12,"['SNR: -12']"
4680-16041-0026_-5,"['SNR: -5']"
250-142286-0027_-9,"['SNR: -9']"
831-130739-0044_-12,"['SNR: -12']"
6818-68772-0038_1,"['SNR: 1']"
3242-67153-0007_4,"['SNR: 4']"
3807-4923-0004_-10,"['SNR: -10']"
909-131044-0031_-11,"['SNR: -11']"
196-122150-0012_0,"['SNR: 0']"
6081-42010-0029_-10,"['SNR: -10']"
7505-83618-0008_5,"['SNR: 5']"
4788-294466-0010_-8,"['SNR: -8']"
4362-15663-0086_-11,"['SNR: -11']"
6078-54007-0026_4,"['SNR: 4']"
32-4137-0008_2,"['SNR: 2']"
6836-76549-0020_-8,"['SNR: -8']"
5652-39938-0066_10,"['SNR: 10']"
5104-33407-0003_0,"['SNR: 0']"
4640-19188-0013_4,"['SNR: 4']"
233-134440-0006_-11,"['SNR: -11']"
839-130898-0080_7,"['SNR: 7']"
7078-271888-0012_-3,"['SNR: -3']"
1898-145715-0004_2,"['SNR: 2']"
87-121553-0020_-10,"['SNR: -10']"
32-21634-0000_-8,"['SNR: -8']"
6385-34655-0008_2,"['SNR: 2']"
730-358-0023_-2,"['SNR: -2']"
3607-135982-0024_-8,"['SNR: -8']"
7078-271888-0100_8,"['SNR: 8']"
6147-34605-0016_9,"['SNR: 9']"
125-121124-0006_0,"['SNR: 0']"
6880-216547-0101_10,"['SNR: 10']"
8468-294887-0036_-9,"['SNR: -9']"
8975-270782-0106_-12,"['SNR: -12']"
730-359-0027_-9,"['SNR: -9']"
1098-133695-0027_7,"['SNR: 7']"
3374-298032-0030_3,"['SNR: 3']"
458-126294-0003_7,"['SNR: 7']"
8629-261140-0030_1,"['SNR: 1']"
8468-295198-0031_-15,"['SNR: -15']"
1088-134318-0011_-12,"['SNR: -12']"
2196-174172-0026_2,"['SNR: 2']"
4788-94904-0027_9,"['SNR: 9']"
4680-16042-0015_-4,"['SNR: -4']"
2159-179154-0025_-8,"['SNR: -8']"
201-122255-0013_9,"['SNR: 9']"
2836-5354-0042_-5,"['SNR: -5']"
8419-286667-0008_3,"['SNR: 3']"
831-130739-0042_-11,"['SNR: -11']"
7113-86041-0097_-15,"['SNR: -15']"
1098-133695-0060_9,"['SNR: 9']"
2182-150130-0024_3,"['SNR: 3']"
4788-294466-0020_4,"['SNR: 4']"
6367-65536-0011_-5,"['SNR: -5']"
839-130898-0035_0,"['SNR: 0']"
226-131533-0012_-5,"['SNR: -5']"
4441-76250-0033_-10,"['SNR: -10']"
6836-61803-0010_-15,"['SNR: -15']"
322-124147-0041_9,"['SNR: 9']"
1898-145720-0006_6,"['SNR: 6']"
6848-76049-0030_7,"['SNR: 7']"
60-121082-0013_1,"['SNR: 1']"
4195-186238-0010_10,"['SNR: 10']"
4362-15663-0058_0,"['SNR: 0']"
4830-25898-0053_-3,"['SNR: -3']"
6531-61334-0067_-11,"['SNR: -11']"
6272-70168-0001_-6,"['SNR: -6']"
7278-104730-0008_-5,"['SNR: -5']"
831-130739-0005_-14,"['SNR: -14']"
2416-152137-0019_-12,"['SNR: -12']"
7226-86964-0041_-5,"['SNR: -5']"
150-132655-0027_8,"['SNR: 8']"
4014-186175-0013_-14,"['SNR: -14']"
2289-152258-0037_-6,"['SNR: -6']"
60-121082-0059_-6,"['SNR: -6']"
7505-83618-0009_2,"['SNR: 2']"
6880-216547-0070_-7,"['SNR: -7']"
4640-19189-0033_-2,"['SNR: -2']"
1447-130550-0015_-15,"['SNR: -15']"
6529-62556-0039_-2,"['SNR: -2']"
6848-252322-0014_9,"['SNR: 9']"
8108-280359-0028_-7,"['SNR: -7']"
8088-284756-0061_3,"['SNR: 3']"
5789-57195-0003_-8,"['SNR: -8']"
8098-275181-0026_3,"['SNR: 3']"
1040-133433-0011_-5,"['SNR: -5']"
307-127539-0008_-1,"['SNR: -1']"
198-126831-0016_-5,"['SNR: -5']"
3242-67153-0026_4,"['SNR: 4']"
8226-274371-0005_-3,"['SNR: -3']"
6818-68772-0003_9,"['SNR: 9']"
1088-129236-0023_-7,"['SNR: -7']"
730-360-0032_-12,"['SNR: -12']"
4788-94904-0018_-8,"['SNR: -8']"
7078-271888-0089_-2,"['SNR: -2']"
3664-11714-0024_4,"['SNR: 4']"
6064-56165-0017_-6,"['SNR: -6']"
6415-100596-0029_10,"['SNR: 10']"
1867-148436-0017_-7,"['SNR: -7']"
1183-133255-0003_-6,"['SNR: -6']"
311-124404-0057_0,"['SNR: 0']"
1235-135887-0014_10,"['SNR: 10']"
2910-131096-0050_6,"['SNR: 6']"
7190-90542-0052_-7,"['SNR: -7']"
6563-63821-0044_0,"['SNR: 0']"
19-227-0013_-14,"['SNR: -14']"
1553-140047-0028_5,"['SNR: 5']"
6081-42010-0032_-4,"['SNR: -4']"
1841-179183-0017_-13,"['SNR: -13']"
5750-35690-0031_-4,"['SNR: -4']"
125-121124-0005_0,"['SNR: 0']"
78-368-0020_10,"['SNR: 10']"
1235-135884-0007_-13,"['SNR: -13']"
6081-41998-0029_5,"['SNR: 5']"
403-128339-0003_-3,"['SNR: -3']"
4406-16883-0032_-14,"['SNR: -14']"
1594-135914-0119_-9,"['SNR: -9']"
1088-134315-0020_-5,"['SNR: -5']"
2159-179157-0016_7,"['SNR: 7']"
4051-11217-0030_-5,"['SNR: -5']"
5163-39921-0051_10,"['SNR: 10']"
7859-102521-0009_-1,"['SNR: -1']"
4137-11701-0010_-2,"['SNR: -2']"
4397-15668-0036_8,"['SNR: 8']"
3983-5331-0042_-10,"['SNR: -10']"
226-131532-0020_-7,"['SNR: -7']"
7505-83618-0025_10,"['SNR: 10']"
730-360-0011_-10,"['SNR: -10']"
4853-27670-0017_5,"['SNR: 5']"
150-126107-0040_5,"['SNR: 5']"
2136-5147-0026_-14,"['SNR: -14']"
1447-130550-0007_-11,"['SNR: -11']"
125-121124-0001_-3,"['SNR: -3']"
8797-294123-0049_0,"['SNR: 0']"
7635-105409-0006_-2,"['SNR: -2']"
5104-33407-0037_-9,"['SNR: -9']"
8324-286683-0012_-4,"['SNR: -4']"
3699-175950-0018_1,"['SNR: 1']"
3526-176651-0010_-1,"['SNR: -1']"
2436-2481-0000_-15,"['SNR: -15']"
5022-29411-0048_-4,"['SNR: -4']"
8088-284756-0052_-10,"['SNR: -10']"
8088-284756-0002_-4,"['SNR: -4']"
1867-154075-0027_0,"['SNR: 0']"
150-126112-0025_0,"['SNR: 0']"
1334-135589-0056_-2,"['SNR: -2']"
198-126831-0030_-8,"['SNR: -8']"
4853-29413-0009_3,"['SNR: 3']"
1447-130551-0009_-2,"['SNR: -2']"
6081-41997-0023_3,"['SNR: 3']"
6836-61804-0005_-7,"['SNR: -7']"
6531-61334-0112_6,"['SNR: 6']"
6078-54013-0069_7,"['SNR: 7']"
7517-100442-0019_0,"['SNR: 0']"
3214-167607-0004_-12,"['SNR: -12']"
7059-77900-0021_-9,"['SNR: -9']"
7794-295955-0010_1,"['SNR: 1']"
1235-135883-0024_-9,"['SNR: -9']"
7511-102419-0039_2,"['SNR: 2']"
3947-13262-0018_6,"['SNR: 6']"
730-360-0038_1,"['SNR: 1']"
5652-39938-0023_-9,"['SNR: -9']"
4051-11218-0054_10,"['SNR: 10']"
909-131045-0032_4,"['SNR: 4']"
250-142276-0051_-10,"['SNR: -10']"
6880-216547-0063_7,"['SNR: 7']"
6415-116629-0028_4,"['SNR: 4']"
4406-16882-0006_1,"['SNR: 1']"
6064-56165-0026_8,"['SNR: 8']"
6181-216552-0060_-6,"['SNR: -6']"
6019-3185-0052_8,"['SNR: 8']"
4018-107338-0023_2,"['SNR: 2']"
8098-278278-0032_-14,"['SNR: -14']"
8226-274369-0059_-4,"['SNR: -4']"
6272-70168-0024_3,"['SNR: 3']"
2384-152900-0003_4,"['SNR: 4']"
5750-35690-0012_-15,"['SNR: -15']"
3486-166424-0018_-2,"['SNR: -2']"
481-123719-0018_-4,"['SNR: -4']"
3699-19402-0002_7,"['SNR: 7']"
3486-166424-0064_-2,"['SNR: -2']"
8468-294887-0042_-10,"['SNR: -10']"
229-130880-0071_10,"['SNR: 10']"
229-130880-0055_-3,"['SNR: -3']"
4088-158077-0086_8,"['SNR: 8']"
2136-5140-0009_-7,"['SNR: -7']"
311-124404-0028_10,"['SNR: 10']"
1040-133433-0027_6,"['SNR: 6']"
6415-116629-0039_-13,"['SNR: -13']"
40-222-0068_1,"['SNR: 1']"
60-121082-0066_-8,"['SNR: -8']"
7859-102519-0031_-1,"['SNR: -1']"
5808-54425-0054_3,"['SNR: 3']"
3879-174923-0029_-14,"['SNR: -14']"
426-122822-0014_-1,"['SNR: -1']"
328-129766-0042_-9,"['SNR: -9']"
4441-76262-0012_0,"['SNR: 0']"
5561-41616-0000_-2,"['SNR: -2']"
1040-133433-0059_-13,"['SNR: -13']"
78-368-0027_7,"['SNR: 7']"
1553-140047-0003_-7,"['SNR: -7']"
19-198-0035_-6,"['SNR: -6']"
1926-147987-0028_0,"['SNR: 0']"
7447-91186-0043_-15,"['SNR: -15']"
150-132655-0034_1,"['SNR: 1']"
328-129766-0085_-6,"['SNR: -6']"
6476-57446-0071_1,"['SNR: 1']"
8975-270782-0053_1,"['SNR: 1']"
8238-274553-0023_-3,"['SNR: -3']"
3436-172162-0019_-1,"['SNR: -1']"
7402-59171-0043_-13,"['SNR: -13']"
6925-80680-0056_4,"['SNR: 4']"
6836-76549-0008_0,"['SNR: 0']"
8580-287364-0000_9,"['SNR: 9']"
3440-171009-0005_-14,"['SNR: -14']"
8063-274116-0037_6,"['SNR: 6']"
8088-284756-0067_-5,"['SNR: -5']"
3214-167602-0001_0,"['SNR: 0']"
26-495-0084_-5,"['SNR: -5']"
7178-34644-0001_2,"['SNR: 2']"
4051-11218-0051_-8,"['SNR: -8']"
625-132112-0007_2,"['SNR: 2']"
2416-152139-0046_-11,"['SNR: -11']"
2007-132570-0047_-4,"['SNR: -4']"
328-129766-0074_1,"['SNR: 1']"
5393-19219-0018_10,"['SNR: 10']"
8975-270782-0019_-8,"['SNR: -8']"
481-123720-0012_0,"['SNR: 0']"
458-126305-0003_9,"['SNR: 9']"
4018-107312-0024_9,"['SNR: 9']"
6367-65536-0031_-8,"['SNR: -8']"
5192-19397-0011_9,"['SNR: 9']"
7067-76047-0006_-14,"['SNR: -14']"
3723-171115-0031_-5,"['SNR: -5']"
3723-171631-0051_-6,"['SNR: -6']"
7264-92314-0019_-8,"['SNR: -8']"
412-126975-0005_7,"['SNR: 7']"
3607-135982-0040_-4,"['SNR: -4']"
3235-11599-0028_-10,"['SNR: -10']"
1363-135842-0025_10,"['SNR: 10']"
2843-152918-0006_-3,"['SNR: -3']"
5322-7678-0010_-6,"['SNR: -6']"
1069-133699-0014_9,"['SNR: 9']"
8465-246942-0008_-4,"['SNR: -4']"
2384-152900-0009_-14,"['SNR: -14']"
8747-293952-0003_-6,"['SNR: -6']"
2196-170151-0014_-2,"['SNR: -2']"
1116-137572-0001_-14,"['SNR: -14']"
5703-47212-0002_10,"['SNR: 10']"
4018-107338-0022_6,"['SNR: 6']"
5703-47198-0003_-10,"['SNR: -10']"
5750-100289-0035_-9,"['SNR: -9']"
2159-179156-0019_-2,"['SNR: -2']"
1926-147979-0047_-15,"['SNR: -15']"
6272-70168-0019_-5,"['SNR: -5']"
289-121665-0017_-8,"['SNR: -8']"
6529-62554-0051_-5,"['SNR: -5']"
1578-140045-0000_-12,"['SNR: -12']"
911-128684-0058_-15,"['SNR: -15']"
5678-43302-0018_-7,"['SNR: -7']"
201-127786-0011_1,"['SNR: 1']"
5678-43302-0009_-3,"['SNR: -3']"
7078-271888-0078_5,"['SNR: 5']"
6880-216547-0073_4,"['SNR: 4']"
5456-24741-0023_-7,"['SNR: -7']"
4830-25904-0046_5,"['SNR: 5']"
6081-41997-0006_5,"['SNR: 5']"
2764-36616-0034_0,"['SNR: 0']"
1069-133699-0048_-12,"['SNR: -12']"
1898-145724-0006_-14,"['SNR: -14']"
2764-36619-0034_-12,"['SNR: -12']"
2416-152139-0027_-8,"['SNR: -8']"
4853-27671-0009_-7,"['SNR: -7']"
7447-91187-0023_2,"['SNR: 2']"
6081-42010-0035_3,"['SNR: 3']"
426-122821-0022_-5,"['SNR: -5']"
7067-76047-0021_7,"['SNR: 7']"
4088-158077-0036_-10,"['SNR: -10']"
7367-86737-0101_2,"['SNR: 2']"
1088-134318-0018_10,"['SNR: 10']"
3699-47246-0029_-6,"['SNR: -6']"
2691-156750-0019_-14,"['SNR: -14']"
7113-86041-0090_-9,"['SNR: -9']"
311-124404-0062_-2,"['SNR: -2']"
1069-133709-0030_-10,"['SNR: -10']"
250-140277-0006_6,"['SNR: 6']"
7264-92316-0013_10,"['SNR: 10']"
8108-280354-0007_-14,"['SNR: -14']"
5339-14134-0039_8,"['SNR: 8']"
26-495-0077_3,"['SNR: 3']"
26-495-0007_3,"['SNR: 3']"
332-128985-0064_-10,"['SNR: -10']"
8063-274117-0007_-11,"['SNR: -11']"
307-127540-0000_-10,"['SNR: -10']"
1040-133433-0044_-7,"['SNR: -7']"
3982-182255-0033_-13,"['SNR: -13']"
19-227-0062_7,"['SNR: 7']"
8123-275193-0001_4,"['SNR: 4']"
8838-298546-0047_4,"['SNR: 4']"
7800-283492-0001_1,"['SNR: 1']"
211-122425-0024_-4,"['SNR: -4']"
441-130108-0024_-12,"['SNR: -12']"
3982-182255-0026_-4,"['SNR: -4']"
446-123501-0028_5,"['SNR: 5']"
5652-39938-0032_-9,"['SNR: -9']"
3699-19402-0014_1,"['SNR: 1']"
103-1241-0012_9,"['SNR: 9']"
403-128339-0046_4,"['SNR: 4']"
5192-19396-0007_-5,"['SNR: -5']"
7278-104730-0042_-3,"['SNR: -3']"
8098-278252-0022_5,"['SNR: 5']"
405-130894-0005_9,"['SNR: 9']"
2911-7601-0049_6,"['SNR: 6']"
3259-158083-0031_0,"['SNR: 0']"
1898-145724-0037_-10,"['SNR: -10']"
6437-66172-0008_-15,"['SNR: -15']"
7635-105409-0068_6,"['SNR: 6']"
1069-133709-0033_-8,"['SNR: -8']"
831-130739-0025_10,"['SNR: 10']"
7511-102419-0035_-2,"['SNR: -2']"
1088-134315-0030_1,"['SNR: 1']"
5049-25947-0064_0,"['SNR: 0']"
3486-166424-0008_-2,"['SNR: -2']"
3879-173592-0040_-2,"['SNR: -2']"
8975-270782-0097_-14,"['SNR: -14']"
1447-17506-0016_-14,"['SNR: -14']"
4088-158077-0081_-13,"['SNR: -13']"
8312-279790-0014_-6,"['SNR: -6']"
4441-76262-0023_5,"['SNR: 5']"
6476-57446-0084_3,"['SNR: 3']"
8123-275216-0045_10,"['SNR: 10']"
150-132655-0015_-10,"['SNR: -10']"
1594-135914-0106_-8,"['SNR: -8']"
1970-26100-0001_2,"['SNR: 2']"
7800-283492-0024_-12,"['SNR: -12']"
1737-142397-0028_9,"['SNR: 9']"
6081-41997-0031_-10,"['SNR: -10']"
5390-24512-0043_10,"['SNR: 10']"
6437-66172-0036_10,"['SNR: 10']"
3723-171115-0024_2,"['SNR: 2']"
201-122255-0043_-15,"['SNR: -15']"
8609-283227-0059_-2,"['SNR: -2']"
669-129074-0011_8,"['SNR: 8']"
4788-91208-0001_-9,"['SNR: -9']"
5393-19218-0004_-6,"['SNR: -6']"
7447-91187-0002_-6,"['SNR: -6']"
445-123860-0012_-3,"['SNR: -3']"
311-124404-0078_-11,"['SNR: -11']"
311-124404-0047_-7,"['SNR: -7']"
2416-152139-0055_5,"['SNR: 5']"
6078-54007-0037_-7,"['SNR: -7']"
1898-145724-0029_-10,"['SNR: -10']"
200-124139-0032_9,"['SNR: 9']"
6385-220959-0007_8,"['SNR: 8']"
3947-13262-0047_-13,"['SNR: -13']"
5022-29411-0025_-9,"['SNR: -9']"
3440-171009-0065_-1,"['SNR: -1']"
5514-19193-0035_8,"['SNR: 8']"
1040-133433-0035_4,"['SNR: 4']"
2182-181173-0032_7,"['SNR: 7']"
4137-11701-0015_-1,"['SNR: -1']"
311-124404-0023_0,"['SNR: 0']"
8098-278278-0006_2,"['SNR: 2']"
7278-104730-0018_-2,"['SNR: -2']"
7367-86737-0017_-12,"['SNR: -12']"
8088-284756-0037_-5,"['SNR: -5']"
1455-134435-0029_-9,"['SNR: -9']"
3983-5331-0023_-1,"['SNR: -1']"
7278-246956-0020_-11,"['SNR: -11']"
587-41619-0017_10,"['SNR: 10']"
3982-178459-0063_-2,"['SNR: -2']"
8419-293469-0012_-8,"['SNR: -8']"
5688-15787-0034_4,"['SNR: 4']"
1624-168623-0035_0,"['SNR: 0']"
3723-171115-0037_5,"['SNR: 5']"
4397-15678-0038_-3,"['SNR: -3']"
26-496-0016_6,"['SNR: 6']"
7148-82991-0023_4,"['SNR: 4']"
7800-283492-0018_-5,"['SNR: -5']"
3723-171115-0026_-5,"['SNR: -5']"
211-122425-0045_-8,"['SNR: -8']"
83-3054-0019_-9,"['SNR: -9']"
2911-7601-0045_4,"['SNR: 4']"
4362-15663-0045_6,"['SNR: 6']"
1898-145724-0021_-14,"['SNR: -14']"
2436-2477-0017_-5,"['SNR: -5']"
1578-140049-0026_1,"['SNR: 1']"
8324-286682-0047_-3,"['SNR: -3']"
7302-86814-0018_-14,"['SNR: -14']"
7505-83618-0001_3,"['SNR: 3']"
4214-7146-0067_-8,"['SNR: -8']"
8465-246943-0011_10,"['SNR: 10']"
911-128684-0050_1,"['SNR: 1']"
2436-2476-0025_5,"['SNR: 5']"
307-127539-0025_-9,"['SNR: -9']"
2843-152918-0022_-11,"['SNR: -11']"
831-130739-0046_-14,"['SNR: -14']"
2136-5140-0029_-11,"['SNR: -11']"
4830-25904-0014_-4,"['SNR: -4']"
374-180298-0004_-3,"['SNR: -3']"
5789-57195-0005_7,"['SNR: 7']"
5688-41232-0013_-3,"['SNR: -3']"
3374-298032-0001_-9,"['SNR: -9']"
4051-11218-0056_4,"['SNR: 4']"
8238-274553-0062_-6,"['SNR: -6']"
7190-90542-0047_7,"['SNR: 7']"
4160-11550-0039_-7,"['SNR: -7']"
4441-76250-0005_-13,"['SNR: -13']"
5393-19219-0042_-2,"['SNR: -2']"
6272-70168-0033_1,"['SNR: 1']"
1235-135887-0005_8,"['SNR: 8']"
8797-294123-0033_-6,"['SNR: -6']"
7226-86965-0021_5,"['SNR: 5']"
8465-246940-0003_-14,"['SNR: -14']"
200-124140-0023_-13,"['SNR: -13']"
8063-274116-0007_-10,"['SNR: -10']"
1723-141149-0001_-4,"['SNR: -4']"
1334-135589-0009_10,"['SNR: 10']"
7113-86041-0106_-4,"['SNR: -4']"
3879-173592-0000_-8,"['SNR: -8']"
229-130880-0031_-8,"['SNR: -8']"
2911-15045-0018_4,"['SNR: 4']"
6181-216552-0003_5,"['SNR: 5']"
8425-246962-0022_-5,"['SNR: -5']"
5789-57195-0010_4,"['SNR: 4']"
8095-274346-0016_5,"['SNR: 5']"
4051-11217-0013_-7,"['SNR: -7']"
7794-295955-0020_-10,"['SNR: -10']"
4640-19189-0039_-12,"['SNR: -12']"
8226-274369-0038_9,"['SNR: 9']"
7447-91187-0025_-14,"['SNR: -14']"
4406-16882-0023_5,"['SNR: 5']"
405-130895-0006_2,"['SNR: 2']"
3664-178366-0015_9,"['SNR: 9']"
5022-29405-0003_-12,"['SNR: -12']"
4813-248638-0053_9,"['SNR: 9']"
7447-91187-0017_-15,"['SNR: -15']"
3879-174923-0072_-9,"['SNR: -9']"
3168-173564-0006_3,"['SNR: 3']"
1455-134435-0013_5,"['SNR: 5']"
8108-274318-0025_5,"['SNR: 5']"
8051-295385-0008_-4,"['SNR: -4']"
1898-145724-0010_-8,"['SNR: -8']"
6000-55211-0043_-3,"['SNR: -3']"
481-123720-0081_-6,"['SNR: -6']"
3112-9555-0061_-5,"['SNR: -5']"
5339-14133-0023_-4,"['SNR: -4']"
322-124147-0052_4,"['SNR: 4']"
405-130895-0009_-15,"['SNR: -15']"
6531-61334-0073_-3,"['SNR: -3']"
3664-178355-0000_-8,"['SNR: -8']"
8425-291444-0011_-5,"['SNR: -5']"
3112-9554-0021_8,"['SNR: 8']"
1841-179183-0001_-10,"['SNR: -10']"
426-122822-0033_-14,"['SNR: -14']"
5339-14134-0016_9,"['SNR: 9']"
226-131533-0029_-4,"['SNR: -4']"
26-495-0038_10,"['SNR: 10']"
5867-48852-0098_-14,"['SNR: -14']"
1867-154071-0026_-10,"['SNR: -10']"
831-130746-0042_6,"['SNR: 6']"
6531-61334-0099_-5,"['SNR: -5']"
2416-152137-0005_0,"['SNR: 0']"
78-369-0024_7,"['SNR: 7']"
8014-112602-0014_-6,"['SNR: -6']"
730-360-0013_-1,"['SNR: -1']"
4441-76263-0019_10,"['SNR: 10']"
7148-59157-0021_-9,"['SNR: -9']"
2836-5354-0009_8,"['SNR: 8']"
5390-30102-0004_-14,"['SNR: -14']"
1455-134435-0024_-4,"['SNR: -4']"
302-123523-0026_-5,"['SNR: -5']"
5514-19192-0031_3,"['SNR: 3']"
1963-147036-0028_-9,"['SNR: -9']"
7447-91186-0029_-11,"['SNR: -11']"
6181-216552-0050_8,"['SNR: 8']"
1263-139804-0010_1,"['SNR: 1']"
6563-63821-0031_1,"['SNR: 1']"
60-121082-0017_-2,"['SNR: -2']"
1363-135842-0029_-11,"['SNR: -11']"
3235-28433-0045_-11,"['SNR: -11']"
1116-132851-0004_8,"['SNR: 8']"
2989-138035-0037_0,"['SNR: 0']"
4853-29413-0006_-14,"['SNR: -14']"
1447-17506-0013_2,"['SNR: 2']"
3440-171006-0001_-7,"['SNR: -7']"
6367-65536-0060_5,"['SNR: 5']"
8014-280382-0006_-15,"['SNR: -15']"
3982-178459-0051_1,"['SNR: 1']"
1081-125237-0029_-10,"['SNR: -10']"
2002-139469-0064_-10,"['SNR: -10']"
5390-30096-0009_5,"['SNR: 5']"
7794-295947-0012_4,"['SNR: 4']"
6078-54007-0032_-11,"['SNR: -11']"
4018-103416-0037_-11,"['SNR: -11']"
2691-156750-0002_-13,"['SNR: -13']"
6181-216552-0073_3,"['SNR: 3']"
4297-13009-0022_1,"['SNR: 1']"
78-369-0059_-4,"['SNR: -4']"
4340-15220-0039_-12,"['SNR: -12']"
8051-119902-0027_3,"['SNR: 3']"
7367-86737-0075_6,"['SNR: 6']"
8051-118101-0009_-1,"['SNR: -1']"
1034-121119-0066_-6,"['SNR: -6']"
3112-9555-0091_4,"['SNR: 4']"
6836-76549-0003_-2,"['SNR: -2']"
2989-138028-0039_-8,"['SNR: -8']"
8770-295463-0025_-9,"['SNR: -9']"
5022-29411-0035_-7,"['SNR: -7']"
201-122255-0042_3,"['SNR: 3']"
4214-7146-0000_3,"['SNR: 3']"
1867-154071-0009_7,"['SNR: 7']"
83-9960-0017_7,"['SNR: 7']"
8226-274369-0008_6,"['SNR: 6']"
1355-39947-0049_-4,"['SNR: -4']"
8629-261139-0027_-15,"['SNR: -15']"
2436-2477-0012_7,"['SNR: 7']"
6437-66173-0036_-10,"['SNR: -10']"
118-124588-0002_-2,"['SNR: -2']"
4014-186176-0015_-11,"['SNR: -11']"
1455-138263-0006_8,"['SNR: 8']"
1578-140049-0006_-2,"['SNR: -2']"
40-121026-0042_-8,"['SNR: -8']"
5561-39621-0013_-8,"['SNR: -8']"
1246-124550-0032_1,"['SNR: 1']"
5163-18515-0023_-15,"['SNR: -15']"
40-222-0013_-9,"['SNR: -9']"
1898-145720-0008_1,"['SNR: 1']"
5390-24512-0001_-10,"['SNR: -10']"
2893-139322-0042_5,"['SNR: 5']"
7511-102420-0033_9,"['SNR: 9']"
4088-158077-0059_2,"['SNR: 2']"
3879-174923-0020_-7,"['SNR: -7']"
3723-171631-0031_-12,"['SNR: -12']"
3830-12535-0030_-15,"['SNR: -15']"
6880-216547-0044_0,"['SNR: 0']"
460-172359-0015_-9,"['SNR: -9']"
1098-133695-0054_-12,"['SNR: -12']"
26-495-0042_-1,"['SNR: -1']"
441-128988-0008_-11,"['SNR: -11']"
625-132112-0057_-2,"['SNR: -2']"
1081-125237-0073_0,"['SNR: 0']"
6385-34669-0011_-11,"['SNR: -11']"
2002-139469-0104_10,"['SNR: 10']"
1926-143879-0014_-2,"['SNR: -2']"
1723-141149-0040_-15,"['SNR: -15']"
3440-171006-0003_-10,"['SNR: -10']"
39-121915-0012_5,"['SNR: 5']"
6880-216547-0057_-11,"['SNR: -11']"
311-124404-0086_-9,"['SNR: -9']"
3526-175658-0016_5,"['SNR: 5']"
7447-91187-0048_-3,"['SNR: -3']"
3436-172171-0009_4,"['SNR: 4']"
60-121082-0004_-5,"['SNR: -5']"
322-124146-0025_-14,"['SNR: -14']"
6848-252323-0036_-11,"['SNR: -11']"
226-131532-0028_5,"['SNR: 5']"
233-155990-0043_-3,"['SNR: -3']"
911-128684-0030_-1,"['SNR: -1']"
3982-182255-0035_0,"['SNR: 0']"
5322-7680-0028_-13,"['SNR: -13']"
5652-19215-0058_9,"['SNR: 9']"
6385-220959-0043_3,"['SNR: 3']"
587-54108-0046_2,"['SNR: 2']"
1963-142776-0018_-6,"['SNR: -6']"
78-369-0046_9,"['SNR: 9']"
8123-275216-0014_7,"['SNR: 7']"
8465-246947-0007_0,"['SNR: 0']"
3857-182315-0030_10,"['SNR: 10']"
3235-28452-0015_-5,"['SNR: -5']"
1040-133433-0065_-14,"['SNR: -14']"
5561-41616-0022_1,"['SNR: 1']"
8465-246942-0011_10,"['SNR: 10']"
6836-76549-0025_-13,"['SNR: -13']"
7067-76048-0008_-12,"['SNR: -12']"
5561-41616-0023_-2,"['SNR: -2']"
5339-14133-0006_-2,"['SNR: -2']"
4898-28461-0047_-4,"['SNR: -4']"
911-128684-0072_6,"['SNR: 6']"
32-4137-0041_2,"['SNR: 2']"
8797-294123-0011_-10,"['SNR: -10']"
1034-121119-0025_-13,"['SNR: -13']"
4051-11218-0007_-3,"['SNR: -3']"
2416-152137-0010_-11,"['SNR: -11']"
311-124404-0103_5,"['SNR: 5']"
481-123720-0038_10,"['SNR: 10']"
3526-176653-0023_-13,"['SNR: -13']"
5561-39621-0042_-10,"['SNR: -10']"
5561-41616-0018_-14,"['SNR: -14']"
3436-172171-0045_-8,"['SNR: -8']"
7302-86815-0008_8,"['SNR: 8']"
3607-29116-0002_6,"['SNR: 6']"
1594-135914-0115_-9,"['SNR: -9']"
8630-305212-0008_-1,"['SNR: -1']"
7226-86964-0054_-5,"['SNR: -5']"
2764-36619-0016_2,"['SNR: 2']"
1069-133699-0002_-15,"['SNR: -15']"
887-123291-0000_-5,"['SNR: -5']"
1743-142912-0018_-8,"['SNR: -8']"
405-130895-0003_4,"['SNR: 4']"
2136-5147-0005_-5,"['SNR: -5']"
8465-246940-0025_-11,"['SNR: -11']"
7367-86737-0069_0,"['SNR: 0']"
669-129061-0017_-12,"['SNR: -12']"
3526-175658-0035_3,"['SNR: 3']"
5022-29411-0026_-12,"['SNR: -12']"
1246-124550-0038_6,"['SNR: 6']"
6272-70191-0033_-15,"['SNR: -15']"
87-121553-0086_-14,"['SNR: -14']"
2384-152900-0059_-11,"['SNR: -11']"
7278-91083-0027_-6,"['SNR: -6']"
2764-36617-0026_-3,"['SNR: -3']"
248-130644-0018_-8,"['SNR: -8']"
2384-152900-0064_-9,"['SNR: -9']"
5678-43303-0027_0,"['SNR: 0']"
8088-284756-0068_-12,"['SNR: -12']"
730-360-0007_7,"['SNR: 7']"
6925-80680-0050_-5,"['SNR: -5']"
8770-295462-0039_-4,"['SNR: -4']"
8123-275209-0034_-9,"['SNR: -9']"
2436-2477-0019_4,"['SNR: 4']"
7402-59171-0025_-4,"['SNR: -4']"
4859-26870-0012_-9,"['SNR: -9']"
6078-54013-0073_10,"['SNR: 10']"
831-130746-0012_5,"['SNR: 5']"
2817-142371-0012_-4,"['SNR: -4']"
6836-61804-0009_-1,"['SNR: -1']"
6181-216552-0018_6,"['SNR: 6']"
1081-125237-0009_-2,"['SNR: -2']"
2136-5143-0042_-9,"['SNR: -9']"
7402-90848-0037_2,"['SNR: 2']"
1737-142396-0008_3,"['SNR: 3']"
730-360-0005_2,"['SNR: 2']"
3374-298025-0031_-13,"['SNR: -13']"
2136-5140-0003_-10,"['SNR: -10']"
1447-130551-0030_-7,"['SNR: -7']"
2911-15045-0008_6,"['SNR: 6']"
40-121026-0029_6,"['SNR: 6']"
3607-135982-0010_-15,"['SNR: -15']"
7635-105409-0029_9,"['SNR: 9']"
8630-305213-0026_-12,"['SNR: -12']"
6437-66173-0014_3,"['SNR: 3']"
7800-283493-0024_0,"['SNR: 0']"
1081-125237-0062_3,"['SNR: 3']"
6925-80680-0069_-5,"['SNR: -5']"
5678-43301-0002_-8,"['SNR: -8']"
1594-135914-0085_4,"['SNR: 4']"
125-121342-0019_-11,"['SNR: -11']"
7800-283478-0006_7,"['SNR: 7']"
6081-41998-0030_-9,"['SNR: -9']"
7078-271888-0006_-14,"['SNR: -14']"
8123-275193-0009_7,"['SNR: 7']"
1116-132847-0007_3,"['SNR: 3']"
4830-25898-0015_-3,"['SNR: -3']"
5322-7678-0006_5,"['SNR: 5']"
2391-145015-0107_2,"['SNR: 2']"
7278-104730-0020_2,"['SNR: 2']"
78-369-0063_-4,"['SNR: -4']"
1841-179183-0006_1,"['SNR: 1']"
3983-5371-0020_4,"['SNR: 4']"
4088-158079-0013_-7,"['SNR: -7']"
233-134440-0014_0,"['SNR: 0']"
7800-283492-0007_-9,"['SNR: -9']"
5703-47198-0008_8,"['SNR: 8']"
8063-274112-0001_-14,"['SNR: -14']"
7780-274562-0042_5,"['SNR: 5']"
4051-11217-0027_-1,"['SNR: -1']"
7078-271888-0054_-2,"['SNR: -2']"
5750-100289-0059_-5,"['SNR: -5']"
3699-47246-0021_3,"['SNR: 3']"
2911-7601-0028_-1,"['SNR: -1']"
200-126784-0028_-6,"['SNR: -6']"
6367-65536-0040_-7,"['SNR: -7']"
1594-135914-0042_-8,"['SNR: -8']"
5678-43303-0026_0,"['SNR: 0']"
1970-28415-0014_10,"['SNR: 10']"
1867-154071-0027_7,"['SNR: 7']"
3436-172162-0025_4,"['SNR: 4']"
254-12312-0012_0,"['SNR: 0']"
1034-121119-0062_8,"['SNR: 8']"
6081-41998-0018_-2,"['SNR: -2']"
5561-41616-0026_6,"['SNR: 6']"
7078-271888-0073_-10,"['SNR: -10']"
831-130739-0035_-4,"['SNR: -4']"
5463-39173-0061_-8,"['SNR: -8']"
4051-11218-0050_-4,"['SNR: -4']"
4788-94904-0030_2,"['SNR: 2']"
4195-17507-0027_2,"['SNR: 2']"
4640-19189-0027_-4,"['SNR: -4']"
7367-86737-0095_-1,"['SNR: -1']"
211-122442-0012_-9,"['SNR: -9']"
412-126975-0026_-1,"['SNR: -1']"
3242-67153-0029_-9,"['SNR: -9']"
6078-54013-0061_-4,"['SNR: -4']"
298-126791-0010_7,"['SNR: 7']"
6531-61334-0064_-11,"['SNR: -11']"
4813-248638-0019_-2,"['SNR: -2']"
2518-154826-0052_0,"['SNR: 0']"
5678-43303-0003_-14,"['SNR: -14']"
6272-70171-0012_0,"['SNR: 0']"
1455-134435-0043_-13,"['SNR: -13']"
4813-248638-0010_-14,"['SNR: -14']"
8324-286682-0008_10,"['SNR: 10']"
8747-293952-0088_-6,"['SNR: -6']"
5163-39921-0009_-3,"['SNR: -3']"
8629-261140-0010_-14,"['SNR: -14']"
2911-15045-0005_6,"['SNR: 6']"
1235-135883-0045_-6,"['SNR: -6']"
7367-86737-0089_-9,"['SNR: -9']"
7367-86737-0102_6,"['SNR: 6']"
302-123516-0027_4,"['SNR: 4']"
198-126831-0043_-6,"['SNR: -6']"
40-121026-0027_5,"['SNR: 5']"
8123-275193-0020_3,"['SNR: 3']"
831-130739-0020_10,"['SNR: 10']"
8747-293952-0019_9,"['SNR: 9']"
887-123290-0000_5,"['SNR: 5']"
5703-47212-0024_6,"['SNR: 6']"
8123-275193-0025_-10,"['SNR: -10']"
8838-298545-0050_-6,"['SNR: -6']"
6064-56168-0024_-5,"['SNR: -5']"
1263-138246-0036_-8,"['SNR: -8']"
328-129766-0075_9,"['SNR: 9']"
5393-19219-0016_-3,"['SNR: -3']"
3240-131232-0021_-8,"['SNR: -8']"
1737-148989-0034_-7,"['SNR: -7']"
89-219-0005_-15,"['SNR: -15']"
5049-25947-0060_-5,"['SNR: -5']"
332-128985-0006_-15,"['SNR: -15']"
3857-182315-0037_-14,"['SNR: -14']"
8108-274318-0030_4,"['SNR: 4']"
7511-102420-0025_10,"['SNR: 10']"
1040-133433-0004_0,"['SNR: 0']"
2436-2477-0006_-3,"['SNR: -3']"
3168-173565-0035_-6,"['SNR: -6']"
5750-100289-0000_-1,"['SNR: -1']"
5514-19192-0010_-12,"['SNR: -12']"
248-130697-0021_-9,"['SNR: -9']"
2159-179154-0011_-15,"['SNR: -15']"
2289-152253-0027_-10,"['SNR: -10']"
6437-66173-0032_-15,"['SNR: -15']"
5867-48852-0020_-7,"['SNR: -7']"
8630-305213-0009_8,"['SNR: 8']"
3240-131231-0023_10,"['SNR: 10']"
7078-271888-0075_-8,"['SNR: -8']"
4362-15663-0042_-6,"['SNR: -6']"
3242-8112-0020_9,"['SNR: 9']"
8051-295385-0025_-8,"['SNR: -8']"
4853-29413-0017_-1,"['SNR: -1']"
5192-19397-0017_10,"['SNR: 10']"
2911-7601-0016_-7,"['SNR: -7']"
374-180298-0056_5,"['SNR: 5']"
2002-139469-0015_5,"['SNR: 5']"
6081-41997-0019_5,"['SNR: 5']"
2007-132570-0015_-13,"['SNR: -13']"
1088-129236-0013_0,"['SNR: 0']"
426-122819-0023_4,"['SNR: 4']"
4788-294466-0031_-4,"['SNR: -4']"
7178-34644-0032_6,"['SNR: 6']"
8324-286681-0000_6,"['SNR: 6']"
201-127786-0033_-9,"['SNR: -9']"
1355-39947-0064_-3,"['SNR: -3']"
8098-278252-0040_-1,"['SNR: -1']"
4441-76262-0010_-15,"['SNR: -15']"
125-121342-0011_-1,"['SNR: -1']"
4362-15663-0001_-1,"['SNR: -1']"
4830-25898-0020_3,"['SNR: 3']"
1246-124548-0035_3,"['SNR: 3']"
4267-287369-0002_-10,"['SNR: -10']"
1447-130552-0013_0,"['SNR: 0']"
3214-167607-0012_-8,"['SNR: -8']"
7059-77900-0008_2,"['SNR: 2']"
8838-298545-0046_-13,"['SNR: -13']"
1447-17506-0031_-5,"['SNR: -5']"
2159-179157-0008_1,"['SNR: 1']"
1334-135589-0014_7,"['SNR: 7']"
5750-35690-0023_-3,"['SNR: -3']"
4267-72637-0020_-11,"['SNR: -11']"
696-93314-0041_-3,"['SNR: -3']"
3879-174923-0049_-7,"['SNR: -7']"
6019-3185-0099_6,"['SNR: 6']"
8425-292520-0012_3,"['SNR: 3']"
2518-154825-0029_4,"['SNR: 4']"
1502-122619-0023_-4,"['SNR: -4']"
1235-135883-0029_7,"['SNR: 7']"
307-127540-0020_-1,"['SNR: -1']"
89-218-0004_5,"['SNR: 5']"
441-128982-0020_7,"['SNR: 7']"
887-123291-0028_0,"['SNR: 0']"
460-172359-0093_-15,"['SNR: -15']"
5808-54425-0050_-7,"['SNR: -7']"
458-126305-0042_4,"['SNR: 4']"
8095-274348-0010_-14,"['SNR: -14']"
6081-42010-0013_-1,"['SNR: -1']"
3242-67168-0006_-10,"['SNR: -10']"
4640-19187-0008_-4,"['SNR: -4']"
5789-57195-0016_10,"['SNR: 10']"
7517-100437-0026_9,"['SNR: 9']"
6147-34607-0025_1,"['SNR: 1']"
6147-34606-0007_4,"['SNR: 4']"
5703-47198-0011_4,"['SNR: 4']"
6272-70171-0030_-5,"['SNR: -5']"
669-129061-0047_5,"['SNR: 5']"
307-127540-0033_-5,"['SNR: -5']"
233-134440-0029_-4,"['SNR: -4']"
6880-216547-0108_7,"['SNR: 7']"
8095-274346-0036_-4,"['SNR: -4']"
4813-248638-0035_-2,"['SNR: -2']"
5049-25947-0004_-10,"['SNR: -10']"
4788-294466-0012_-11,"['SNR: -11']"
6880-216547-0089_0,"['SNR: 0']"
5456-62014-0017_8,"['SNR: 8']"
887-123289-0006_-12,"['SNR: -12']"
5561-41615-0022_-13,"['SNR: -13']"
5688-41232-0058_-15,"['SNR: -15']"
3436-172171-0061_7,"['SNR: 7']"
200-124140-0004_-15,"['SNR: -15']"
2691-156745-0017_4,"['SNR: 4']"
1455-134435-0007_-15,"['SNR: -15']"
2289-152253-0004_-9,"['SNR: -9']"
1624-142933-0006_-12,"['SNR: -12']"
211-122425-0015_7,"['SNR: 7']"
8324-286682-0011_4,"['SNR: 4']"
1737-146161-0013_-4,"['SNR: -4']"
3879-174923-0031_-5,"['SNR: -5']"
103-1240-0010_-13,"['SNR: -13']"
1743-142914-0028_-2,"['SNR: -2']"
696-92939-0004_1,"['SNR: 1']"
3214-167607-0017_-15,"['SNR: -15']"
1235-135883-0037_-7,"['SNR: -7']"
2911-7601-0051_-9,"['SNR: -9']"
2002-139469-0101_-5,"['SNR: -5']"
1624-168623-0002_-7,"['SNR: -7']"
1594-135914-0037_2,"['SNR: 2']"
458-126290-0000_-14,"['SNR: -14']"
1737-142396-0015_-2,"['SNR: -2']"
103-1240-0019_-8,"['SNR: -8']"
302-123516-0025_-8,"['SNR: -8']"
8063-274112-0030_0,"['SNR: 0']"
1088-134318-0016_9,"['SNR: 9']"
7302-86814-0047_7,"['SNR: 7']"
6454-93938-0028_7,"['SNR: 7']"
5104-33406-0008_-10,"['SNR: -10']"
3374-298025-0032_6,"['SNR: 6']"
1737-142397-0033_-3,"['SNR: -3']"
4088-158077-0092_-3,"['SNR: -3']"
7511-102420-0021_-9,"['SNR: -9']"
7402-90848-0060_0,"['SNR: 0']"
8419-286667-0018_-9,"['SNR: -9']"
8630-305213-0033_4,"['SNR: 4']"
328-129766-0046_-9,"['SNR: -9']"
7794-295948-0012_10,"['SNR: 10']"
6415-116629-0030_-14,"['SNR: -14']"
8088-284756-0044_9,"['SNR: 9']"
5808-54425-0033_10,"['SNR: 10']"
1363-139304-0038_10,"['SNR: 10']"
403-126855-0011_-10,"['SNR: -10']"
200-124139-0020_-8,"['SNR: -8']"
6836-76549-0007_9,"['SNR: 9']"
2817-142371-0070_-11,"['SNR: -11']"
2817-142371-0058_-6,"['SNR: -6']"
3664-11714-0016_4,"['SNR: 4']"
5778-54535-0011_-7,"['SNR: -7']"
8838-298545-0052_0,"['SNR: 0']"
8123-275216-0032_-6,"['SNR: -6']"
8975-270782-0015_-12,"['SNR: -12']"
4441-76263-0027_-8,"['SNR: -8']"
5022-29405-0030_-15,"['SNR: -15']"
1246-135815-0011_7,"['SNR: 7']"
909-131041-0029_-1,"['SNR: -1']"
587-54108-0034_1,"['SNR: 1']"
2289-152254-0029_-5,"['SNR: -5']"
6385-220959-0004_-12,"['SNR: -12']"
1098-133695-0074_-12,"['SNR: -12']"
27-123349-0020_-15,"['SNR: -15']"
3486-166446-0037_8,"['SNR: 8']"
909-131045-0015_-10,"['SNR: -10']"
4014-186176-0041_-15,"['SNR: -15']"
6531-61334-0084_-15,"['SNR: -15']"
4195-17507-0014_1,"['SNR: 1']"
2764-36617-0037_-15,"['SNR: -15']"
8312-279790-0050_-4,"['SNR: -4']"
2764-36619-0038_-9,"['SNR: -9']"
3526-176653-0039_7,"['SNR: 7']"
6925-80680-0003_-7,"['SNR: -7']"
4195-17507-0013_-9,"['SNR: -9']"
233-155990-0028_6,"['SNR: 6']"
1455-134435-0051_-8,"['SNR: -8']"
7800-283493-0020_-14,"['SNR: -14']"
4397-15668-0023_-6,"['SNR: -6']"
8629-261140-0012_-10,"['SNR: -10']"
5192-19397-0046_-10,"['SNR: -10']"
2691-156755-0035_-9,"['SNR: -9']"
669-129074-0017_-7,"['SNR: -7']"
7367-86737-0006_-10,"['SNR: -10']"
5808-54425-0036_-8,"['SNR: -8']"
4340-15220-0054_10,"['SNR: 10']"
254-27760-0033_-7,"['SNR: -7']"
3436-172171-0004_10,"['SNR: 10']"
1970-28415-0037_-4,"['SNR: -4']"
625-132118-0018_9,"['SNR: 9']"
7517-100442-0028_-15,"['SNR: -15']"
1334-135589-0038_-15,"['SNR: -15']"
1447-130551-0023_-2,"['SNR: -2']"
2952-407-0014_7,"['SNR: 7']"
669-129061-0043_5,"['SNR: 5']"
8425-246962-0005_6,"['SNR: 6']"
150-132655-0008_-10,"['SNR: -10']"
1088-134315-0034_-13,"['SNR: -13']"
250-142276-0029_-11,"['SNR: -11']"
481-123720-0052_7,"['SNR: 7']"
4441-76262-0017_-7,"['SNR: -7']"
4195-186237-0008_-7,"['SNR: -7']"
6476-96661-0026_1,"['SNR: 1']"
40-222-0028_3,"['SNR: 3']"
5703-47212-0020_10,"['SNR: 10']"
6272-70171-0015_-2,"['SNR: -2']"
8468-294887-0002_-4,"['SNR: -4']"
7078-271888-0044_-12,"['SNR: -12']"
405-130894-0059_1,"['SNR: 1']"
1743-142913-0003_-11,"['SNR: -11']"
412-126975-0021_-3,"['SNR: -3']"
6476-57446-0011_-9,"['SNR: -9']"
211-122442-0059_-4,"['SNR: -4']"
909-131045-0011_9,"['SNR: 9']"
1926-147979-0018_-15,"['SNR: -15']"
4088-158077-0056_-3,"['SNR: -3']"
3440-171009-0081_-13,"['SNR: -13']"
5808-54425-0051_2,"['SNR: 2']"
1183-133255-0011_-5,"['SNR: -5']"
27-123349-0012_8,"['SNR: 8']"
26-495-0001_-10,"['SNR: -10']"
8108-280354-0031_-8,"['SNR: -8']"
200-124139-0009_-8,"['SNR: -8']"
2910-131096-0047_-6,"['SNR: -6']"
831-130746-0003_0,"['SNR: 0']"
8088-284756-0086_-12,"['SNR: -12']"
1898-145715-0037_-12,"['SNR: -12']"
5703-47212-0036_7,"['SNR: 7']"
302-123504-0017_10,"['SNR: 10']"
211-122425-0038_-8,"['SNR: -8']"
7190-90542-0073_-15,"['SNR: -15']"
201-122255-0028_9,"['SNR: 9']"
5750-100289-0008_8,"['SNR: 8']"
1963-142393-0013_2,"['SNR: 2']"
5104-33406-0048_3,"['SNR: 3']"
4014-186175-0035_-14,"['SNR: -14']"
3168-173565-0021_2,"['SNR: 2']"
5192-19397-0059_6,"['SNR: 6']"
103-1240-0029_-9,"['SNR: -9']"
3807-4923-0008_8,"['SNR: 8']"
5561-41616-0031_-13,"['SNR: -13']"
3436-172162-0044_-12,"['SNR: -12']"
7511-102419-0048_8,"['SNR: 8']"
7148-59157-0015_-5,"['SNR: -5']"
1334-135589-0018_-3,"['SNR: -3']"
1455-134435-0014_-7,"['SNR: -7']"
226-122538-0022_5,"['SNR: 5']"
8014-112602-0013_-13,"['SNR: -13']"
1334-135589-0049_-10,"['SNR: -10']"
8838-298545-0043_7,"['SNR: 7']"
5678-43302-0011_-5,"['SNR: -5']"
3723-171631-0022_7,"['SNR: 7']"
3607-29116-0033_-4,"['SNR: -4']"
2518-154826-0027_5,"['SNR: 5']"
3440-171009-0048_3,"['SNR: 3']"
3699-175950-0007_9,"['SNR: 9']"
2092-145706-0080_9,"['SNR: 9']"
3374-298025-0017_2,"['SNR: 2']"
1040-133433-0073_-10,"['SNR: -10']"
3112-9555-0078_-4,"['SNR: -4']"
441-130108-0021_-14,"['SNR: -14']"
2817-142371-0017_-9,"['SNR: -9']"
332-128985-0061_-8,"['SNR: -8']"
8238-274553-0034_10,"['SNR: 10']"
6529-62554-0016_-10,"['SNR: -10']"
403-128339-0023_-10,"['SNR: -10']"
4640-19189-0026_2,"['SNR: 2']"
226-122538-0006_4,"['SNR: 4']"
201-127786-0031_-4,"['SNR: -4']"
125-121124-0030_8,"['SNR: 8']"
4018-107312-0026_4,"['SNR: 4']"
3235-28433-0035_-14,"['SNR: -14']"
7859-102521-0015_-10,"['SNR: -10']"
5703-47198-0000_-13,"['SNR: -13']"
322-124146-0012_-2,"['SNR: -2']"
3664-178366-0002_5,"['SNR: 5']"
2002-139469-0109_6,"['SNR: 6']"
4267-78186-0019_5,"['SNR: 5']"
5104-33406-0001_-12,"['SNR: -12']"
1594-135914-0092_-5,"['SNR: -5']"
460-172359-0070_-9,"['SNR: -9']"
1034-121119-0047_-15,"['SNR: -15']"
2092-145706-0005_-6,"['SNR: -6']"
1553-140047-0012_-14,"['SNR: -14']"
3112-9554-0005_-15,"['SNR: -15']"
7278-246956-0011_8,"['SNR: 8']"
6147-34606-0012_-1,"['SNR: -1']"
587-41619-0008_-11,"['SNR: -11']"
6529-62554-0050_-10,"['SNR: -10']"
2289-152254-0011_10,"['SNR: 10']"
831-130739-0010_-5,"['SNR: -5']"
6078-54013-0004_-2,"['SNR: -2']"
2002-139469-0058_-2,"['SNR: -2']"
3259-158083-0050_9,"['SNR: 9']"
7148-59157-0004_5,"['SNR: 5']"
8226-274369-0055_-7,"['SNR: -7']"
2007-132570-0046_0,"['SNR: 0']"
2514-149482-0036_9,"['SNR: 9']"
1263-141777-0001_4,"['SNR: 4']"
4195-17507-0019_-15,"['SNR: -15']"
6563-285357-0023_5,"['SNR: 5']"
4830-25904-0039_-6,"['SNR: -6']"
3879-173592-0042_5,"['SNR: 5']"
6836-76549-0016_-14,"['SNR: -14']"
1081-125237-0011_-10,"['SNR: -10']"
7264-92316-0019_-10,"['SNR: -10']"
412-126975-0024_5,"['SNR: 5']"
298-126790-0031_9,"['SNR: 9']"
6818-68772-0032_1,"['SNR: 1']"
1841-150351-0013_-6,"['SNR: -6']"
1594-135914-0004_1,"['SNR: 1']"
307-127539-0014_7,"['SNR: 7']"
250-142286-0011_-7,"['SNR: -7']"
6836-61804-0025_7,"['SNR: 7']"
2136-5147-0024_-9,"['SNR: -9']"
2691-156745-0000_-5,"['SNR: -5']"
5049-25947-0062_-8,"['SNR: -8']"
7178-34644-0015_2,"['SNR: 2']"
1235-135883-0003_-14,"['SNR: -14']"
2436-2476-0017_-5,"['SNR: -5']"
201-127786-0038_1,"['SNR: 1']"
8770-295465-0002_-13,"['SNR: -13']"
1355-39947-0062_-8,"['SNR: -8']"
1723-141149-0077_0,"['SNR: 0']"
2911-7601-0023_-12,"['SNR: -12']"
1183-133256-0008_1,"['SNR: 1']"
8226-274371-0046_9,"['SNR: 9']"
4195-186236-0016_10,"['SNR: 10']"
1235-135884-0020_-8,"['SNR: -8']"
2196-170151-0009_-7,"['SNR: -7']"
5393-19218-0018_-13,"['SNR: -13']"
1578-140045-0013_-6,"['SNR: -6']"
8063-274116-0025_-6,"['SNR: -6']"
4406-16883-0024_-11,"['SNR: -11']"
8312-279791-0041_10,"['SNR: 10']"
328-129766-0068_4,"['SNR: 4']"
226-131533-0026_4,"['SNR: 4']"
5049-25947-0058_-15,"['SNR: -15']"
7067-76048-0013_5,"['SNR: 5']"
2910-131096-0084_4,"['SNR: 4']"
5339-14133-0034_-13,"['SNR: -13']"
87-121553-0083_-4,"['SNR: -4']"
3723-171631-0040_-5,"['SNR: -5']"
426-122819-0001_3,"['SNR: 3']"
6385-34655-0032_-8,"['SNR: -8']"
7505-258958-0007_2,"['SNR: 2']"
7059-77900-0037_7,"['SNR: 7']"
7800-283478-0029_-12,"['SNR: -12']"
150-126107-0039_0,"['SNR: 0']"
6019-3185-0089_2,"['SNR: 2']"
8630-305213-0049_-7,"['SNR: -7']"
1363-135842-0034_2,"['SNR: 2']"
89-218-0030_-12,"['SNR: -12']"
5339-14133-0039_4,"['SNR: 4']"
911-128684-0010_-15,"['SNR: -15']"
6818-68772-0022_1,"['SNR: 1']"
5163-39921-0004_8,"['SNR: 8']"
5703-47212-0037_9,"['SNR: 9']"
2002-139469-0094_5,"['SNR: 5']"
6181-216552-0081_-9,"['SNR: -9']"
150-132655-0018_-10,"['SNR: -10']"
3723-171115-0020_3,"['SNR: 3']"
1553-140047-0004_4,"['SNR: 4']"
211-122425-0034_5,"['SNR: 5']"
3982-182255-0006_5,"['SNR: 5']"
1246-124548-0015_0,"['SNR: 0']"
3723-171631-0008_5,"['SNR: 5']"
5393-19219-0034_7,"['SNR: 7']"
1553-140048-0014_-14,"['SNR: -14']"
1069-133699-0003_10,"['SNR: 10']"
3807-4923-0030_-6,"['SNR: -6']"
6064-56165-0002_-7,"['SNR: -7']"
4640-19187-0004_-9,"['SNR: -9']"
6437-66173-0002_9,"['SNR: 9']"
8051-118101-0033_-15,"['SNR: -15']"
5808-48608-0006_10,"['SNR: 10']"
3982-182255-0009_6,"['SNR: 6']"
3374-298032-0006_-2,"['SNR: -2']"
6529-62556-0017_-7,"['SNR: -7']"
198-126831-0001_-5,"['SNR: -5']"
8051-295385-0001_4,"['SNR: 4']"
1723-141149-0027_3,"['SNR: 3']"
4362-15663-0079_2,"['SNR: 2']"
7780-274562-0021_3,"['SNR: 3']"
2989-138028-0011_-15,"['SNR: -15']"
5393-19218-0023_0,"['SNR: 0']"
6367-65536-0072_-10,"['SNR: -10']"
39-121914-0055_8,"['SNR: 8']"
1502-122615-0001_-5,"['SNR: -5']"
5322-7679-0038_5,"['SNR: 5']"
4830-25904-0028_0,"['SNR: 0']"
2384-152900-0039_8,"['SNR: 8']"
2989-138035-0014_3,"['SNR: 3']"
4441-76263-0026_4,"['SNR: 4']"
5104-33406-0054_2,"['SNR: 2']"
118-47824-0006_10,"['SNR: 10']"
5456-62014-0009_1,"['SNR: 1']"
3526-176651-0008_-9,"['SNR: -9']"
2518-154826-0029_-11,"['SNR: -11']"
2159-179156-0023_2,"['SNR: 2']"
669-129061-0060_-6,"['SNR: -6']"
198-126831-0038_7,"['SNR: 7']"
60-121082-0074_-10,"['SNR: -10']"
3242-67168-0001_6,"['SNR: 6']"
103-1240-0054_-11,"['SNR: -11']"
4362-15663-0048_3,"['SNR: 3']"
200-124139-0031_1,"['SNR: 1']"
1363-139304-0022_-1,"['SNR: -1']"
87-121553-0051_-13,"['SNR: -13']"
2136-5140-0037_-9,"['SNR: -9']"
7302-86815-0073_3,"['SNR: 3']"
5688-41232-0056_-13,"['SNR: -13']"
403-126855-0024_-9,"['SNR: -9']"
4853-27671-0031_10,"['SNR: 10']"
2416-152139-0022_-2,"['SNR: -2']"
1723-141149-0025_-7,"['SNR: -7']"
4014-186179-0009_6,"['SNR: 6']"
4088-158077-0015_4,"['SNR: 4']"
5022-29405-0000_3,"['SNR: 3']"
1088-134315-0039_0,"['SNR: 0']"
6415-116629-0033_2,"['SNR: 2']"
8629-261140-0046_6,"['SNR: 6']"
7059-88364-0032_-7,"['SNR: -7']"
4830-25904-0019_-13,"['SNR: -13']"
3607-29116-0015_-12,"['SNR: -12']"
446-123501-0001_-12,"['SNR: -12']"
4853-27671-0008_-10,"['SNR: -10']"
5163-18515-0045_-7,"['SNR: -7']"
7780-274562-0078_4,"['SNR: 4']"
8425-292520-0003_-4,"['SNR: -4']"
2436-2476-0035_7,"['SNR: 7']"
6415-116629-0025_3,"['SNR: 3']"
909-131041-0010_-10,"['SNR: -10']"
19-198-0007_-1,"['SNR: -1']"
5514-19192-0001_-15,"['SNR: -15']"
8051-295385-0015_2,"['SNR: 2']"
7635-105409-0061_-5,"['SNR: -5']"
8088-284756-0048_-9,"['SNR: -9']"
233-155990-0036_-10,"['SNR: -10']"
4297-13006-0029_-13,"['SNR: -13']"
2764-36616-0011_-9,"['SNR: -9']"
5561-39621-0043_9,"['SNR: 9']"
211-122425-0064_-2,"['SNR: -2']"
298-126791-0055_-13,"['SNR: -13']"
481-123720-0075_-4,"['SNR: -4']"
7511-102420-0004_5,"['SNR: 5']"
200-126784-0009_8,"['SNR: 8']"
1963-142393-0030_10,"['SNR: 10']"
1723-141149-0054_-6,"['SNR: -6']"
4640-19189-0044_6,"['SNR: 6']"
7302-86815-0054_-2,"['SNR: -2']"
2910-131096-0057_6,"['SNR: 6']"
5322-7680-0033_7,"['SNR: 7']"
7447-91187-0049_-11,"['SNR: -11']"
426-122821-0025_3,"['SNR: 3']"
5867-48852-0054_-12,"['SNR: -12']"
32-21625-0014_7,"['SNR: 7']"
322-124147-0034_1,"['SNR: 1']"
405-130895-0035_7,"['SNR: 7']"
6064-300880-0000_-7,"['SNR: -7']"
8770-295463-0001_1,"['SNR: 1']"
118-47824-0071_-6,"['SNR: -6']"
8747-293952-0066_-11,"['SNR: -11']"
460-172359-0041_-9,"['SNR: -9']"
2136-5147-0018_3,"['SNR: 3']"
909-131044-0021_6,"['SNR: 6']"
4813-248641-0039_2,"['SNR: 2']"
150-126107-0016_-9,"['SNR: -9']"
4014-186175-0018_-11,"['SNR: -11']"
587-54108-0029_4,"['SNR: 4']"
8747-293952-0011_1,"['SNR: 1']"
4788-94904-0031_-15,"['SNR: -15']"
5561-41615-0030_-11,"['SNR: -11']"
1069-133709-0041_-13,"['SNR: -13']"
2843-152918-0002_8,"['SNR: 8']"
1263-138246-0026_6,"['SNR: 6']"
233-134440-0052_-3,"['SNR: -3']"
5456-58161-0018_7,"['SNR: 7']"
669-129061-0002_-4,"['SNR: -4']"
4160-14187-0013_-12,"['SNR: -12']"
4813-248641-0035_-8,"['SNR: -8']"
4137-11702-0019_-7,"['SNR: -7']"
5163-39921-0050_6,"['SNR: 6']"
4088-158077-0045_3,"['SNR: 3']"
4853-27670-0033_0,"['SNR: 0']"
3440-171006-0000_-14,"['SNR: -14']"
5463-39173-0027_-10,"['SNR: -10']"
6531-61334-0108_-8,"['SNR: -8']"
1069-133699-0037_-9,"['SNR: -9']"
8580-287364-0043_6,"['SNR: 6']"
4830-25904-0012_-12,"['SNR: -12']"
3235-28452-0010_5,"['SNR: 5']"
1116-137572-0034_9,"['SNR: 9']"
1970-26100-0036_8,"['SNR: 8']"
2391-145015-0037_-15,"['SNR: -15']"
1737-142397-0001_1,"['SNR: 1']"
4297-13006-0020_-9,"['SNR: -9']"
8468-294887-0037_-14,"['SNR: -14']"
7059-77897-0002_-9,"['SNR: -9']"
7113-86041-0035_-9,"['SNR: -9']"
8226-274371-0016_3,"['SNR: 3']"
3830-12530-0035_8,"['SNR: 8']"
118-121721-0012_0,"['SNR: 0']"
83-3054-0016_-10,"['SNR: -10']"
6848-252322-0019_-11,"['SNR: -11']"
8630-305213-0012_2,"['SNR: 2']"
4340-15220-0038_-3,"['SNR: -3']"
1578-6379-0008_1,"['SNR: 1']"
6925-80680-0059_-4,"['SNR: -4']"
3486-166424-0050_-2,"['SNR: -2']"
7078-271888-0030_5,"['SNR: 5']"
8629-261139-0008_1,"['SNR: 1']"
5393-19218-0010_-14,"['SNR: -14']"
1116-137572-0037_5,"['SNR: 5']"
3830-12535-0025_9,"['SNR: 9']"
6078-54007-0033_-13,"['SNR: -13']"
5789-70653-0013_-8,"['SNR: -8']"
298-126791-0028_-11,"['SNR: -11']"
5750-100289-0047_-4,"['SNR: -4']"
8238-274553-0014_1,"['SNR: 1']"
5393-19218-0053_2,"['SNR: 2']"
1116-132851-0024_-3,"['SNR: -3']"
4397-15668-0008_6,"['SNR: 6']"
328-129766-0057_7,"['SNR: 7']"
233-155990-0026_5,"['SNR: 5']"
587-54108-0033_7,"['SNR: 7']"
1841-179183-0003_9,"['SNR: 9']"
1624-168623-0031_-13,"['SNR: -13']"
7226-86965-0042_-9,"['SNR: -9']"
289-121665-0045_-2,"['SNR: -2']"
3440-171009-0020_-7,"['SNR: -7']"
8063-274116-0036_7,"['SNR: 7']"
4088-158077-0050_1,"['SNR: 1']"
103-1241-0030_-8,"['SNR: -8']"
1970-28415-0030_-12,"['SNR: -12']"
7067-76048-0016_10,"['SNR: 10']"
5393-19218-0057_-11,"['SNR: -11']"
7264-92310-0030_0,"['SNR: 0']"
198-129977-0014_7,"['SNR: 7']"
2910-131096-0002_-3,"['SNR: -3']"
4397-15678-0030_3,"['SNR: 3']"
6848-76049-0014_5,"['SNR: 5']"
1594-135914-0046_3,"['SNR: 3']"
2092-145706-0026_-12,"['SNR: -12']"
19-227-0051_7,"['SNR: 7']"
87-121553-0077_-15,"['SNR: -15']"
322-124146-0032_-11,"['SNR: -11']"
4340-15220-0019_-11,"['SNR: -11']"
60-121082-0009_8,"['SNR: 8']"
2196-174172-0013_1,"['SNR: 1']"
332-128985-0071_-15,"['SNR: -15']"
4813-248638-0000_-6,"['SNR: -6']"
6078-54013-0025_-12,"['SNR: -12']"
4406-16883-0055_-9,"['SNR: -9']"
2843-152918-0046_-12,"['SNR: -12']"
6880-216547-0109_-8,"['SNR: -8']"
7517-100437-0013_-2,"['SNR: -2']"
426-122821-0042_-4,"['SNR: -4']"
7067-76047-0023_2,"['SNR: 2']"
1867-154075-0043_9,"['SNR: 9']"
5104-33407-0026_-5,"['SNR: -5']"
7447-91187-0069_7,"['SNR: 7']"
374-180299-0018_6,"['SNR: 6']"
1578-140045-0018_5,"['SNR: 5']"
1970-28415-0011_8,"['SNR: 8']"
6367-74004-0014_-11,"['SNR: -11']"
328-129766-0035_0,"['SNR: 0']"
248-130644-0008_4,"['SNR: 4']"
7264-92310-0008_-11,"['SNR: -11']"
6836-61803-0015_-3,"['SNR: -3']"
8108-280354-0022_-6,"['SNR: -6']"
8468-286673-0039_2,"['SNR: 2']"
5561-41616-0034_-5,"['SNR: -5']"
5393-19218-0020_-4,"['SNR: -4']"
7190-90542-0078_10,"['SNR: 10']"
5703-47198-0024_9,"['SNR: 9']"
7264-92316-0005_6,"['SNR: 6']"
8419-293469-0021_-6,"['SNR: -6']"
26-495-0066_8,"['SNR: 8']"
6181-216552-0071_-11,"['SNR: -11']"
2007-149877-0017_-7,"['SNR: -7']"
7859-102519-0020_7,"['SNR: 7']"
8095-274345-0025_3,"['SNR: 3']"
5808-48608-0008_-8,"['SNR: -8']"
5456-58161-0011_8,"['SNR: 8']"
8238-274553-0071_4,"['SNR: 4']"
887-123290-0028_9,"['SNR: 9']"
8226-274371-0037_0,"['SNR: 0']"
6836-61804-0035_-14,"['SNR: -14']"
5778-54535-0008_-6,"['SNR: -6']"
196-122159-0012_7,"['SNR: 7']"
4137-11702-0039_-11,"['SNR: -11']"
8838-298546-0034_-8,"['SNR: -8']"
200-124139-0029_1,"['SNR: 1']"
1355-39947-0060_0,"['SNR: 0']"
2989-138035-0075_-4,"['SNR: -4']"
8797-294123-0003_-13,"['SNR: -13']"
7859-102519-0018_6,"['SNR: 6']"
8468-295198-0011_4,"['SNR: 4']"
4214-7146-0019_10,"['SNR: 10']"
40-121026-0044_0,"['SNR: 0']"
1355-39947-0055_2,"['SNR: 2']"
8425-287387-0003_-3,"['SNR: -3']"
254-27760-0029_2,"['SNR: 2']"
3486-166424-0026_-14,"['SNR: -14']"
7517-100442-0023_2,"['SNR: 2']"
7113-86041-0055_9,"['SNR: 9']"
302-123523-0011_-8,"['SNR: -8']"
4214-7146-0007_3,"['SNR: 3']"
7505-258964-0011_10,"['SNR: 10']"
8629-261140-0011_-4,"['SNR: -4']"
229-130880-0091_7,"['SNR: 7']"
5789-57158-0031_-3,"['SNR: -3']"
4859-22176-0000_-8,"['SNR: -8']"
3879-173592-0020_-1,"['SNR: -1']"
1455-134435-0010_-9,"['SNR: -9']"
2836-5355-0044_2,"['SNR: 2']"
5456-58161-0007_-5,"['SNR: -5']"
887-123290-0029_-7,"['SNR: -7']"
4018-107312-0032_-5,"['SNR: -5']"
4160-11550-0002_0,"['SNR: 0']"
4680-16041-0014_-10,"['SNR: -10']"
7794-295955-0007_-5,"['SNR: -5']"
4898-20016-0038_-7,"['SNR: -7']"
5049-25947-0029_-11,"['SNR: -11']"
3235-28433-0009_-1,"['SNR: -1']"
5393-19219-0017_9,"['SNR: 9']"
322-124146-0000_-10,"['SNR: -10']"
5390-30096-0030_-14,"['SNR: -14']"
6529-62554-0020_-6,"['SNR: -6']"
5561-41615-0038_-15,"['SNR: -15']"
1743-142914-0021_1,"['SNR: 1']"
8465-246947-0014_7,"['SNR: 7']"
426-122819-0027_3,"['SNR: 3']"
6209-34600-0028_-2,"['SNR: -2']"
8609-283227-0056_-7,"['SNR: -7']"
1553-140048-0036_-13,"['SNR: -13']"
8419-293469-0005_-7,"['SNR: -7']"
311-124404-0107_-2,"['SNR: -2']"
7190-90542-0019_-2,"['SNR: -2']"
2989-138035-0041_4,"['SNR: 4']"
4481-17498-0028_5,"['SNR: 5']"
7148-82991-0033_-2,"['SNR: -2']"
8797-294123-0076_-6,"['SNR: -6']"
2952-410-0055_4,"['SNR: 4']"
332-128985-0014_5,"['SNR: 5']"
6563-63821-0029_-4,"['SNR: -4']"
911-128684-0041_0,"['SNR: 0']"
6415-111615-0039_-5,"['SNR: -5']"
2384-152900-0010_-7,"['SNR: -7']"
3526-176651-0009_-3,"['SNR: -3']"
5514-19193-0011_-6,"['SNR: -6']"
7794-295947-0005_-2,"['SNR: -2']"
8098-278278-0033_-10,"['SNR: -10']"
60-121082-0068_-8,"['SNR: -8']"
89-219-0033_-9,"['SNR: -9']"
311-124404-0080_-1,"['SNR: -1']"
1970-28415-0005_0,"['SNR: 0']"
7635-105409-0058_-11,"['SNR: -11']"
7367-86737-0045_-11,"['SNR: -11']"
7517-100437-0012_-8,"['SNR: -8']"
6078-54013-0056_10,"['SNR: 10']"
4137-11702-0029_9,"['SNR: 9']"
1455-134435-0011_4,"['SNR: 4']"
8226-274371-0004_-8,"['SNR: -8']"
7067-76048-0030_3,"['SNR: 3']"
6064-300880-0033_3,"['SNR: 3']"
1455-138263-0016_-1,"['SNR: -1']"
6531-61334-0048_7,"['SNR: 7']"
7078-271888-0081_-2,"['SNR: -2']"
3664-178366-0030_4,"['SNR: 4']"
6836-61803-0027_-14,"['SNR: -14']"
83-3054-0014_10,"['SNR: 10']"
8095-274346-0024_3,"['SNR: 3']"
250-142286-0029_-13,"['SNR: -13']"
7794-295955-0031_-8,"['SNR: -8']"
8425-291444-0002_-15,"['SNR: -15']"
8051-118101-0019_0,"['SNR: 0']"
6081-41997-0026_-8,"['SNR: -8']"
3214-167602-0006_4,"['SNR: 4']"
8051-118101-0008_-10,"['SNR: -10']"
1334-135589-0007_7,"['SNR: 7']"
2416-152139-0042_7,"['SNR: 7']"
118-47824-0029_-7,"['SNR: -7']"
250-142286-0030_3,"['SNR: 3']"
7505-258964-0009_-6,"['SNR: -6']"
3807-4955-0007_3,"['SNR: 3']"
40-222-0016_2,"['SNR: 2']"
6880-216547-0034_-5,"['SNR: -5']"
5808-54425-0043_2,"['SNR: 2']"
6367-65536-0022_1,"['SNR: 1']"
911-128684-0006_-5,"['SNR: -5']"
27-123349-0005_-3,"['SNR: -3']"
83-9960-0018_5,"['SNR: 5']"
8630-305212-0004_4,"['SNR: 4']"
8123-275216-0000_-1,"['SNR: -1']"
7278-104730-0036_8,"['SNR: 8']"
3983-5371-0013_-14,"['SNR: -14']"
5652-39938-0050_-3,"['SNR: -3']"
5022-29405-0038_-14,"['SNR: -14']"
1737-142397-0012_-12,"['SNR: -12']"
5789-57158-0015_5,"['SNR: 5']"
5750-100289-0003_10,"['SNR: 10']"
3982-182255-0038_2,"['SNR: 2']"
7190-90543-0018_-2,"['SNR: -2']"
1898-145724-0020_-9,"['SNR: -9']"
7178-34645-0026_9,"['SNR: 9']"
7402-90848-0010_-15,"['SNR: -15']"
3664-11714-0030_-9,"['SNR: -9']"
8312-279790-0004_-14,"['SNR: -14']"
233-134440-0019_7,"['SNR: 7']"
2092-145709-0004_4,"['SNR: 4']"
254-127705-0010_-4,"['SNR: -4']"
39-121914-0053_9,"['SNR: 9']"
311-124404-0085_6,"['SNR: 6']"
4160-14187-0002_-15,"['SNR: -15']"
2764-36617-0021_1,"['SNR: 1']"
2196-174172-0031_-2,"['SNR: -2']"
8580-287364-0010_-12,"['SNR: -12']"
2952-410-0012_1,"['SNR: 1']"
328-129766-0083_-2,"['SNR: -2']"
5104-33406-0058_3,"['SNR: 3']"
1737-142397-0008_2,"['SNR: 2']"
2002-139469-0059_-8,"['SNR: -8']"
3240-131232-0020_10,"['SNR: 10']"
6531-61334-0129_-6,"['SNR: -6']"
7226-86964-0009_8,"['SNR: 8']"
441-130108-0029_-9,"['SNR: -9']"
4051-11217-0003_-3,"['SNR: -3']"
2952-410-0022_-11,"['SNR: -11']"
3857-182315-0044_4,"['SNR: 4']"
7067-76048-0007_-4,"['SNR: -4']"
229-130880-0077_-12,"['SNR: -12']"
445-123857-0026_-10,"['SNR: -10']"
3664-178366-0022_5,"['SNR: 5']"
5514-19192-0035_-9,"['SNR: -9']"
3526-176653-0024_-3,"['SNR: -3']"
2893-139310-0026_5,"['SNR: 5']"
2989-138028-0005_-11,"['SNR: -11']"
7635-105409-0008_8,"['SNR: 8']"
7178-34644-0061_-12,"['SNR: -12']"
3242-8112-0036_8,"['SNR: 8']"
6209-34599-0010_-13,"['SNR: -13']"
1926-147979-0045_-11,"['SNR: -11']"
5703-47212-0032_-9,"['SNR: -9']"
150-132655-0012_-4,"['SNR: -4']"
3526-175658-0029_-5,"['SNR: -5']"
6081-42010-0028_-3,"['SNR: -3']"
6437-66172-0017_9,"['SNR: 9']"
831-130739-0008_5,"['SNR: 5']"
254-127705-0014_-11,"['SNR: -11']"
4859-22176-0010_-13,"['SNR: -13']"
5456-58161-0025_-1,"['SNR: -1']"
4853-27671-0022_4,"['SNR: 4']"
7059-77897-0003_0,"['SNR: 0']"
7517-100442-0030_9,"['SNR: 9']"
2518-154825-0043_1,"['SNR: 1']"
8324-286683-0016_5,"['SNR: 5']"
8226-274369-0047_10,"['SNR: 10']"
8425-246962-0029_-7,"['SNR: -7']"
2817-142371-0020_-15,"['SNR: -15']"
254-27760-0012_0,"['SNR: 0']"
6064-56165-0016_-7,"['SNR: -7']"
3214-167607-0007_1,"['SNR: 1']"
5750-100289-0077_-13,"['SNR: -13']"
1723-141149-0018_-13,"['SNR: -13']"
3214-167602-0000_-6,"['SNR: -6']"
8770-295462-0030_2,"['SNR: 2']"
103-1240-0031_10,"['SNR: 10']"
2092-145706-0083_-7,"['SNR: -7']"
3240-131231-0083_-6,"['SNR: -6']"
1088-134318-0003_-5,"['SNR: -5']"
6563-63821-0039_-5,"['SNR: -5']"
3214-167606-0035_-10,"['SNR: -10']"
8098-275181-0018_-11,"['SNR: -11']"
6147-34606-0031_-3,"['SNR: -3']"
302-123504-0034_1,"['SNR: 1']"
2518-154825-0056_1,"['SNR: 1']"
8088-284756-0089_3,"['SNR: 3']"
5104-33407-0043_-5,"['SNR: -5']"
1502-122619-0091_-3,"['SNR: -3']"
1081-125237-0082_4,"['SNR: 4']"
1926-147987-0017_-3,"['SNR: -3']"
4859-26870-0006_-14,"['SNR: -14']"
5514-19192-0018_6,"['SNR: 6']"
7178-34644-0047_-2,"['SNR: -2']"
4406-16883-0021_-6,"['SNR: -6']"
5867-48852-0043_7,"['SNR: 7']"
6925-80680-0000_5,"['SNR: 5']"
4267-287369-0024_8,"['SNR: 8']"
7511-102419-0044_-6,"['SNR: -6']"
5808-54425-0017_-11,"['SNR: -11']"
5808-54425-0053_-7,"['SNR: -7']"
8747-293952-0038_-4,"['SNR: -4']"
4018-103416-0011_-10,"['SNR: -10']"
3830-12530-0018_8,"['SNR: 8']"
150-126112-0004_9,"['SNR: 9']"
405-130895-0011_-13,"['SNR: -13']"
4481-17498-0034_1,"['SNR: 1']"
60-121082-0091_-7,"['SNR: -7']"
1502-122619-0085_-3,"['SNR: -3']"
5393-19218-0012_4,"['SNR: 4']"
1553-140047-0025_3,"['SNR: 3']"
441-128988-0028_3,"['SNR: 3']"
6081-42010-0024_-12,"['SNR: -12']"
1578-140045-0028_1,"['SNR: 1']"
1594-135914-0003_6,"['SNR: 6']"
3983-5371-0036_5,"['SNR: 5']"
150-126112-0016_-5,"['SNR: -5']"
5652-39938-0003_9,"['SNR: 9']"
6064-56165-0008_-3,"['SNR: -3']"
4441-76262-0019_-11,"['SNR: -11']"
481-123719-0029_-8,"['SNR: -8']"
426-122822-0022_8,"['SNR: 8']"
8770-295462-0013_2,"['SNR: 2']"
3436-172162-0022_9,"['SNR: 9']"
1867-154071-0035_-13,"['SNR: -13']"
8580-287364-0031_9,"['SNR: 9']"
5393-19218-0015_-6,"['SNR: -6']"
2843-152918-0003_2,"['SNR: 2']"
5789-57158-0019_3,"['SNR: 3']"
5022-29411-0034_-12,"['SNR: -12']"
6531-61334-0006_-15,"['SNR: -15']"
2911-12359-0012_-3,"['SNR: -3']"
8609-283227-0006_-4,"['SNR: -4']"
3699-47246-0020_-12,"['SNR: -12']"
911-130578-0019_-10,"['SNR: -10']"
32-4137-0001_9,"['SNR: 9']"
8747-293952-0074_-13,"['SNR: -13']"
6081-42010-0003_-10,"['SNR: -10']"
4160-11550-0032_-13,"['SNR: -13']"
7078-271888-0035_-9,"['SNR: -9']"
839-130898-0026_5,"['SNR: 5']"
2514-149482-0001_2,"['SNR: 2']"
27-123349-0025_-9,"['SNR: -9']"
1455-134435-0057_-2,"['SNR: -2']"
7059-77900-0006_10,"['SNR: 10']"
5163-18515-0050_3,"['SNR: 3']"
1594-135914-0048_3,"['SNR: 3']"
2384-152900-0069_-4,"['SNR: -4']"
3436-172171-0021_-12,"['SNR: -12']"
1594-135914-0020_-1,"['SNR: -1']"
2952-410-0021_-6,"['SNR: -6']"
6563-285357-0035_4,"['SNR: 4']"
8226-274371-0051_8,"['SNR: 8']"
669-129061-0085_-10,"['SNR: -10']"
7859-102518-0025_4,"['SNR: 4']"
3857-182315-0023_0,"['SNR: 0']"
211-122442-0027_4,"['SNR: 4']"
7226-86964-0059_-1,"['SNR: -1']"
1235-135883-0050_-4,"['SNR: -4']"
7800-283492-0008_6,"['SNR: 6']"
78-368-0036_3,"['SNR: 3']"
5390-24512-0020_4,"['SNR: 4']"
5867-48852-0109_-4,"['SNR: -4']"
8088-284756-0117_6,"['SNR: 6']"
6529-62554-0038_-2,"['SNR: -2']"
441-128982-0035_-4,"['SNR: -4']"
7278-104730-0014_-8,"['SNR: -8']"
307-127540-0028_-15,"['SNR: -15']"
2836-5355-0025_-5,"['SNR: -5']"
1898-145715-0007_3,"['SNR: 3']"
5022-29405-0028_8,"['SNR: 8']"
211-122442-0046_8,"['SNR: 8']"
7402-59171-0003_6,"['SNR: 6']"
3947-13262-0051_10,"['SNR: 10']"
289-121652-0025_0,"['SNR: 0']"
481-123720-0066_-4,"['SNR: -4']"
6476-57446-0077_5,"['SNR: 5']"
5049-25947-0089_9,"['SNR: 9']"
7511-102419-0021_-5,"['SNR: -5']"
5750-100289-0080_-11,"['SNR: -11']"
4195-17507-0010_8,"['SNR: 8']"
5393-19218-0056_-14,"['SNR: -14']"
696-92939-0005_4,"['SNR: 4']"
3982-182255-0021_5,"['SNR: 5']"
911-128684-0011_2,"['SNR: 2']"
2843-152918-0054_-7,"['SNR: -7']"
6531-61334-0111_-8,"['SNR: -8']"
7859-102519-0027_-13,"['SNR: -13']"
311-124404-0056_-7,"['SNR: -7']"
1034-121119-0086_-1,"['SNR: -1']"
163-122947-0036_9,"['SNR: 9']"
6836-61803-0029_-1,"['SNR: -1']"
118-124588-0017_-12,"['SNR: -12']"
298-126790-0021_9,"['SNR: 9']"
8098-278278-0025_-10,"['SNR: -10']"
5703-47198-0057_-4,"['SNR: -4']"
302-123516-0026_-4,"['SNR: -4']"
1334-135589-0093_-9,"['SNR: -9']"
8747-293952-0080_9,"['SNR: 9']"
5463-39173-0021_-2,"['SNR: -2']"
89-219-0034_7,"['SNR: 7']"
3168-173565-0036_-2,"['SNR: -2']"
1246-135815-0020_-6,"['SNR: -6']"
3607-29116-0022_-10,"['SNR: -10']"
6848-76049-0027_-5,"['SNR: -5']"
6367-65536-0069_-1,"['SNR: -1']"
1898-145720-0011_10,"['SNR: 10']"
4018-107312-0036_-7,"['SNR: -7']"
3235-28433-0004_-6,"['SNR: -6']"
1034-121119-0006_-11,"['SNR: -11']"
1447-130551-0018_-13,"['SNR: -13']"
6000-55211-0038_1,"['SNR: 1']"
2911-7601-0039_3,"['SNR: 3']"
6437-66173-0018_-4,"['SNR: -4']"
8123-275193-0016_-1,"['SNR: -1']"
4898-20016-0039_-5,"['SNR: -5']"
1040-133433-0048_-4,"['SNR: -4']"
5561-41616-0001_-11,"['SNR: -11']"
6437-66173-0042_6,"['SNR: 6']"
5808-48608-0010_-2,"['SNR: -2']"
6385-220959-0035_-15,"['SNR: -15']"
458-126290-0014_5,"['SNR: 5']"
233-134440-0061_3,"['SNR: 3']"
1963-142393-0040_-6,"['SNR: -6']"
6367-74004-0037_-1,"['SNR: -1']"
332-128985-0083_-11,"['SNR: -11']"
5688-41232-0050_-14,"['SNR: -14']"
887-123291-0023_-1,"['SNR: -1']"
302-123516-0003_10,"['SNR: 10']"
60-121082-0060_3,"['SNR: 3']"
8465-246940-0008_-1,"['SNR: -1']"
125-121124-0023_-10,"['SNR: -10']"
8226-274369-0062_-11,"['SNR: -11']"
4813-248641-0002_-15,"['SNR: -15']"
8747-293952-0062_-6,"['SNR: -6']"
8580-287364-0001_7,"['SNR: 7']"
8419-286676-0011_10,"['SNR: 10']"
6147-34606-0026_-7,"['SNR: -7']"
254-145458-0008_-15,"['SNR: -15']"
200-126784-0012_10,"['SNR: 10']"
3242-67153-0020_-6,"['SNR: -6']"
7635-105661-0042_10,"['SNR: 10']"
1841-179183-0033_0,"['SNR: 0']"
7800-283492-0027_3,"['SNR: 3']"
8095-274345-0010_-10,"['SNR: -10']"
2416-152139-0068_-15,"['SNR: -15']"
2289-152257-0004_5,"['SNR: 5']"
8580-287363-0036_-14,"['SNR: -14']"
4397-15678-0013_6,"['SNR: 6']"
2391-145015-0009_8,"['SNR: 8']"
3259-158083-0018_-12,"['SNR: -12']"
1363-139304-0033_-10,"['SNR: -10']"
909-131045-0024_0,"['SNR: 0']"
1898-145715-0038_-2,"['SNR: -2']"
8630-305212-0027_-10,"['SNR: -10']"
669-129061-0024_-2,"['SNR: -2']"
7800-283493-0027_-14,"['SNR: -14']"
248-130644-0015_-10,"['SNR: -10']"
403-128339-0030_0,"['SNR: 0']"
7278-246956-0000_-9,"['SNR: -9']"
2136-5143-0037_-9,"['SNR: -9']"
1246-124548-0034_5,"['SNR: 5']"
1926-147979-0040_-13,"['SNR: -13']"
211-122442-0011_10,"['SNR: 10']"
7190-90542-0048_-1,"['SNR: -1']"
7148-82991-0004_-15,"['SNR: -15']"
2196-170151-0007_4,"['SNR: 4']"
1737-146161-0005_-7,"['SNR: -7']"
226-122538-0026_1,"['SNR: 1']"
3983-5331-0038_9,"['SNR: 9']"
8419-286667-0014_10,"['SNR: 10']"
8747-293952-0089_-10,"['SNR: -10']"
8425-246962-0017_8,"['SNR: 8']"
8226-274369-0054_4,"['SNR: 4']"
887-123291-0014_9,"['SNR: 9']"
1963-142776-0010_7,"['SNR: 7']"
2952-410-0056_-4,"['SNR: -4']"
7367-86737-0001_2,"['SNR: 2']"
8468-294887-0005_-9,"['SNR: -9']"
7505-258964-0038_-5,"['SNR: -5']"
5339-14134-0053_-15,"['SNR: -15']"
1081-125237-0058_-12,"['SNR: -12']"
7302-86815-0010_-8,"['SNR: -8']"
3830-12531-0003_0,"['SNR: 0']"
211-122442-0036_-10,"['SNR: -10']"
3168-173565-0039_-11,"['SNR: -11']"
3486-166424-0011_1,"['SNR: 1']"
125-121124-0080_8,"['SNR: 8']"
2911-7601-0009_3,"['SNR: 3']"
89-219-0003_7,"['SNR: 7']"
5390-24512-0000_-12,"['SNR: -12']"
250-140277-0002_0,"['SNR: 0']"
446-123502-0012_3,"['SNR: 3']"
6848-252322-0016_-11,"['SNR: -11']"
248-130697-0036_-3,"['SNR: -3']"
6848-252322-0029_-9,"['SNR: -9']"
8609-262281-0015_1,"['SNR: 1']"
2159-179156-0000_-7,"['SNR: -7']"
4680-16041-0039_6,"['SNR: 6']"
3242-8112-0012_-15,"['SNR: -15']"
4214-7146-0015_-1,"['SNR: -1']"
4137-11702-0017_8,"['SNR: 8']"
1040-133433-0002_-12,"['SNR: -12']"
1088-134315-0048_4,"['SNR: 4']"
2989-138035-0078_7,"['SNR: 7']"
2518-154825-0034_1,"['SNR: 1']"
226-131532-0004_2,"['SNR: 2']"
2416-152139-0052_-5,"['SNR: -5']"
7113-86041-0020_-2,"['SNR: -2']"
60-121082-0033_0,"['SNR: 0']"
669-129061-0020_-6,"['SNR: -6']"
2817-142380-0016_-3,"['SNR: -3']"
5163-39921-0020_-15,"['SNR: -15']"
8747-293952-0005_6,"['SNR: 6']"
8014-112602-0020_-15,"['SNR: -15']"
8468-295198-0021_2,"['SNR: 2']"
4397-15668-0002_-4,"['SNR: -4']"
481-123720-0064_-11,"['SNR: -11']"
7794-295955-0024_10,"['SNR: 10']"
2002-139469-0108_-13,"['SNR: -13']"
8630-305212-0041_5,"['SNR: 5']"
1069-133709-0052_-12,"['SNR: -12']"
226-122538-0011_-11,"['SNR: -11']"
4297-13009-0002_-9,"['SNR: -9']"
839-130898-0024_-13,"['SNR: -13']"
8975-270782-0013_-6,"['SNR: -6']"
5652-39938-0038_-10,"['SNR: -10']"
4297-13009-0011_-1,"['SNR: -1']"
1502-122619-0019_2,"['SNR: 2']"
1363-139304-0006_-1,"['SNR: -1']"
669-129061-0059_-12,"['SNR: -12']"
4813-248641-0036_5,"['SNR: 5']"
1624-142933-0031_-7,"['SNR: -7']"
5393-19219-0021_-1,"['SNR: -1']"
2391-145015-0073_7,"['SNR: 7']"
1737-142397-0019_-12,"['SNR: -12']"
8747-293952-0057_-4,"['SNR: -4']"
3807-4923-0002_-11,"['SNR: -11']"
7517-100429-0021_-14,"['SNR: -14']"
5022-29411-0032_9,"['SNR: 9']"
89-219-0043_-8,"['SNR: -8']"
1088-129236-0021_-7,"['SNR: -7']"
4788-94904-0026_-1,"['SNR: -1']"
4267-287369-0013_7,"['SNR: 7']"
6415-100596-0000_-4,"['SNR: -4']"
5778-12761-0025_9,"['SNR: 9']"
163-122947-0073_4,"['SNR: 4']"
198-209-0026_-6,"['SNR: -6']"
7367-86737-0025_-3,"['SNR: -3']"
412-126975-0030_7,"['SNR: 7']"
150-126112-0018_-5,"['SNR: -5']"
5789-57158-0014_-13,"['SNR: -13']"
3436-172171-0014_-15,"['SNR: -15']"
32-21625-0003_0,"['SNR: 0']"
1841-159771-0029_-1,"['SNR: -1']"
6078-54013-0054_-1,"['SNR: -1']"
3830-12531-0002_-11,"['SNR: -11']"
3723-171115-0050_4,"['SNR: 4']"
1502-122619-0038_1,"['SNR: 1']"
2911-12359-0020_3,"['SNR: 3']"
4051-10927-0003_-6,"['SNR: -6']"
2911-7601-0011_-13,"['SNR: -13']"
248-130697-0015_-9,"['SNR: -9']"
322-124147-0083_0,"['SNR: 0']"
7859-102518-0009_-3,"['SNR: -3']"
4481-17499-0029_7,"['SNR: 7']"
6880-216547-0096_8,"['SNR: 8']"
8014-280382-0004_-4,"['SNR: -4']"
3947-13260-0015_-5,"['SNR: -5']"
307-127540-0016_-13,"['SNR: -13']"
1553-140048-0043_5,"['SNR: 5']"
5808-54425-0042_5,"['SNR: 5']"
2391-145015-0012_-11,"['SNR: -11']"
1455-134435-0073_-12,"['SNR: -12']"
4195-186237-0031_-4,"['SNR: -4']"
2289-152258-0036_-15,"['SNR: -15']"
3440-171006-0024_-1,"['SNR: -1']"
4340-15220-0078_0,"['SNR: 0']"
233-155990-0001_-10,"['SNR: -10']"
5390-24512-0045_-4,"['SNR: -4']"
200-124140-0036_-15,"['SNR: -15']"
1034-121119-0056_-1,"['SNR: -1']"
3259-158083-0063_2,"['SNR: 2']"
5463-39173-0002_7,"['SNR: 7']"
7178-34644-0063_0,"['SNR: 0']"
2910-131096-0032_-11,"['SNR: -11']"
3259-158083-0001_-12,"['SNR: -12']"
150-126112-0011_1,"['SNR: 1']"
8095-274348-0005_-10,"['SNR: -10']"
26-496-0006_-1,"['SNR: -1']"
7226-86965-0000_-3,"['SNR: -3']"
3982-178459-0019_-3,"['SNR: -3']"
1116-132847-0010_-2,"['SNR: -2']"
6476-57446-0020_-10,"['SNR: -10']"
625-132112-0050_7,"['SNR: 7']"
7226-86965-0046_-7,"['SNR: -7']"
3168-173565-0006_-13,"['SNR: -13']"
6147-34607-0003_0,"['SNR: 0']"
201-122255-0021_-1,"['SNR: -1']"
6367-65536-0041_0,"['SNR: 0']"
2416-152139-0041_3,"['SNR: 3']"
8630-305213-0029_-6,"['SNR: -6']"
2910-131096-0080_-3,"['SNR: -3']"
19-198-0028_-5,"['SNR: -5']"
322-124146-0026_-8,"['SNR: -8']"
7447-91187-0042_-13,"['SNR: -13']"
4014-186179-0010_3,"['SNR: 3']"
405-130894-0033_-10,"['SNR: -10']"
3112-9555-0016_-6,"['SNR: -6']"
7505-258958-0030_2,"['SNR: 2']"
3664-178366-0035_1,"['SNR: 1']"
198-209-0034_-9,"['SNR: -9']"
4051-11217-0038_-14,"['SNR: -14']"
669-129061-0066_-9,"['SNR: -9']"
458-126290-0002_-10,"['SNR: -10']"
730-359-0039_-11,"['SNR: -11']"
1246-124550-0001_2,"['SNR: 2']"
3982-178459-0011_-1,"['SNR: -1']"
4195-186238-0003_0,"['SNR: 0']"
3168-173565-0031_7,"['SNR: 7']"
4297-13006-0018_3,"['SNR: 3']"
3723-171115-0009_3,"['SNR: 3']"
5390-30096-0014_-3,"['SNR: -3']"
2436-2477-0004_-7,"['SNR: -7']"
2910-131096-0031_2,"['SNR: 2']"
3526-176651-0016_4,"['SNR: 4']"
3112-9555-0000_-9,"['SNR: -9']"
6209-34599-0013_-4,"['SNR: -4']"
4018-103416-0014_5,"['SNR: 5']"
2843-152918-0087_9,"['SNR: 9']"
831-130746-0014_0,"['SNR: 0']"
254-27760-0011_-2,"['SNR: -2']"
2092-145706-0048_10,"['SNR: 10']"
5789-57158-0024_6,"['SNR: 6']"
4267-78186-0002_-7,"['SNR: -7']"
8419-293473-0004_-7,"['SNR: -7']"
7367-86737-0094_5,"['SNR: 5']"
3664-11714-0025_5,"['SNR: 5']"
911-128684-0087_-14,"['SNR: -14']"
4406-16882-0049_5,"['SNR: 5']"
1594-135914-0089_10,"['SNR: 10']"
3830-12531-0018_-11,"['SNR: -11']"
60-121082-0065_-1,"['SNR: -1']"
8468-286673-0036_-14,"['SNR: -14']"
4481-17499-0007_-9,"['SNR: -9']"
5514-19192-0041_7,"['SNR: 7']"
4051-11218-0012_-8,"['SNR: -8']"
887-123290-0017_2,"['SNR: 2']"
3440-171009-0012_-10,"['SNR: -10']"
5390-24512-0031_3,"['SNR: 3']"
4859-22176-0003_2,"['SNR: 2']"
1737-146161-0011_-9,"['SNR: -9']"
211-122425-0074_-2,"['SNR: -2']"
1263-141777-0012_-1,"['SNR: -1']"
2911-7601-0024_-1,"['SNR: -1']"
2910-131096-0025_5,"['SNR: 5']"
831-130746-0058_3,"['SNR: 3']"
446-123501-0010_-9,"['SNR: -9']"
7113-86041-0007_8,"['SNR: 8']"
7302-86815-0034_3,"['SNR: 3']"
887-123291-0008_2,"['SNR: 2']"
2416-152137-0029_-3,"['SNR: -3']"
5022-29405-0034_-12,"['SNR: -12']"
2514-149482-0084_-11,"['SNR: -11']"
3526-176653-0027_-1,"['SNR: -1']"
4014-186176-0001_-5,"['SNR: -5']"
2911-12359-0021_9,"['SNR: 9']"
2893-139322-0040_-10,"['SNR: -10']"
8770-295463-0016_-10,"['SNR: -10']"
3830-12531-0023_9,"['SNR: 9']"
8419-286676-0021_-8,"['SNR: -8']"
163-122947-0022_10,"['SNR: 10']"
8014-280382-0008_-3,"['SNR: -3']"
2416-152137-0032_1,"['SNR: 1']"
4214-7146-0008_-9,"['SNR: -9']"
4813-248638-0024_1,"['SNR: 1']"
7402-59171-0048_-8,"['SNR: -8']"
405-130894-0051_3,"['SNR: 3']"
2764-36616-0025_1,"['SNR: 1']"
1553-140048-0000_-9,"['SNR: -9']"
201-127786-0001_2,"['SNR: 2']"
200-124140-0012_-8,"['SNR: -8']"
4088-158077-0047_-1,"['SNR: -1']"
6415-100596-0031_7,"['SNR: 7']"
7402-90848-0039_-7,"['SNR: -7']"
8419-286676-0010_-5,"['SNR: -5']"
4830-25898-0008_-11,"['SNR: -11']"
6836-61803-0005_9,"['SNR: 9']"
8324-286683-0014_2,"['SNR: 2']"
3879-174923-0012_-1,"['SNR: -1']"
1578-140045-0010_8,"['SNR: 8']"
412-126975-0018_-8,"['SNR: -8']"
1926-147979-0023_-9,"['SNR: -9']"
730-360-0025_-14,"['SNR: -14']"
4788-94904-0022_-4,"['SNR: -4']"
4362-15663-0073_-7,"['SNR: -7']"
7148-59157-0037_8,"['SNR: 8']"
2436-2476-0013_0,"['SNR: 0']"
8312-279791-0048_8,"['SNR: 8']"
2391-145015-0067_-14,"['SNR: -14']"
4406-16882-0018_-7,"['SNR: -7']"
8747-293952-0077_-4,"['SNR: -4']"
2002-139469-0010_-9,"['SNR: -9']"
8095-274346-0050_3,"['SNR: 3']"
1363-139304-0004_8,"['SNR: 8']"
3436-172171-0051_-3,"['SNR: -3']"
233-155990-0010_2,"['SNR: 2']"
1081-125237-0019_10,"['SNR: 10']"
460-172359-0078_6,"['SNR: 6']"
6078-54013-0002_9,"['SNR: 9']"
8051-118101-0030_-3,"['SNR: -3']"
3374-298026-0020_10,"['SNR: 10']"
7447-91187-0033_-14,"['SNR: -14']"
3607-135982-0003_4,"['SNR: 4']"
8419-286676-0023_-5,"['SNR: -5']"
4137-11702-0028_0,"['SNR: 0']"
2989-138028-0056_-3,"['SNR: -3']"
3607-135982-0038_-6,"['SNR: -6']"
2989-138028-0040_-9,"['SNR: -9']"
6064-300880-0037_-3,"['SNR: -3']"
1898-145724-0024_-4,"['SNR: -4']"
7264-92310-0002_-8,"['SNR: -8']"
4859-29340-0029_2,"['SNR: 2']"
5463-39174-0023_8,"['SNR: 8']"
730-360-0018_3,"['SNR: 3']"
5192-19397-0025_8,"['SNR: 8']"
87-121553-0106_1,"['SNR: 1']"
1034-121119-0014_-2,"['SNR: -2']"
5463-39173-0051_0,"['SNR: 0']"
6081-42010-0020_-2,"['SNR: -2']"
6367-65536-0025_-6,"['SNR: -6']"
2836-5354-0040_-14,"['SNR: -14']"
5703-47212-0033_10,"['SNR: 10']"
3374-298026-0037_-5,"['SNR: -5']"
3983-5331-0024_-15,"['SNR: -15']"
5104-33406-0015_-14,"['SNR: -14']"
87-121553-0054_-14,"['SNR: -14']"
6529-62554-0005_0,"['SNR: 0']"
4160-11550-0015_8,"['SNR: 8']"
3436-172162-0041_6,"['SNR: 6']"
5339-14134-0064_-11,"['SNR: -11']"
39-121916-0004_-7,"['SNR: -7']"
3486-166424-0028_-1,"['SNR: -1']"
3526-176653-0011_2,"['SNR: 2']"
40-121026-0021_3,"['SNR: 3']"
460-172359-0019_-12,"['SNR: -12']"
3699-175950-0001_-5,"['SNR: -5']"
2989-138035-0022_9,"['SNR: 9']"
2910-131096-0083_-6,"['SNR: -6']"
7505-258964-0043_4,"['SNR: 4']"
6437-66173-0061_-3,"['SNR: -3']"
1098-133695-0039_4,"['SNR: 4']"
6848-76049-0017_-4,"['SNR: -4']"
2391-145015-0085_-8,"['SNR: -8']"
6476-57446-0078_-6,"['SNR: -6']"
4088-158077-0043_9,"['SNR: 9']"
6367-65536-0038_-11,"['SNR: -11']"
4051-11218-0028_4,"['SNR: 4']"
911-130578-0010_8,"['SNR: 8']"
4214-7146-0001_-11,"['SNR: -11']"
831-130739-0013_2,"['SNR: 2']"
7511-102419-0051_-7,"['SNR: -7']"
403-128339-0025_9,"['SNR: 9']"
1034-121119-0069_0,"['SNR: 0']"
6078-54007-0023_-8,"['SNR: -8']"
1116-132851-0015_-8,"['SNR: -8']"
2391-145015-0056_10,"['SNR: 10']"
332-128985-0015_-4,"['SNR: -4']"
2159-179154-0033_-15,"['SNR: -15']"
83-9960-0001_-4,"['SNR: -4']"
831-130739-0030_-2,"['SNR: -2']"
8419-286667-0027_-8,"['SNR: -8']"
4640-19189-0035_10,"['SNR: 10']"
8425-292520-0017_10,"['SNR: 10']"
6925-80680-0064_7,"['SNR: 7']"
2843-152918-0105_-12,"['SNR: -12']"
289-121665-0011_-13,"['SNR: -13']"
374-180299-0043_-5,"['SNR: -5']"
2136-5140-0015_5,"['SNR: 5']"
1867-154071-0022_8,"['SNR: 8']"
1235-135883-0046_-8,"['SNR: -8']"
4340-15220-0044_-11,"['SNR: -11']"
1723-141149-0022_0,"['SNR: 0']"
27-123349-0050_3,"['SNR: 3']"
6078-54013-0019_1,"['SNR: 1']"
5322-7678-0029_-1,"['SNR: -1']"
887-123291-0022_-15,"['SNR: -15']"
163-122947-0095_-8,"['SNR: -8']"
1841-159771-0037_-14,"['SNR: -14']"
7505-83618-0015_-11,"['SNR: -11']"
7113-86041-0077_-3,"['SNR: -3']"
40-121026-0024_-4,"['SNR: -4']"
7190-90542-0016_9,"['SNR: 9']"
8324-286683-0015_-14,"['SNR: -14']"
4267-287369-0011_-14,"['SNR: -14']"
4813-248638-0028_4,"['SNR: 4']"
3240-131232-0013_-9,"['SNR: -9']"
4267-287369-0027_-14,"['SNR: -14']"
125-121124-0002_-11,"['SNR: -11']"
7517-100429-0032_1,"['SNR: 1']"
7402-90848-0005_9,"['SNR: 9']"
625-132112-0001_0,"['SNR: 0']"
5339-14133-0007_7,"['SNR: 7']"
83-9960-0053_-2,"['SNR: -2']"
1455-134435-0044_-13,"['SNR: -13']"
405-130894-0029_8,"['SNR: 8']"
3947-13262-0019_-10,"['SNR: -10']"
201-122255-0027_-9,"['SNR: -9']"
481-123720-0008_10,"['SNR: 10']"
322-124147-0005_4,"['SNR: 4']"
3168-173565-0043_-2,"['SNR: -2']"
8838-298546-0035_4,"['SNR: 4']"
4397-15666-0012_-13,"['SNR: -13']"
60-121082-0007_-14,"['SNR: -14']"
4680-16026-0019_2,"['SNR: 2']"
1116-132851-0000_-4,"['SNR: -4']"
8051-295385-0002_3,"['SNR: 3']"
3240-131232-0010_-13,"['SNR: -13']"
8838-298545-0023_-13,"['SNR: -13']"
2817-142371-0074_-8,"['SNR: -8']"
7367-86737-0063_-6,"['SNR: -6']"
8838-298545-0034_-10,"['SNR: -10']"
1723-141149-0073_-7,"['SNR: -7']"
1263-139804-0005_-12,"['SNR: -12']"
6529-62556-0028_1,"['SNR: 1']"
1553-140047-0015_-3,"['SNR: -3']"
6818-76332-0038_-4,"['SNR: -4']"
2836-5354-0002_-9,"['SNR: -9']"
3879-173592-0033_10,"['SNR: 10']"
5104-33406-0057_1,"['SNR: 1']"
5049-25947-0046_-2,"['SNR: -2']"
6529-62556-0019_5,"['SNR: 5']"
1898-145702-0015_7,"['SNR: 7']"
1578-6379-0032_7,"['SNR: 7']"
405-130894-0071_-9,"['SNR: -9']"
7148-7763-0008_4,"['SNR: 4']"
481-123720-0048_7,"['SNR: 7']"
587-54108-0054_-6,"['SNR: -6']"
1455-134435-0039_-8,"['SNR: -8']"
4160-11549-0028_9,"['SNR: 9']"
1334-135589-0050_-12,"['SNR: -12']"
426-122822-0000_7,"['SNR: 7']"
460-172359-0097_6,"['SNR: 6']"
7800-283492-0009_7,"['SNR: 7']"
1723-141149-0004_-12,"['SNR: -12']"
8468-295198-0003_-12,"['SNR: -12']"
2391-145015-0043_3,"['SNR: 3']"
40-121026-0015_2,"['SNR: 2']"
6437-66172-0030_6,"['SNR: 6']"
2893-139310-0048_5,"['SNR: 5']"
5339-14134-0003_-11,"['SNR: -11']"
8975-270782-0087_-7,"['SNR: -7']"
1992-141719-0007_8,"['SNR: 8']"
6019-3185-0007_3,"['SNR: 3']"
5652-19215-0051_-3,"['SNR: -3']"
3982-178459-0013_-14,"['SNR: -14']"
39-121916-0015_-14,"['SNR: -14']"
7113-86041-0028_2,"['SNR: 2']"
3259-158083-0116_9,"['SNR: 9']"
5703-47212-0045_-3,"['SNR: -3']"
3879-173592-0002_-6,"['SNR: -6']"
3983-5331-0009_-11,"['SNR: -11']"
6078-54013-0057_-7,"['SNR: -7']"
1624-142933-0010_2,"['SNR: 2']"
625-132118-0027_3,"['SNR: 3']"
5022-29411-0064_-1,"['SNR: -1']"
6925-80680-0024_9,"['SNR: 9']"
5703-47212-0009_-7,"['SNR: -7']"
3879-173592-0024_-4,"['SNR: -4']"
1841-159771-0007_0,"['SNR: 0']"
5514-19192-0049_7,"['SNR: 7']"
3259-158083-0064_3,"['SNR: 3']"
4481-17498-0015_-8,"['SNR: -8']"
1992-141719-0039_-12,"['SNR: -12']"
8014-112586-0006_-2,"['SNR: -2']"
8063-274116-0008_-10,"['SNR: -10']"
5867-48852-0032_-8,"['SNR: -8']"
3723-171115-0016_2,"['SNR: 2']"
1553-140048-0042_-2,"['SNR: -2']"
3259-158083-0073_-9,"['SNR: -9']"
3374-298026-0034_1,"['SNR: 1']"
1963-147036-0011_10,"['SNR: 10']"
3723-171115-0040_-13,"['SNR: -13']"
8063-274115-0016_-9,"['SNR: -9']"
1235-135887-0026_1,"['SNR: 1']"
7859-102521-0006_0,"['SNR: 0']"
6476-96661-0024_-12,"['SNR: -12']"
5808-48608-0017_8,"['SNR: 8']"
229-130880-0088_-7,"['SNR: -7']"
78-369-0035_1,"['SNR: 1']"
7859-102518-0017_-13,"['SNR: -13']"
481-123720-0067_4,"['SNR: 4']"
89-218-0001_-6,"['SNR: -6']"
198-129977-0007_8,"['SNR: 8']"
1594-135914-0097_3,"['SNR: 3']"
3607-135982-0001_-8,"['SNR: -8']"
8609-283227-0008_-2,"['SNR: -2']"
3699-19401-0009_-15,"['SNR: -15']"
32-4137-0056_-2,"['SNR: -2']"
5192-19397-0015_-3,"['SNR: -3']"
2764-36619-0004_0,"['SNR: 0']"
3486-166424-0030_0,"['SNR: 0']"
3947-13262-0028_-2,"['SNR: -2']"
8468-294887-0011_-7,"['SNR: -7']"
7067-76048-0025_1,"['SNR: 1']"
8238-283452-0001_3,"['SNR: 3']"
150-126107-0030_5,"['SNR: 5']"
118-121721-0005_-8,"['SNR: -8']"
307-127539-0016_-6,"['SNR: -6']"
4195-186237-0022_-6,"['SNR: -6']"
27-123349-0040_4,"['SNR: 4']"
328-129766-0025_-2,"['SNR: -2']"
2416-152137-0017_0,"['SNR: 0']"
7780-274562-0026_-13,"['SNR: -13']"
5393-19218-0019_-10,"['SNR: -10']"
5688-15787-0005_-5,"['SNR: -5']"
5789-57195-0018_0,"['SNR: 0']"
7794-295947-0020_-5,"['SNR: -5']"
2289-152253-0029_9,"['SNR: 9']"
405-130894-0036_-7,"['SNR: -7']"
1455-134435-0067_-12,"['SNR: -12']"
4018-103416-0017_1,"['SNR: 1']"
8051-118101-0004_-2,"['SNR: -2']"
2989-138028-0063_-9,"['SNR: -9']"
1867-154075-0000_8,"['SNR: 8']"
6081-41997-0012_5,"['SNR: 5']"
8088-284756-0085_-7,"['SNR: -7']"
1034-121119-0029_5,"['SNR: 5']"
5390-30096-0032_-9,"['SNR: -9']"
1743-142914-0026_-3,"['SNR: -3']"
5678-43301-0027_-9,"['SNR: -9']"
60-121082-0088_9,"['SNR: 9']"
248-130644-0003_0,"['SNR: 0']"
328-129766-0007_-11,"['SNR: -11']"
5867-48852-0095_0,"['SNR: 0']"
8838-298545-0021_7,"['SNR: 7']"
6476-57446-0054_-6,"['SNR: -6']"
5561-41615-0024_0,"['SNR: 0']"
2436-2477-0028_8,"['SNR: 8']"
4830-25898-0025_-9,"['SNR: -9']"
6064-56165-0028_-2,"['SNR: -2']"
2910-131096-0088_3,"['SNR: 3']"
2691-156745-0011_-7,"['SNR: -7']"
2196-170151-0031_0,"['SNR: 0']"
8238-274553-0008_-8,"['SNR: -8']"
8770-295462-0038_-10,"['SNR: -10']"
5561-39621-0026_-11,"['SNR: -11']"
8226-274369-0052_6,"['SNR: 6']"
374-180298-0065_-7,"['SNR: -7']"
1841-159771-0042_-6,"['SNR: -6']"
3947-13260-0012_-10,"['SNR: -10']"
39-121914-0014_6,"['SNR: 6']"
6836-61804-0030_3,"['SNR: 3']"
1867-154071-0010_-11,"['SNR: -11']"
5104-33406-0055_0,"['SNR: 0']"
4481-17499-0016_-14,"['SNR: -14']"
7078-271888-0084_-15,"['SNR: -15']"
2817-142371-0076_-3,"['SNR: -3']"
150-126112-0010_1,"['SNR: 1']"
458-126305-0039_2,"['SNR: 2']"
6078-54013-0026_-5,"['SNR: -5']"
8063-274115-0018_-9,"['SNR: -9']"
78-369-0027_2,"['SNR: 2']"
3857-182317-0014_-8,"['SNR: -8']"
1098-133695-0058_-11,"['SNR: -11']"
1235-135883-0030_10,"['SNR: 10']"
6925-80680-0061_-1,"['SNR: -1']"
4640-19188-0040_-13,"['SNR: -13']"
3526-176653-0030_7,"['SNR: 7']"
5514-19193-0021_0,"['SNR: 0']"
7794-295947-0031_-3,"['SNR: -3']"
2836-5355-0029_8,"['SNR: 8']"
4362-15663-0054_8,"['SNR: 8']"
8419-286676-0033_-1,"['SNR: -1']"
4137-11701-0025_-1,"['SNR: -1']"
7517-100429-0015_7,"['SNR: 7']"
60-121082-0092_0,"['SNR: 0']"
3807-4955-0009_-1,"['SNR: -1']"
60-121082-0058_3,"['SNR: 3']"
4640-19187-0038_-14,"['SNR: -14']"
587-54108-0038_-2,"['SNR: -2']"
1363-139304-0017_8,"['SNR: 8']"
1246-124548-0046_-3,"['SNR: -3']"
1743-142912-0028_-8,"['SNR: -8']"
1594-135914-0060_10,"['SNR: 10']"
441-130108-0019_-14,"['SNR: -14']"
4813-248641-0031_-3,"['SNR: -3']"
3723-171115-0033_9,"['SNR: 9']"
8580-287363-0035_-14,"['SNR: -14']"
446-123501-0036_-1,"['SNR: -1']"
3830-12530-0004_8,"['SNR: 8']"
2391-145015-0068_10,"['SNR: 10']"
8063-274116-0034_2,"['SNR: 2']"
2136-5143-0035_-11,"['SNR: -11']"
1898-145720-0010_-4,"['SNR: -4']"
4397-15668-0012_-10,"['SNR: -10']"
2817-142380-0029_-4,"['SNR: -4']"
4051-11218-0020_-8,"['SNR: -8']"
1455-134435-0047_-6,"['SNR: -6']"
1235-135884-0039_3,"['SNR: 3']"
426-122819-0017_-9,"['SNR: -9']"
7367-86737-0028_8,"['SNR: 8']"
2289-152253-0011_-6,"['SNR: -6']"
1116-132847-0019_-5,"['SNR: -5']"
6385-34655-0006_6,"['SNR: 6']"
4898-28461-0043_6,"['SNR: 6']"
2691-156755-0020_0,"['SNR: 0']"
3440-171009-0076_-4,"['SNR: -4']"
1334-135589-0023_5,"['SNR: 5']"
60-121082-0006_-10,"['SNR: -10']"
328-129766-0076_6,"['SNR: 6']"
2196-170379-0032_1,"['SNR: 1']"
7447-91187-0066_-5,"['SNR: -5']"
7402-90848-0027_-11,"['SNR: -11']"
8580-287364-0040_8,"['SNR: 8']"
5561-41615-0047_1,"['SNR: 1']"
5778-54535-0014_-10,"['SNR: -10']"
6848-76049-0005_-15,"['SNR: -15']"
2436-2477-0011_4,"['SNR: 4']"
5390-24512-0039_-13,"['SNR: -13']"
8468-286673-0012_-10,"['SNR: -10']"
8975-270782-0044_-2,"['SNR: -2']"
4441-76262-0000_9,"['SNR: 9']"
5163-39921-0007_6,"['SNR: 6']"
328-129766-0087_-3,"['SNR: -3']"
8609-283227-0013_1,"['SNR: 1']"
3112-9555-0071_-1,"['SNR: -1']"
2843-152918-0076_-12,"['SNR: -12']"
3857-182315-0027_-7,"['SNR: -7']"
2910-131096-0021_-8,"['SNR: -8']"
1081-128618-0000_2,"['SNR: 2']"
26-495-0022_-1,"['SNR: -1']"
7505-258958-0017_1,"['SNR: 1']"
5339-14134-0075_0,"['SNR: 0']"
8419-286667-0019_-10,"['SNR: -10']"
1624-168623-0043_-3,"['SNR: -3']"
2384-152900-0042_-2,"['SNR: -2']"
6476-57446-0066_-11,"['SNR: -11']"
2518-154825-0025_-15,"['SNR: -15']"
2289-152254-0023_-14,"['SNR: -14']"
7302-86815-0074_5,"['SNR: 5']"
6000-55211-0055_-8,"['SNR: -8']"
1334-135589-0019_-12,"['SNR: -12']"
4267-78186-0015_-15,"['SNR: -15']"
1334-135589-0097_6,"['SNR: 6']"
233-134440-0036_-15,"['SNR: -15']"
8123-275193-0010_-14,"['SNR: -14']"
481-123719-0020_-1,"['SNR: -1']"
298-126791-0003_1,"['SNR: 1']"
7794-295955-0017_-1,"['SNR: -1']"
8747-293952-0021_0,"['SNR: 0']"
6209-34601-0005_0,"['SNR: 0']"
5652-39938-0011_4,"['SNR: 4']"
3607-29116-0037_-12,"['SNR: -12']"
403-216-0012_-3,"['SNR: -3']"
250-142276-0019_-3,"['SNR: -3']"
4018-107312-0013_5,"['SNR: 5']"
150-132655-0003_7,"['SNR: 7']"
2384-152900-0070_-3,"['SNR: -3']"
4297-13009-0006_3,"['SNR: 3']"
5463-39174-0006_-1,"['SNR: -1']"
248-130652-0021_2,"['SNR: 2']"
3168-173564-0005_2,"['SNR: 2']"
200-126784-0016_-7,"['SNR: -7']"
8063-274112-0031_6,"['SNR: 6']"
5867-48852-0001_10,"['SNR: 10']"
3830-12531-0006_-2,"['SNR: -2']"
2092-145706-0003_2,"['SNR: 2']"
2196-170379-0004_1,"['SNR: 1']"
211-122425-0056_-11,"['SNR: -11']"
4051-11218-0023_-2,"['SNR: -2']"
307-127535-0017_-15,"['SNR: -15']"
1867-154075-0015_5,"['SNR: 5']"
78-369-0017_5,"['SNR: 5']"
1578-140049-0000_-10,"['SNR: -10']"
2952-410-0059_4,"['SNR: 4']"
8465-246947-0018_2,"['SNR: 2']"
8425-291444-0015_9,"['SNR: 9']"
887-123291-0024_2,"['SNR: 2']"
5393-19219-0049_-10,"['SNR: -10']"
5789-57158-0004_-14,"['SNR: -14']"
1263-138246-0003_7,"['SNR: 7']"
3112-9554-0012_4,"['SNR: 4']"
3168-173565-0000_-2,"['SNR: -2']"
7190-90543-0044_1,"['SNR: 1']"
1502-122619-0000_-9,"['SNR: -9']"
3807-4955-0034_-15,"['SNR: -15']"
298-126791-0025_2,"['SNR: 2']"
1235-135883-0022_-3,"['SNR: -3']"
1034-121119-0083_1,"['SNR: 1']"
1737-142397-0014_-1,"['SNR: -1']"
5808-48608-0007_0,"['SNR: 0']"
2514-149482-0010_-2,"['SNR: -2']"
625-132112-0036_-11,"['SNR: -11']"
6531-61334-0056_-11,"['SNR: -11']"
1235-135884-0030_-2,"['SNR: -2']"
5022-29411-0043_8,"['SNR: 8']"
446-123502-0033_-15,"['SNR: -15']"
4853-27671-0034_-11,"['SNR: -11']"
374-180298-0061_-6,"['SNR: -6']"
6836-61803-0043_-11,"['SNR: -11']"
211-122425-0079_-13,"['SNR: -13']"
1263-139804-0028_-13,"['SNR: -13']"
8468-286673-0004_4,"['SNR: 4']"
6209-34601-0024_-9,"['SNR: -9']"
254-145458-0013_-13,"['SNR: -13']"
909-131044-0033_9,"['SNR: 9']"
4297-13009-0038_3,"['SNR: 3']"
7859-102518-0020_-9,"['SNR: -9']"
839-130898-0001_5,"['SNR: 5']"
78-369-0058_-8,"['SNR: -8']"
887-123289-0010_-1,"['SNR: -1']"
322-124147-0029_6,"['SNR: 6']"
887-123291-0032_0,"['SNR: 0']"
307-127540-0009_4,"['SNR: 4']"
4397-15668-0032_-2,"['SNR: -2']"
7113-86041-0053_-6,"['SNR: -6']"
4813-248641-0026_3,"['SNR: 3']"
201-127786-0037_-6,"['SNR: -6']"
6181-216552-0102_-9,"['SNR: -9']"
374-180298-0037_-6,"['SNR: -6']"
3879-174923-0007_7,"['SNR: 7']"
625-132112-0045_-1,"['SNR: -1']"
1992-141719-0047_-1,"['SNR: -1']"
6064-300880-0012_-12,"['SNR: -12']"
3807-4955-0024_-7,"['SNR: -7']"
5192-19397-0036_8,"['SNR: 8']"
2007-132570-0051_8,"['SNR: 8']"
6272-70191-0022_3,"['SNR: 3']"
4397-15668-0035_-6,"['SNR: -6']"
7635-105409-0064_6,"['SNR: 6']"
5867-48852-0036_-13,"['SNR: -13']"
1594-135914-0021_-1,"['SNR: -1']"
1334-135589-0094_-10,"['SNR: -10']"
83-3054-0007_-3,"['SNR: -3']"
1594-135914-0091_-14,"['SNR: -14']"
2002-139469-0086_-11,"['SNR: -11']"
7190-90542-0024_-3,"['SNR: -3']"
39-121914-0027_-7,"['SNR: -7']"
1867-154075-0034_-11,"['SNR: -11']"
6385-220959-0030_-2,"['SNR: -2']"
887-123289-0027_-6,"['SNR: -6']"
7302-86814-0034_-10,"['SNR: -10']"
27-123349-0007_-8,"['SNR: -8']"
8238-283452-0039_-1,"['SNR: -1']"
3699-47246-0016_-3,"['SNR: -3']"
1363-135842-0046_6,"['SNR: 6']"
8108-274318-0000_6,"['SNR: 6']"
2391-145015-0023_-8,"['SNR: -8']"
200-124140-0021_-12,"['SNR: -12']"
8226-274371-0049_5,"['SNR: 5']"
2989-138035-0067_-11,"['SNR: -11']"
4195-186238-0004_-2,"['SNR: -2']"
6531-61334-0063_-3,"['SNR: -3']"
1737-148989-0012_8,"['SNR: 8']"
8630-305212-0032_-1,"['SNR: -1']"
163-122947-0043_-3,"['SNR: -3']"
307-127539-0002_2,"['SNR: 2']"
311-124404-0061_4,"['SNR: 4']"
3240-131232-0033_-4,"['SNR: -4']"
1970-26100-0008_1,"['SNR: 1']"
125-121342-0023_-4,"['SNR: -4']"
6476-57446-0043_-10,"['SNR: -10']"
4788-91208-0026_-4,"['SNR: -4']"
1963-142776-0016_3,"['SNR: 3']"
2911-7601-0000_4,"['SNR: 4']"
405-130894-0023_-7,"['SNR: -7']"
2817-142380-0037_0,"['SNR: 0']"
405-130894-0039_2,"['SNR: 2']"
103-1240-0001_-2,"['SNR: -2']"
8609-283227-0040_-8,"['SNR: -8']"
1743-142912-0020_1,"['SNR: 1']"
2843-152918-0041_-12,"['SNR: -12']"
6019-3185-0017_10,"['SNR: 10']"
2893-139310-0015_7,"['SNR: 7']"
3240-131232-0025_-11,"['SNR: -11']"
198-209-0002_-7,"['SNR: -7']"
2007-149877-0055_5,"['SNR: 5']"
1578-6379-0003_-13,"['SNR: -13']"
5514-19193-0010_7,"['SNR: 7']"
2893-139310-0007_-7,"['SNR: -7']"
5339-14134-0021_0,"['SNR: 0']"
8063-274116-0010_-6,"['SNR: -6']"
87-121553-0049_9,"['SNR: 9']"
118-121721-0004_-4,"['SNR: -4']"
7226-86964-0003_7,"['SNR: 7']"
374-180299-0044_10,"['SNR: 10']"
8014-112602-0005_1,"['SNR: 1']"
1926-147987-0014_0,"['SNR: 0']"
4297-13009-0024_-1,"['SNR: -1']"
7859-102518-0003_7,"['SNR: 7']"
8797-294123-0001_-9,"['SNR: -9']"
7190-90542-0046_-14,"['SNR: -14']"
3214-167607-0040_8,"['SNR: 8']"
8051-295385-0003_5,"['SNR: 5']"
7505-258964-0027_-5,"['SNR: -5']"
6019-3185-0046_-6,"['SNR: -6']"
7264-92310-0017_-2,"['SNR: -2']"
8629-261139-0064_2,"['SNR: 2']"
3235-28433-0016_0,"['SNR: 0']"
78-369-0007_-1,"['SNR: -1']"
5463-39173-0062_3,"['SNR: 3']"
7402-90848-0018_-8,"['SNR: -8']"
1116-132851-0020_-11,"['SNR: -11']"
8465-246942-0002_4,"['SNR: 4']"
4137-11702-0060_-4,"['SNR: -4']"
3607-135982-0032_4,"['SNR: 4']"
2002-139469-0008_-2,"['SNR: -2']"
4441-76263-0015_-13,"['SNR: -13']"
200-124139-0015_-9,"['SNR: -9']"
7178-34645-0004_-7,"['SNR: -7']"
198-126831-0025_1,"['SNR: 1']"
2843-152918-0094_-1,"['SNR: -1']"
211-122442-0000_0,"['SNR: 0']"
5750-35690-0015_-12,"['SNR: -12']"
8238-274553-0025_-11,"['SNR: -11']"
103-1240-0018_-4,"['SNR: -4']"
3607-135982-0039_-15,"['SNR: -15']"
1355-39947-0035_4,"['SNR: 4']"
5678-43301-0025_-5,"['SNR: -5']"
4640-19187-0040_6,"['SNR: 6']"
8975-270782-0103_-1,"['SNR: -1']"
1926-147979-0051_0,"['SNR: 0']"
2893-139322-0011_-3,"['SNR: -3']"
2196-170151-0011_9,"['SNR: 9']"
2002-139469-0074_6,"['SNR: 6']"
3807-4923-0039_-12,"['SNR: -12']"
78-368-0018_-6,"['SNR: -6']"
8838-298545-0007_-7,"['SNR: -7']"
328-129766-0023_-3,"['SNR: -3']"
4340-15220-0010_1,"['SNR: 1']"
8797-294123-0074_-7,"['SNR: -7']"
2391-145015-0006_-5,"['SNR: -5']"
1970-26100-0017_3,"['SNR: 3']"
83-9960-0031_2,"['SNR: 2']"
5456-62014-0011_-6,"['SNR: -6']"
839-130898-0058_-2,"['SNR: -2']"
2182-181173-0013_-9,"['SNR: -9']"
8468-295198-0009_-10,"['SNR: -10']"
7859-102518-0007_0,"['SNR: 0']"
669-129061-0057_-9,"['SNR: -9']"
8838-298546-0013_-9,"['SNR: -9']"
7059-77900-0025_-5,"['SNR: -5']"
6272-70171-0024_8,"['SNR: 8']"
4788-294466-0016_-12,"['SNR: -12']"
7517-100429-0010_-6,"['SNR: -6']"
1926-143879-0035_-13,"['SNR: -13']"
311-124404-0014_-10,"['SNR: -10']"
6081-41998-0000_-8,"['SNR: -8']"
7226-86965-0024_-4,"['SNR: -4']"
7511-102420-0009_-8,"['SNR: -8']"
460-172359-0068_-15,"['SNR: -15']"
19-227-0020_3,"['SNR: 3']"
1235-135884-0012_10,"['SNR: 10']"
5393-19218-0009_1,"['SNR: 1']"
5339-14133-0053_6,"['SNR: 6']"
3526-176653-0036_1,"['SNR: 1']"
887-123291-0002_-1,"['SNR: -1']"
5163-18515-0026_5,"['SNR: 5']"
6836-61803-0000_-2,"['SNR: -2']"
3830-12531-0008_1,"['SNR: 1']"
3526-176653-0052_2,"['SNR: 2']"
3699-19401-0011_6,"['SNR: 6']"
7226-86965-0026_10,"['SNR: 10']"
87-121553-0071_-4,"['SNR: -4']"
254-27760-0025_-2,"['SNR: -2']"
7067-76048-0003_3,"['SNR: 3']"
4397-15666-0021_-3,"['SNR: -3']"
446-123501-0060_-12,"['SNR: -12']"
7447-91187-0038_-13,"['SNR: -13']"
6925-80680-0020_-2,"['SNR: -2']"
4362-15663-0051_-12,"['SNR: -12']"
6147-34605-0017_-6,"['SNR: -6']"
6272-70191-0001_9,"['SNR: 9']"
60-121082-0084_-10,"['SNR: -10']"
3723-171115-0011_-14,"['SNR: -14']"
5808-48608-0001_-2,"['SNR: -2']"
2136-5143-0015_-5,"['SNR: -5']"
8629-261140-0004_9,"['SNR: 9']"
5104-33406-0053_10,"['SNR: 10']"
5652-19215-0011_0,"['SNR: 0']"
1926-147987-0027_-9,"['SNR: -9']"
6880-216547-0007_-14,"['SNR: -14']"
27-124992-0016_-5,"['SNR: -5']"
5049-25947-0021_-13,"['SNR: -13']"
6531-61334-0061_-12,"['SNR: -12']"
5703-47198-0048_-2,"['SNR: -2']"
1624-168623-0047_-11,"['SNR: -11']"
1183-128659-0009_-13,"['SNR: -13']"
125-121124-0076_-10,"['SNR: -10']"
4214-7146-0042_3,"['SNR: 3']"
6209-34599-0022_1,"['SNR: 1']"
78-368-0015_-14,"['SNR: -14']"
5463-39174-0047_5,"['SNR: 5']"
3486-166424-0024_-11,"['SNR: -11']"
6531-61334-0119_10,"['SNR: 10']"
4441-76262-0020_-4,"['SNR: -4']"
8063-274115-0003_3,"['SNR: 3']"
5688-41232-0027_-6,"['SNR: -6']"
2910-131096-0038_-1,"['SNR: -1']"
3983-5331-0008_-1,"['SNR: -1']"
6147-34607-0032_-9,"['SNR: -9']"
4788-94904-0005_5,"['SNR: 5']"
4830-25904-0008_-3,"['SNR: -3']"
2910-131096-0073_0,"['SNR: 0']"
587-41619-0025_2,"['SNR: 2']"
5652-19215-0059_4,"['SNR: 4']"
2843-152918-0103_-5,"['SNR: -5']"
7190-90543-0001_-11,"['SNR: -11']"
4014-186183-0002_-11,"['SNR: -11']"
7113-86041-0047_1,"['SNR: 1']"
7402-90848-0007_-11,"['SNR: -11']"
3947-13262-0042_1,"['SNR: 1']"
7780-274562-0073_-13,"['SNR: -13']"
5393-19218-0016_10,"['SNR: 10']"
2136-5143-0016_10,"['SNR: 10']"
374-180299-0006_-14,"['SNR: -14']"
4898-28461-0024_3,"['SNR: 3']"
6563-63821-0023_10,"['SNR: 10']"
311-124404-0111_-6,"['SNR: -6']"
2136-5147-0004_-5,"['SNR: -5']"
911-128684-0039_1,"['SNR: 1']"
1263-141777-0005_-4,"['SNR: -4']"
2289-152254-0015_-4,"['SNR: -4']"
6529-62554-0014_-6,"['SNR: -6']"
2384-152900-0081_-14,"['SNR: -14']"
8468-294887-0001_0,"['SNR: 0']"
1069-133709-0006_-4,"['SNR: -4']"
1447-130550-0021_-12,"['SNR: -12']"
8975-270782-0050_9,"['SNR: 9']"
1088-134315-0033_10,"['SNR: 10']"
2989-138028-0045_-3,"['SNR: -3']"
5678-43301-0011_9,"['SNR: 9']"
5808-54425-0000_-5,"['SNR: -5']"
6476-96661-0001_6,"['SNR: 6']"
587-54108-0051_-5,"['SNR: -5']"
911-128684-0047_2,"['SNR: 2']"
6454-107462-0035_-3,"['SNR: -3']"
1723-141149-0017_0,"['SNR: 0']"
87-121553-0072_3,"['SNR: 3']"
426-122821-0036_-5,"['SNR: -5']"
6019-3185-0051_5,"['SNR: 5']"
7505-258964-0007_-10,"['SNR: -10']"
7302-86815-0078_-10,"['SNR: -10']"
1841-179183-0002_4,"['SNR: 4']"
198-126831-0034_-10,"['SNR: -10']"
5393-19218-0000_-2,"['SNR: -2']"
8051-119902-0024_-8,"['SNR: -8']"
8629-261139-0026_-1,"['SNR: -1']"
3947-13262-0013_-1,"['SNR: -1']"
587-41611-0012_3,"['SNR: 3']"
5339-14134-0052_-9,"['SNR: -9']"
60-121082-0012_5,"['SNR: 5']"
4830-25904-0013_-1,"['SNR: -1']"
211-122425-0071_-8,"['SNR: -8']"
8014-112602-0001_9,"['SNR: 9']"
3214-167607-0023_-14,"['SNR: -14']"
8838-298546-0025_4,"['SNR: 4']"
2911-12359-0013_-14,"['SNR: -14']"
2002-139469-0030_7,"['SNR: 7']"
7367-86737-0090_-10,"['SNR: -10']"
2910-131096-0017_-11,"['SNR: -11']"
5789-70653-0036_10,"['SNR: 10']"
7078-271888-0029_-2,"['SNR: -2']"
5104-33407-0033_-6,"['SNR: -6']"
6147-34607-0037_-5,"['SNR: -5']"
2136-5143-0014_8,"['SNR: 8']"
7190-90543-0030_-11,"['SNR: -11']"
7635-105661-0007_4,"['SNR: 4']"
2952-410-0042_-15,"['SNR: -15']"
3242-67153-0014_-5,"['SNR: -5']"
1116-132847-0017_1,"['SNR: 1']"
6454-107462-0000_-2,"['SNR: -2']"
2764-36619-0035_-6,"['SNR: -6']"
6925-80680-0019_10,"['SNR: 10']"
3879-174923-0043_8,"['SNR: 8']"
3807-4923-0014_7,"['SNR: 7']"
441-130108-0016_-10,"['SNR: -10']"
5750-100289-0073_-1,"['SNR: -1']"
2817-142371-0052_-8,"['SNR: -8']"
2514-149482-0019_-1,"['SNR: -1']"
6064-300880-0029_7,"['SNR: 7']"
1553-140047-0035_-10,"['SNR: -10']"
2159-179156-0003_8,"['SNR: 8']"
1502-122619-0060_-9,"['SNR: -9']"
83-9960-0027_2,"['SNR: 2']"
6476-57446-0065_3,"['SNR: 3']"
909-131045-0019_-4,"['SNR: -4']"
2436-2481-0022_-1,"['SNR: -1']"
6563-63821-0013_-15,"['SNR: -15']"
3983-5331-0011_-7,"['SNR: -7']"
1553-140047-0027_-9,"['SNR: -9']"
1098-133695-0051_-15,"['SNR: -15']"
302-123516-0011_2,"['SNR: 2']"
4406-16882-0005_2,"['SNR: 2']"
1235-135887-0004_-3,"['SNR: -3']"
1235-135884-0016_-6,"['SNR: -6']"
4441-76263-0000_0,"['SNR: 0']"
3259-158083-0025_8,"['SNR: 8']"
201-122255-0024_-10,"['SNR: -10']"
5703-47198-0020_-5,"['SNR: -5']"
89-219-0007_-3,"['SNR: -3']"
6181-216552-0019_-5,"['SNR: -5']"
6064-300880-0027_-7,"['SNR: -7']"
7148-7763-0004_-6,"['SNR: -6']"
2764-36617-0028_0,"['SNR: 0']"
250-142276-0012_-2,"['SNR: -2']"
302-123523-0034_10,"['SNR: 10']"
328-129766-0034_-14,"['SNR: -14']"
3374-298025-0029_-7,"['SNR: -7']"
2289-152258-0028_0,"['SNR: 0']"
3699-47246-0023_-3,"['SNR: -3']"
87-121553-0101_-2,"['SNR: -2']"
5049-25947-0063_0,"['SNR: 0']"
1069-133709-0034_-2,"['SNR: -2']"
3723-171115-0003_0,"['SNR: 0']"
1737-142397-0010_7,"['SNR: 7']"
3983-5371-0017_10,"['SNR: 10']"
460-172359-0002_-1,"['SNR: -1']"
4160-11550-0012_1,"['SNR: 1']"
4640-19187-0011_-1,"['SNR: -1']"
211-122425-0007_-5,"['SNR: -5']"
19-227-0037_-9,"['SNR: -9']"
1447-130550-0006_-8,"['SNR: -8']"
1355-39947-0089_5,"['SNR: 5']"
2836-5355-0022_-4,"['SNR: -4']"
5514-19192-0005_8,"['SNR: 8']"
8629-261139-0073_-5,"['SNR: -5']"
328-129766-0086_-13,"['SNR: -13']"
3807-4923-0000_0,"['SNR: 0']"
1081-125237-0034_9,"['SNR: 9']"
7505-258964-0021_-9,"['SNR: -9']"
5104-33407-0017_-7,"['SNR: -7']"
6531-61334-0122_3,"['SNR: 3']"
3240-131231-0064_5,"['SNR: 5']"
8770-295465-0039_8,"['SNR: 8']"
1926-147987-0011_2,"['SNR: 2']"
4340-15220-0097_1,"['SNR: 1']"
1081-128618-0010_-10,"['SNR: -10']"
5339-14134-0078_-9,"['SNR: -9']"
3526-176653-0007_10,"['SNR: 10']"
322-124147-0051_-2,"['SNR: -2']"
1926-147987-0031_9,"['SNR: 9']"
322-124147-0049_-5,"['SNR: -5']"
6454-93938-0034_8,"['SNR: 8']"
4680-16041-0029_8,"['SNR: 8']"
8838-298545-0004_-12,"['SNR: -12']"
7800-283478-0011_2,"['SNR: 2']"
887-123291-0038_1,"['SNR: 1']"
298-126791-0001_-11,"['SNR: -11']"
26-496-0000_8,"['SNR: 8']"
3242-67168-0005_-5,"['SNR: -5']"
6529-62554-0056_-2,"['SNR: -2']"
3947-13260-0020_-13,"['SNR: -13']"
2910-131096-0090_4,"['SNR: 4']"
322-124147-0026_-3,"['SNR: -3']"
7278-104730-0030_8,"['SNR: 8']"
7780-274562-0048_-9,"['SNR: -9']"
7635-105409-0022_0,"['SNR: 0']"
911-128684-0070_-3,"['SNR: -3']"
481-123720-0024_-12,"['SNR: -12']"
7517-100437-0025_-9,"['SNR: -9']"
4088-158077-0076_-15,"['SNR: -15']"
4018-107312-0033_5,"['SNR: 5']"
2910-131096-0079_2,"['SNR: 2']"
6147-34607-0007_10,"['SNR: 10']"
1116-132851-0011_-1,"['SNR: -1']"
8468-286673-0020_-15,"['SNR: -15']"
7059-77900-0011_8,"['SNR: 8']"
2989-138028-0074_-5,"['SNR: -5']"
1088-134315-0005_-6,"['SNR: -6']"
4362-15663-0068_4,"['SNR: 4']"
307-127535-0004_-11,"['SNR: -11']"
2007-132570-0037_6,"['SNR: 6']"
4014-186183-0003_8,"['SNR: 8']"
7635-105661-0032_-11,"['SNR: -11']"
196-122150-0032_-10,"['SNR: -10']"
1235-135883-0000_2,"['SNR: 2']"
2007-149877-0051_8,"['SNR: 8']"
374-180298-0007_-2,"['SNR: -2']"
412-126975-0072_-1,"['SNR: -1']"
3235-28433-0026_-9,"['SNR: -9']"
6925-80680-0016_7,"['SNR: 7']"
5022-29411-0068_-13,"['SNR: -13']"
831-130739-0061_5,"['SNR: 5']"
446-123502-0014_-2,"['SNR: -2']"
412-126975-0088_-8,"['SNR: -8']"
1578-140049-0037_3,"['SNR: 3']"
403-128339-0029_1,"['SNR: 1']"
233-134440-0048_10,"['SNR: 10']"
2182-181183-0014_-7,"['SNR: -7']"
1246-124548-0045_1,"['SNR: 1']"
1624-168623-0026_4,"['SNR: 4']"
1594-135914-0102_-12,"['SNR: -12']"
4640-19189-0023_-12,"['SNR: -12']"
3607-135982-0022_-8,"['SNR: -8']"
1088-129236-0024_-14,"['SNR: -14']"
5393-19219-0048_0,"['SNR: 0']"
3664-178355-0034_5,"['SNR: 5']"
211-122442-0017_-15,"['SNR: -15']"
1743-142914-0006_1,"['SNR: 1']"
7264-92316-0032_6,"['SNR: 6']"
6848-252323-0027_-10,"['SNR: -10']"
3607-135982-0012_9,"['SNR: 9']"
311-124404-0082_3,"['SNR: 3']"
6437-66173-0060_-14,"['SNR: -14']"
4788-91208-0028_-2,"['SNR: -2']"
2159-179154-0032_-10,"['SNR: -10']"
3857-182317-0007_10,"['SNR: 10']"
3214-167607-0008_-9,"['SNR: -9']"
1578-6379-0033_5,"['SNR: 5']"
3526-176651-0019_2,"['SNR: 2']"
5688-41232-0036_1,"['SNR: 1']"
3699-19401-0004_3,"['SNR: 3']"
7402-90848-0012_6,"['SNR: 6']"
6081-42010-0016_6,"['SNR: 6']"
5049-25947-0059_-9,"['SNR: -9']"
7078-271888-0092_10,"['SNR: 10']"
7859-102519-0015_-15,"['SNR: -15']"
7067-76048-0000_3,"['SNR: 3']"
3807-4923-0027_8,"['SNR: 8']"
322-124147-0023_5,"['SNR: 5']"
4214-7146-0039_-7,"['SNR: -7']"
446-123502-0038_1,"['SNR: 1']"
3259-158083-0022_2,"['SNR: 2']"
6531-61334-0091_7,"['SNR: 7']"
4406-16883-0013_-5,"['SNR: -5']"
2952-408-0017_-12,"['SNR: -12']"
1553-140047-0034_1,"['SNR: 1']"
2416-152139-0062_-8,"['SNR: -8']"
5808-54425-0031_-4,"['SNR: -4']"
5022-29411-0029_-2,"['SNR: -2']"
1553-140047-0050_-7,"['SNR: -7']"
3112-9554-0002_-12,"['SNR: -12']"
7505-83618-0018_-6,"['SNR: -6']"
2002-139469-0098_-5,"['SNR: -5']"
6000-86686-0024_6,"['SNR: 6']"
39-121914-0032_10,"['SNR: 10']"
8465-246947-0022_1,"['SNR: 1']"
1263-141777-0011_3,"['SNR: 3']"
8238-283452-0030_8,"['SNR: 8']"
3214-167606-0012_-5,"['SNR: -5']"
4362-15663-0077_5,"['SNR: 5']"
426-122819-0014_-7,"['SNR: -7']"
196-122159-0022_1,"['SNR: 1']"
6848-252322-0002_4,"['SNR: 4']"
211-122442-0049_2,"['SNR: 2']"
4297-13006-0008_-9,"['SNR: -9']"
8312-279791-0044_-13,"['SNR: -13']"
7447-91187-0047_6,"['SNR: 6']"
887-123289-0005_6,"['SNR: 6']"
6880-216547-0021_-3,"['SNR: -3']"
332-128985-0067_7,"['SNR: 7']"
1116-137572-0002_0,"['SNR: 0']"
8419-293473-0002_-9,"['SNR: -9']"
1553-140048-0008_6,"['SNR: 6']"
8425-291444-0008_0,"['SNR: 0']"
6880-216547-0060_-9,"['SNR: -9']"
6848-252323-0002_-1,"['SNR: -1']"
78-368-0039_6,"['SNR: 6']"
298-126790-0024_-1,"['SNR: -1']"
6064-300880-0035_-1,"['SNR: -1']"
1743-142912-0000_9,"['SNR: 9']"
7113-86041-0046_0,"['SNR: 0']"
7067-76047-0031_-12,"['SNR: -12']"
2989-138035-0056_-11,"['SNR: -11']"
4297-13006-0034_-9,"['SNR: -9']"
8770-295465-0014_6,"['SNR: 6']"
32-21631-0005_-6,"['SNR: -6']"
3857-182315-0005_-4,"['SNR: -4']"
1040-133433-0080_8,"['SNR: 8']"
481-123720-0027_-12,"['SNR: -12']"
307-127535-0033_9,"['SNR: 9']"
8468-286673-0018_2,"['SNR: 2']"
5778-12761-0005_-10,"['SNR: -10']"
1363-139304-0043_-9,"['SNR: -9']"
4898-28461-0013_-12,"['SNR: -12']"
5778-12761-0001_-10,"['SNR: -10']"
1578-140049-0035_2,"['SNR: 2']"
5049-25947-0078_5,"['SNR: 5']"
7794-295947-0043_-5,"['SNR: -5']"
3112-9555-0037_-12,"['SNR: -12']"
2384-152900-0025_4,"['SNR: 4']"
332-128985-0069_7,"['SNR: 7']"
332-128985-0080_9,"['SNR: 9']"
1502-122619-0086_-15,"['SNR: -15']"
6476-57446-0016_0,"['SNR: 0']"
4898-20016-0020_9,"['SNR: 9']"
2764-36617-0010_2,"['SNR: 2']"
8312-279791-0042_5,"['SNR: 5']"
2436-2477-0001_-13,"['SNR: -13']"
730-359-0035_2,"['SNR: 2']"
1992-141719-0054_8,"['SNR: 8']"
5808-54425-0029_-14,"['SNR: -14']"
226-131533-0031_-11,"['SNR: -11']"
6454-93938-0020_7,"['SNR: 7']"
426-122822-0012_-9,"['SNR: -9']"
2416-152139-0036_0,"['SNR: 0']"
8098-275181-0013_-11,"['SNR: -11']"
2007-149877-0026_-12,"['SNR: -12']"
3235-11599-0027_-12,"['SNR: -12']"
8425-287387-0017_-2,"['SNR: -2']"
3857-182315-0022_-6,"['SNR: -6']"
1578-6379-0045_-1,"['SNR: -1']"
5561-41615-0009_6,"['SNR: 6']"
7178-34644-0023_-1,"['SNR: -1']"
405-130895-0034_-8,"['SNR: -8']"
5104-33407-0039_-14,"['SNR: -14']"
5192-19397-0049_10,"['SNR: 10']"
1578-140045-0029_-11,"['SNR: -11']"
3214-167607-0000_5,"['SNR: 5']"
7800-283493-0008_-7,"['SNR: -7']"
4859-29340-0026_-1,"['SNR: -1']"
4362-15663-0050_-12,"['SNR: -12']"
233-134440-0000_1,"['SNR: 1']"
5867-48852-0060_-9,"['SNR: -9']"
4014-186176-0012_-13,"['SNR: -13']"
6064-300880-0018_7,"['SNR: 7']"
250-142276-0056_5,"['SNR: 5']"
6147-34607-0013_10,"['SNR: 10']"
458-126305-0034_-9,"['SNR: -9']"
118-121721-0013_-6,"['SNR: -6']"
445-123860-0026_8,"['SNR: 8']"
1898-145724-0036_3,"['SNR: 3']"
78-368-0016_-5,"['SNR: -5']"
248-130652-0009_8,"['SNR: 8']"
78-369-0028_-9,"['SNR: -9']"
2136-5147-0002_-10,"['SNR: -10']"
5339-14134-0037_-13,"['SNR: -13']"
8770-295463-0026_3,"['SNR: 3']"
2911-12359-0009_1,"['SNR: 1']"
1098-133695-0070_5,"['SNR: 5']"
730-358-0040_8,"['SNR: 8']"
2436-2477-0016_2,"['SNR: 2']"
7278-246956-0027_9,"['SNR: 9']"
3947-13260-0042_-11,"['SNR: -11']"
5049-25947-0070_-10,"['SNR: -10']"
3664-178355-0012_-4,"['SNR: -4']"
201-127786-0075_5,"['SNR: 5']"
481-123719-0014_4,"['SNR: 4']"
27-123349-0026_-2,"['SNR: -2']"
163-122947-0083_10,"['SNR: 10']"
3440-171009-0034_0,"['SNR: 0']"
4018-107312-0000_-12,"['SNR: -12']"
2691-156755-0026_-7,"['SNR: -7']"
4214-7146-0024_-11,"['SNR: -11']"
5456-62043-0011_-14,"['SNR: -14']"
3982-178459-0026_-14,"['SNR: -14']"
8747-293952-0059_-8,"['SNR: -8']"
7511-102419-0052_1,"['SNR: 1']"
226-131533-0021_-1,"['SNR: -1']"
909-131041-0026_10,"['SNR: 10']"
5561-39621-0033_0,"['SNR: 0']"
1553-140047-0017_3,"['SNR: 3']"
27-124992-0029_-13,"['SNR: -13']"
302-123523-0025_-2,"['SNR: -2']"
5808-48608-0057_-3,"['SNR: -3']"
6818-68772-0037_1,"['SNR: 1']"
2436-2477-0000_0,"['SNR: 0']"
4397-15668-0028_-13,"['SNR: -13']"
1502-122619-0027_-10,"['SNR: -10']"
7067-76048-0037_-10,"['SNR: -10']"
2989-138035-0076_7,"['SNR: 7']"
6000-86686-0003_-7,"['SNR: -7']"
5390-30096-0018_-2,"['SNR: -2']"
5104-33407-0011_7,"['SNR: 7']"
6000-55211-0059_-6,"['SNR: -6']"
3526-176653-0004_7,"['SNR: 7']"
587-41619-0023_-11,"['SNR: -11']"
460-172359-0025_-12,"['SNR: -12']"
3112-9555-0002_-8,"['SNR: -8']"
1594-135914-0014_-15,"['SNR: -15']"
2518-154826-0030_-12,"['SNR: -12']"
5322-7678-0025_-2,"['SNR: -2']"
7190-90543-0028_7,"['SNR: 7']"
2289-152254-0004_-2,"['SNR: -2']"
6818-76332-0045_-13,"['SNR: -13']"
4051-11218-0059_10,"['SNR: 10']"
1334-135589-0062_6,"['SNR: 6']"
8465-246943-0022_-15,"['SNR: -15']"
2391-145015-0057_3,"['SNR: 3']"
7178-34644-0004_-6,"['SNR: -6']"
302-123504-0033_-11,"['SNR: -11']"
311-124404-0037_3,"['SNR: 3']"
2910-131096-0011_3,"['SNR: 3']"
2182-181173-0027_-10,"['SNR: -10']"
7859-102519-0026_-5,"['SNR: -5']"
89-219-0006_-2,"['SNR: -2']"
8051-118101-0026_-7,"['SNR: -7']"
3983-5371-0003_-11,"['SNR: -11']"
3607-29116-0036_2,"['SNR: 2']"
1578-140049-0021_2,"['SNR: 2']"
3240-131232-0001_-10,"['SNR: -10']"
2817-142380-0024_-8,"['SNR: -8']"
481-123720-0077_-10,"['SNR: -10']"
254-145458-0004_8,"['SNR: 8']"
5789-70653-0001_4,"['SNR: 4']"
8095-274345-0014_-10,"['SNR: -10']"
696-93314-0049_-9,"['SNR: -9']"
4397-15678-0015_-14,"['SNR: -14']"
4640-19188-0022_3,"['SNR: 3']"
2910-131096-0060_10,"['SNR: 10']"
911-128684-0034_-9,"['SNR: -9']"
7302-86814-0031_0,"['SNR: 0']"
446-123501-0039_-4,"['SNR: -4']"
1081-125237-0007_-12,"['SNR: -12']"
1098-133695-0076_-7,"['SNR: -7']"
5808-48608-0003_0,"['SNR: 0']"
298-126790-0040_-13,"['SNR: -13']"
4830-25904-0047_-8,"['SNR: -8']"
6081-41997-0020_-13,"['SNR: -13']"
8419-286676-0031_-6,"['SNR: -6']"
1447-130551-0003_-2,"['SNR: -2']"
3374-298032-0029_-2,"['SNR: -2']"
27-124992-0028_0,"['SNR: 0']"
6078-54007-0041_-13,"['SNR: -13']"
1926-147987-0003_3,"['SNR: 3']"
3168-173564-0042_-6,"['SNR: -6']"
3699-19402-0024_3,"['SNR: 3']"
6019-3185-0103_6,"['SNR: 6']"
1183-128659-0002_-2,"['SNR: -2']"
3436-172162-0018_2,"['SNR: 2']"
2910-131096-0006_-5,"['SNR: -5']"
4297-13009-0064_1,"['SNR: 1']"
1447-130552-0001_6,"['SNR: 6']"
6415-116629-0010_5,"['SNR: 5']"
8051-119902-0022_-5,"['SNR: -5']"
2196-174172-0017_-15,"['SNR: -15']"
1183-128659-0003_-6,"['SNR: -6']"
7800-283478-0012_9,"['SNR: 9']"
7517-100437-0014_9,"['SNR: 9']"
7367-86737-0010_5,"['SNR: 5']"
7511-102419-0006_8,"['SNR: 8']"
83-9960-0009_-15,"['SNR: -15']"
8770-295465-0007_10,"['SNR: 10']"
3807-4923-0006_-5,"['SNR: -5']"
2514-149482-0024_-7,"['SNR: -7']"
5393-19219-0051_-10,"['SNR: -10']"
587-54108-0053_-2,"['SNR: -2']"
3857-182315-0020_-6,"['SNR: -6']"
1743-142912-0015_-8,"['SNR: -8']"
2092-145709-0006_6,"['SNR: 6']"
6476-57446-0060_-10,"['SNR: -10']"
1624-168623-0044_7,"['SNR: 7']"
1040-133433-0031_4,"['SNR: 4']"
481-123719-0024_6,"['SNR: 6']"
7264-92316-0022_-11,"['SNR: -11']"
6848-252323-0028_-4,"['SNR: -4']"
3168-173565-0029_6,"['SNR: 6']"
3374-298032-0015_-6,"['SNR: -6']"
730-358-0053_-10,"['SNR: -10']"
5867-48852-0016_-5,"['SNR: -5']"
8465-246942-0018_-13,"['SNR: -13']"
8580-287363-0012_3,"['SNR: 3']"
2952-408-0022_-9,"['SNR: -9']"
3664-178355-0022_-3,"['SNR: -3']"
7278-91083-0015_-2,"['SNR: -2']"
1116-137572-0039_7,"['SNR: 7']"
2817-142380-0012_-4,"['SNR: -4']"
8580-287364-0020_-2,"['SNR: -2']"
1502-122615-0018_-6,"['SNR: -6']"
5339-14134-0079_4,"['SNR: 4']"
4680-16042-0035_-13,"['SNR: -13']"
196-122152-0029_-11,"['SNR: -11']"
7078-271888-0098_-15,"['SNR: -15']"
1040-133433-0030_-13,"['SNR: -13']"
198-209-0018_7,"['SNR: 7']"
4018-107338-0031_-7,"['SNR: -7']"
1363-135842-0042_-13,"['SNR: -13']"
2989-138035-0019_-15,"['SNR: -15']"
1069-133699-0000_-7,"['SNR: -7']"
4160-14187-0020_-10,"['SNR: -10']"
7780-274562-0100_-2,"['SNR: -2']"
8238-283452-0027_2,"['SNR: 2']"
8425-291444-0014_-15,"['SNR: -15']"
254-127705-0020_-14,"['SNR: -14']"
446-123502-0016_-10,"['SNR: -10']"
5688-41232-0071_-13,"['SNR: -13']"
6836-61804-0027_-11,"['SNR: -11']"
2007-132570-0012_-10,"['SNR: -10']"
7312-92432-0008_-12,"['SNR: -12']"
426-122821-0019_-7,"['SNR: -7']"
6476-57446-0042_-10,"['SNR: -10']"
125-121124-0031_-12,"['SNR: -12']"
5463-39174-0011_-2,"['SNR: -2']"
27-123349-0055_-6,"['SNR: -6']"
6064-56165-0019_-2,"['SNR: -2']"
27-124992-0033_-7,"['SNR: -7']"
1841-179183-0032_4,"['SNR: 4']"
6531-61334-0118_3,"['SNR: 3']"
2514-149482-0015_-6,"['SNR: -6']"
1263-139804-0008_-5,"['SNR: -5']"
8797-294123-0006_4,"['SNR: 4']"
6848-252323-0029_-9,"['SNR: -9']"
587-41611-0009_-2,"['SNR: -2']"
2159-179154-0017_1,"['SNR: 1']"
460-172357-0000_-4,"['SNR: -4']"
328-129766-0021_-14,"['SNR: -14']"
5104-33407-0023_4,"['SNR: 4']"
6064-300880-0003_-3,"['SNR: -3']"
8088-284756-0027_-3,"['SNR: -3']"
27-123349-0000_-9,"['SNR: -9']"
26-495-0030_1,"['SNR: 1']"
1455-134435-0054_-5,"['SNR: -5']"
3723-171631-0054_0,"['SNR: 0']"
2289-152257-0024_-4,"['SNR: -4']"
233-155990-0011_1,"['SNR: 1']"
7278-104730-0007_-6,"['SNR: -6']"
248-130697-0008_4,"['SNR: 4']"
2007-132570-0008_6,"['SNR: 6']"
4898-28461-0002_4,"['SNR: 4']"
1502-122615-0022_-7,"['SNR: -7']"
7794-295948-0017_-6,"['SNR: -6']"
40-121026-0022_-3,"['SNR: -3']"
8468-295198-0030_-12,"['SNR: -12']"
8014-280382-0005_-9,"['SNR: -9']"
332-128985-0078_-1,"['SNR: -1']"
5390-30096-0028_-15,"['SNR: -15']"
3807-4923-0046_3,"['SNR: 3']"
163-122947-0028_-3,"['SNR: -3']"
4788-91208-0031_-13,"['SNR: -13']"
8014-112586-0011_-13,"['SNR: -13']"
40-121026-0002_1,"['SNR: 1']"
2136-5147-0029_-1,"['SNR: -1']"
887-123289-0026_-3,"['SNR: -3']"
7190-90542-0080_-3,"['SNR: -3']"
2196-170379-0012_-7,"['SNR: -7']"
8609-283227-0041_-4,"['SNR: -4']"
78-368-0014_-10,"['SNR: -10']"
4160-11549-0032_-8,"['SNR: -8']"
289-121665-0005_0,"['SNR: 0']"
5652-39938-0029_-6,"['SNR: -6']"
7635-105409-0050_-10,"['SNR: -10']"
2764-36616-0020_-5,"['SNR: -5']"
27-124992-0049_-3,"['SNR: -3']"
8312-279791-0034_-12,"['SNR: -12']"
3235-28433-0014_-11,"['SNR: -11']"
1263-141777-0034_3,"['SNR: 3']"
4195-186236-0027_1,"['SNR: 1']"
6836-76549-0004_4,"['SNR: 4']"
2196-170151-0020_-2,"['SNR: -2']"
201-127786-0000_-14,"['SNR: -14']"
5322-7679-0030_-2,"['SNR: -2']"
2002-139469-0009_-1,"['SNR: -1']"
696-93314-0024_0,"['SNR: 0']"
1355-39947-0007_7,"['SNR: 7']"
40-222-0047_-6,"['SNR: -6']"
5789-70653-0000_10,"['SNR: 10']"
5514-19193-0009_3,"['SNR: 3']"
1841-159771-0039_-6,"['SNR: -6']"
5456-62043-0019_8,"['SNR: 8']"
7264-92314-0029_-3,"['SNR: -3']"
6476-57446-0009_-14,"['SNR: -14']"
4813-248641-0034_-14,"['SNR: -14']"
6925-80680-0030_4,"['SNR: 4']"
2007-149877-0041_3,"['SNR: 3']"
2007-149877-0052_6,"['SNR: 6']"
3830-12530-0043_1,"['SNR: 1']"
5652-39938-0055_-12,"['SNR: -12']"
412-126975-0019_-9,"['SNR: -9']"
5022-29411-0004_5,"['SNR: 5']"
4406-16883-0059_-11,"['SNR: -11']"
1963-142393-0034_-1,"['SNR: -1']"
4362-15663-0013_-1,"['SNR: -1']"
322-124147-0002_-14,"['SNR: -14']"
441-130108-0026_1,"['SNR: 1']"
3440-171006-0028_-12,"['SNR: -12']"
1970-28415-0027_3,"['SNR: 3']"
3168-173565-0027_-4,"['SNR: -4']"
6848-252323-0015_-7,"['SNR: -7']"
1926-143879-0037_5,"['SNR: 5']"
696-93314-0011_6,"['SNR: 6']"
1069-133709-0029_-11,"['SNR: -11']"
6000-55211-0049_8,"['SNR: 8']"
460-172359-0016_-1,"['SNR: -1']"
2893-139310-0031_-7,"['SNR: -7']"
911-128684-0079_-1,"['SNR: -1']"
3486-166424-0001_7,"['SNR: 7']"
7517-100437-0011_6,"['SNR: 6']"
5339-14134-0050_5,"['SNR: 5']"
196-122159-0023_-12,"['SNR: -12']"
8630-305213-0052_3,"['SNR: 3']"
3374-298025-0011_3,"['SNR: 3']"
5049-25947-0051_-1,"['SNR: -1']"
3214-167607-0032_-5,"['SNR: -5']"
6476-57446-0075_-8,"['SNR: -8']"
7505-258964-0037_-2,"['SNR: -2']"
7302-86814-0000_-4,"['SNR: -4']"
7302-86815-0015_6,"['SNR: 6']"
211-122425-0076_-9,"['SNR: -9']"
322-124147-0028_-10,"['SNR: -10']"
3947-13260-0002_-1,"['SNR: -1']"
2436-2481-0001_-11,"['SNR: -11']"
6531-61334-0080_-8,"['SNR: -8']"
6367-65536-0059_-8,"['SNR: -8']"
1069-133709-0021_-4,"['SNR: -4']"
229-130880-0014_0,"['SNR: 0']"
6019-3185-0048_2,"['SNR: 2']"
2764-36617-0015_6,"['SNR: 6']"
6209-34600-0026_-14,"['SNR: -14']"
374-180298-0049_-13,"['SNR: -13']"
4481-17498-0031_9,"['SNR: 9']"
3436-172171-0035_-14,"['SNR: -14']"
1098-133695-0061_-6,"['SNR: -6']"
78-368-0002_3,"['SNR: 3']"
3983-5331-0016_5,"['SNR: 5']"
3242-8112-0025_-5,"['SNR: -5']"
3240-131231-0082_-6,"['SNR: -6']"
5022-29411-0020_-10,"['SNR: -10']"
8324-286682-0040_-14,"['SNR: -14']"
5192-19397-0037_-2,"['SNR: -2']"
150-132655-0001_-8,"['SNR: -8']"
730-359-0038_1,"['SNR: 1']"
1183-133256-0020_7,"['SNR: 7']"
40-222-0039_7,"['SNR: 7']"
8770-295465-0019_5,"['SNR: 5']"
1992-141719-0003_-11,"['SNR: -11']"
2136-5140-0016_-5,"['SNR: -5']"
6437-66173-0013_-13,"['SNR: -13']"
87-121553-0075_0,"['SNR: 0']"
403-216-0017_-9,"['SNR: -9']"
6880-216547-0111_-8,"['SNR: -8']"
3214-167606-0023_-11,"['SNR: -11']"
8063-274117-0020_-6,"['SNR: -6']"
6415-111615-0003_-7,"['SNR: -7']"
6563-285357-0044_-11,"['SNR: -11']"
7800-283492-0016_-15,"['SNR: -15']"
7517-100442-0011_3,"['SNR: 3']"
8975-270782-0063_-5,"['SNR: -5']"
5022-29405-0041_2,"['SNR: 2']"
2196-170151-0026_-5,"['SNR: -5']"
103-1241-0003_-2,"['SNR: -2']"
7505-258958-0006_-5,"['SNR: -5']"
8975-270782-0036_-7,"['SNR: -7']"
3214-167602-0002_-3,"['SNR: -3']"
2002-139469-0042_-1,"['SNR: -1']"
481-123720-0046_-11,"['SNR: -11']"
1455-134435-0009_-7,"['SNR: -7']"
4014-186175-0024_-10,"['SNR: -10']"
5049-25947-0035_-13,"['SNR: -13']"
1737-146161-0004_10,"['SNR: 10']"
5192-19397-0010_-6,"['SNR: -6']"
8108-280354-0029_-9,"['SNR: -9']"
1447-130551-0010_3,"['SNR: 3']"
103-1240-0007_-5,"['SNR: -5']"
2691-156755-0024_-14,"['SNR: -14']"
1553-140048-0035_6,"['SNR: 6']"
730-358-0007_2,"['SNR: 2']"
89-218-0008_7,"['SNR: 7']"
248-130697-0035_-4,"['SNR: -4']"
5652-19215-0014_10,"['SNR: 10']"
5652-39938-0030_-11,"['SNR: -11']"
426-122819-0031_-14,"['SNR: -14']"
1235-135887-0011_-10,"['SNR: -10']"
7148-82991-0011_5,"['SNR: 5']"
4362-15663-0076_-14,"['SNR: -14']"
32-4137-0007_2,"['SNR: 2']"
7178-34645-0009_6,"['SNR: 6']"
39-121915-0010_-12,"['SNR: -12']"
4340-15220-0041_-5,"['SNR: -5']"
1723-141149-0075_10,"['SNR: 10']"
7148-59157-0017_-3,"['SNR: -3']"
2384-152900-0044_-14,"['SNR: -14']"
8312-279791-0022_-3,"['SNR: -3']"
8609-283227-0026_-4,"['SNR: -4']"
8468-295198-0024_6,"['SNR: 6']"
6531-61334-0049_-14,"['SNR: -14']"
163-122947-0024_-6,"['SNR: -6']"
5104-33406-0016_6,"['SNR: 6']"
1116-137572-0007_8,"['SNR: 8']"
7800-283493-0014_5,"['SNR: 5']"
8088-284756-0029_-2,"['SNR: -2']"
4137-11702-0042_-2,"['SNR: -2']"
8609-283227-0050_-12,"['SNR: -12']"
2836-5354-0044_-12,"['SNR: -12']"
5192-19397-0080_6,"['SNR: 6']"
6437-66172-0004_4,"['SNR: 4']"
1841-159771-0025_-3,"['SNR: -3']"
441-128982-0003_3,"['SNR: 3']"
911-128684-0044_-8,"['SNR: -8']"
2691-156750-0007_-7,"['SNR: -7']"
831-130746-0053_1,"['SNR: 1']"
7059-77897-0025_-2,"['SNR: -2']"
730-360-0008_-12,"['SNR: -12']"
6880-216547-0068_-2,"['SNR: -2']"
4267-287369-0025_-7,"['SNR: -7']"
5163-39921-0036_-6,"['SNR: -6']"
7794-295948-0021_10,"['SNR: 10']"
6563-285357-0028_-13,"['SNR: -13']"
7447-91187-0060_-9,"['SNR: -9']"
289-121665-0007_-4,"['SNR: -4']"
2092-145706-0049_-14,"['SNR: -14']"
201-127786-0032_-4,"['SNR: -4']"
2159-179154-0035_8,"['SNR: 8']"
226-131532-0024_-11,"['SNR: -11']"
229-130880-0020_-2,"['SNR: -2']"
27-123349-0001_9,"['SNR: 9']"
248-130652-0022_-13,"['SNR: -13']"
7447-91186-0019_9,"['SNR: 9']"
229-130880-0003_-10,"['SNR: -10']"
5456-62043-0022_6,"['SNR: 6']"
7302-86815-0051_7,"['SNR: 7']"
3259-158083-0029_-2,"['SNR: -2']"
3374-298032-0031_10,"['SNR: 10']"
4340-15220-0060_6,"['SNR: 6']"
2159-179157-0029_0,"['SNR: 0']"
78-369-0030_-2,"['SNR: -2']"
1098-133695-0086_-8,"['SNR: -8']"
6367-65536-0005_2,"['SNR: 2']"
4340-15220-0061_-11,"['SNR: -11']"
6081-42010-0004_-4,"['SNR: -4']"
5393-19218-0051_-12,"['SNR: -12']"
8419-286667-0012_2,"['SNR: 2']"
4481-17499-0006_-6,"['SNR: -6']"
481-123720-0076_-11,"['SNR: -11']"
8098-275181-0022_10,"['SNR: 10']"
5192-19396-0026_0,"['SNR: 0']"
1363-139304-0040_-14,"['SNR: -14']"
6529-62554-0053_-7,"['SNR: -7']"
1594-135914-0107_7,"['SNR: 7']"
87-121553-0030_-11,"['SNR: -11']"
4018-107312-0017_-13,"['SNR: -13']"
6880-216547-0006_-7,"['SNR: -7']"
2691-156745-0001_2,"['SNR: 2']"
5867-48852-0038_-15,"['SNR: -15']"
150-126112-0024_3,"['SNR: 3']"
3235-11599-0005_-12,"['SNR: -12']"
3240-131231-0004_-9,"['SNR: -9']"
5808-48608-0027_-1,"['SNR: -1']"
8088-284756-0024_-9,"['SNR: -9']"
7635-105409-0004_0,"['SNR: 0']"
4441-76263-0044_-2,"['SNR: -2']"
7447-91187-0015_-13,"['SNR: -13']"
6078-54007-0027_-7,"['SNR: -7']"
6848-252323-0035_-7,"['SNR: -7']"
5561-39621-0010_-2,"['SNR: -2']"
89-219-0040_9,"['SNR: 9']"
6563-63821-0012_6,"['SNR: 6']"
669-129061-0048_-3,"['SNR: -3']"
254-127705-0028_-15,"['SNR: -15']"
5514-19193-0018_0,"['SNR: 0']"
446-123501-0007_-4,"['SNR: -4']"
7402-59171-0018_-13,"['SNR: -13']"
3486-166424-0021_-7,"['SNR: -7']"
5778-12761-0014_-6,"['SNR: -6']"
3857-180923-0007_5,"['SNR: 5']"
5163-18515-0049_9,"['SNR: 9']"
887-123290-0023_10,"['SNR: 10']"
3879-173592-0003_-13,"['SNR: -13']"
7794-295947-0028_4,"['SNR: 4']"
201-127786-0034_-11,"['SNR: -11']"
201-127786-0042_-3,"['SNR: -3']"
3486-166424-0068_-2,"['SNR: -2']"
6415-111615-0007_6,"['SNR: 6']"
909-131044-0026_-15,"['SNR: -15']"
4830-25898-0024_-7,"['SNR: -7']"
5393-19219-0058_-11,"['SNR: -11']"
1088-129236-0011_-3,"['SNR: -3']"
1624-142933-0002_-1,"['SNR: -1']"
2817-142380-0011_1,"['SNR: 1']"
4441-76263-0023_-3,"['SNR: -3']"
5163-39921-0040_-6,"['SNR: -6']"
8098-275181-0028_-12,"['SNR: -12']"
412-126975-0056_9,"['SNR: 9']"
4051-11217-0020_-7,"['SNR: -7']"
78-369-0002_-12,"['SNR: -12']"
6880-216547-0046_3,"['SNR: 3']"
1624-168623-0038_-4,"['SNR: -4']"
3983-5371-0015_7,"['SNR: 7']"
8580-287364-0035_4,"['SNR: 4']"
2989-138035-0013_-12,"['SNR: -12']"
5561-39621-0019_-2,"['SNR: -2']"
7800-283492-0006_1,"['SNR: 1']"
3982-182255-0036_3,"['SNR: 3']"
6818-76332-0000_6,"['SNR: 6']"
7794-295947-0019_-11,"['SNR: -11']"
4014-186183-0030_-6,"['SNR: -6']"
3436-172171-0062_4,"['SNR: 4']"
1502-122619-0017_-12,"['SNR: -12']"
3235-28452-0002_-13,"['SNR: -13']"
5808-54425-0005_7,"['SNR: 7']"
7517-100429-0022_-12,"['SNR: -12']"
3857-180923-0023_8,"['SNR: 8']"
1235-135884-0014_2,"['SNR: 2']"
201-122255-0000_-4,"['SNR: -4']"
412-126975-0045_4,"['SNR: 4']"
2289-152258-0029_-11,"['SNR: -11']"
1970-26100-0007_10,"['SNR: 10']"
3235-28433-0020_5,"['SNR: 5']"
307-127540-0023_-3,"['SNR: -3']"
4267-72637-0029_-12,"['SNR: -12']"
909-131041-0003_-1,"['SNR: -1']"
4340-15220-0017_7,"['SNR: 7']"
254-27760-0002_-7,"['SNR: -7']"
3857-182317-0008_-5,"['SNR: -5']"
83-9960-0040_-4,"['SNR: -4']"
441-130108-0011_-5,"['SNR: -5']"
2952-407-0023_0,"['SNR: 0']"
6078-54007-0051_-2,"['SNR: -2']"
8238-283452-0017_-4,"['SNR: -4']"
4853-29413-0031_-3,"['SNR: -3']"
1088-134315-0017_-5,"['SNR: -5']"
7078-271888-0070_7,"['SNR: 7']"
163-122947-0098_7,"['SNR: 7']"
3242-67153-0017_6,"['SNR: 6']"
5463-39174-0013_-4,"['SNR: -4']"
696-92939-0023_-5,"['SNR: -5']"
2436-2476-0036_10,"['SNR: 10']"
229-130880-0059_0,"['SNR: 0']"
2691-156745-0035_-7,"['SNR: -7']"
1624-168623-0045_-4,"['SNR: -4']"
7278-104730-0033_2,"['SNR: 2']"
6531-61334-0050_5,"['SNR: 5']"
322-124147-0031_-2,"['SNR: -2']"
2691-156755-0030_-2,"['SNR: -2']"
226-131533-0000_-2,"['SNR: -2']"
8312-279791-0037_10,"['SNR: 10']"
2910-131096-0076_-2,"['SNR: -2']"
3857-180923-0001_-7,"['SNR: -7']"
7800-283493-0018_5,"['SNR: 5']"
3723-171115-0054_0,"['SNR: 0']"
5463-39174-0001_-2,"['SNR: -2']"
1723-141149-0010_3,"['SNR: 3']"
3259-158083-0097_-12,"['SNR: -12']"
441-130108-0004_-14,"['SNR: -14']"
2159-179154-0029_-5,"['SNR: -5']"
39-121914-0010_-10,"['SNR: -10']"
3664-178366-0000_7,"['SNR: 7']"
4214-7146-0066_-13,"['SNR: -13']"
229-130880-0043_-7,"['SNR: -7']"
125-121124-0057_-7,"['SNR: -7']"
669-129061-0065_0,"['SNR: 0']"
8098-278252-0006_0,"['SNR: 0']"
8797-294123-0090_8,"['SNR: 8']"
1116-137572-0016_1,"['SNR: 1']"
730-359-0040_5,"['SNR: 5']"
3830-12530-0022_8,"['SNR: 8']"
27-123349-0056_3,"['SNR: 3']"
8580-287364-0042_4,"['SNR: 4']"
26-496-0015_0,"['SNR: 0']"
441-128982-0028_-14,"['SNR: -14']"
3440-171009-0068_8,"['SNR: 8']"
8123-275209-0021_-10,"['SNR: -10']"
7278-104730-0012_-4,"['SNR: -4']"
1578-6379-0017_-11,"['SNR: -11']"
4640-19188-0034_-6,"['SNR: -6']"
7800-283493-0023_-8,"['SNR: -8']"
8465-246942-0010_4,"['SNR: 4']"
1963-142393-0035_2,"['SNR: 2']"
6385-220959-0022_4,"['SNR: 4']"
7302-86815-0053_2,"['SNR: 2']"
4018-107312-0020_-11,"['SNR: -11']"
2391-145015-0055_-5,"['SNR: -5']"
5022-29411-0058_-1,"['SNR: -1']"
4397-15678-0010_-9,"['SNR: -9']"
5688-15787-0032_-10,"['SNR: -10']"
5456-24741-0009_7,"['SNR: 7']"
2391-145015-0027_10,"['SNR: 10']"
4051-11218-0038_-14,"['SNR: -14']"
2893-139322-0025_-14,"['SNR: -14']"
4898-28461-0012_7,"['SNR: 7']"
3374-298025-0025_2,"['SNR: 2']"
39-121915-0018_-8,"['SNR: -8']"
2843-152918-0099_1,"['SNR: 1']"
3723-171115-0006_4,"['SNR: 4']"
8063-274115-0000_9,"['SNR: 9']"
7367-86737-0048_2,"['SNR: 2']"
8095-274345-0032_-2,"['SNR: -2']"
6925-80680-0074_-13,"['SNR: -13']"
403-126855-0031_8,"['SNR: 8']"
4859-22176-0002_0,"['SNR: 0']"
6181-216552-0016_6,"['SNR: 6']"
2989-138035-0059_5,"['SNR: 5']"
8770-295463-0017_9,"['SNR: 9']"
200-126784-0008_1,"['SNR: 1']"
7517-100437-0002_-12,"['SNR: -12']"
8580-287364-0034_8,"['SNR: 8']"
7190-90542-0068_5,"['SNR: 5']"
89-219-0012_-9,"['SNR: -9']"
7505-258964-0017_-12,"['SNR: -12']"
8630-305212-0009_-15,"['SNR: -15']"
198-126831-0005_-1,"['SNR: -1']"
5339-14134-0058_-5,"['SNR: -5']"
1553-140047-0031_7,"['SNR: 7']"
3664-178366-0005_-6,"['SNR: -6']"
5456-62043-0004_-13,"['SNR: -13']"
2159-179157-0026_-3,"['SNR: -3']"
7190-90542-0064_-13,"['SNR: -13']"
2911-15045-0023_7,"['SNR: 7']"
8238-283452-0042_-13,"['SNR: -13']"
4018-103416-0030_-8,"['SNR: -8']"
7059-88364-0000_0,"['SNR: 0']"
3857-180923-0002_-2,"['SNR: -2']"
2691-156755-0013_2,"['SNR: 2']"
4640-19189-0013_-8,"['SNR: -8']"
2836-5354-0015_-1,"['SNR: -1']"
332-128985-0054_6,"['SNR: 6']"
4898-28461-0060_-1,"['SNR: -1']"
4859-22176-0015_-14,"['SNR: -14']"
587-54108-0052_-3,"['SNR: -3']"
8747-293952-0047_6,"['SNR: 6']"
7635-105409-0032_2,"['SNR: 2']"
7859-102519-0029_-13,"['SNR: -13']"
5867-48852-0000_9,"['SNR: 9']"
8095-274348-0014_-2,"['SNR: -2']"
4481-17499-0019_-4,"['SNR: -4']"
911-130578-0001_-12,"['SNR: -12']"
3664-178355-0009_-12,"['SNR: -12']"
8770-295465-0000_-12,"['SNR: -12']"
6476-57446-0072_9,"['SNR: 9']"
8312-279791-0043_-13,"['SNR: -13']"
5322-7680-0032_-11,"['SNR: -11']"
2911-7601-0012_-15,"['SNR: -15']"
332-128985-0050_7,"['SNR: 7']"
6818-76332-0051_-3,"['SNR: -3']"
302-123523-0023_-15,"['SNR: -15']"
2514-149482-0090_4,"['SNR: 4']"
4481-17499-0028_-11,"['SNR: -11']"
4481-17499-0004_3,"['SNR: 3']"
2514-149482-0068_1,"['SNR: 1']"
83-3054-0011_-15,"['SNR: -15']"
2691-156745-0026_-8,"['SNR: -8']"
6385-34655-0005_3,"['SNR: 3']"
4014-186179-0046_7,"['SNR: 7']"
6019-3185-0040_-4,"['SNR: -4']"
4788-294466-0014_-5,"['SNR: -5']"
2384-152900-0051_-12,"['SNR: -12']"
460-172359-0052_-2,"['SNR: -2']"
5022-29411-0060_6,"['SNR: 6']"
8747-293952-0093_8,"['SNR: 8']"
1263-141777-0028_8,"['SNR: 8']"
481-123720-0030_-14,"['SNR: -14']"
163-122947-0053_5,"['SNR: 5']"
3830-12530-0026_5,"['SNR: 5']"
1034-121119-0072_2,"['SNR: 2']"
6078-54013-0050_2,"['SNR: 2']"
5049-25947-0101_-13,"['SNR: -13']"
198-129977-0004_-14,"['SNR: -14']"
7780-274562-0067_-14,"['SNR: -14']"
2436-2481-0024_2,"['SNR: 2']"
5456-58161-0027_-4,"['SNR: -4']"
125-121124-0069_-8,"['SNR: -8']"
8088-284756-0053_-2,"['SNR: -2']"
2691-156745-0043_7,"['SNR: 7']"
441-128988-0024_10,"['SNR: 10']"
8419-293469-0004_-2,"['SNR: -2']"
911-128684-0088_-8,"['SNR: -8']"
2196-170151-0000_9,"['SNR: 9']"
118-47824-0059_-14,"['SNR: -14']"
7302-86815-0061_1,"['SNR: 1']"
2843-152918-0039_-6,"['SNR: -6']"
7367-86737-0065_7,"['SNR: 7']"
6272-70168-0029_2,"['SNR: 2']"
2384-152900-0048_3,"['SNR: 3']"
201-127786-0036_8,"['SNR: 8']"
1081-125237-0010_-4,"['SNR: -4']"
3112-9555-0009_-8,"['SNR: -8']"
328-129766-0089_8,"['SNR: 8']"
1743-142912-0031_-4,"['SNR: -4']"
4859-26870-0014_-2,"['SNR: -2']"
2182-181183-0032_9,"['SNR: 9']"
2289-152254-0026_1,"['SNR: 1']"
4680-16042-0008_0,"['SNR: 0']"
5703-47198-0042_7,"['SNR: 7']"
3486-166424-0027_-10,"['SNR: -10']"
5192-19397-0030_1,"['SNR: 1']"
3112-9555-0019_0,"['SNR: 0']"
7278-246956-0023_5,"['SNR: 5']"
3259-158083-0006_0,"['SNR: 0']"
6209-34601-0021_-6,"['SNR: -6']"
1898-145724-0034_-12,"['SNR: -12']"
887-123291-0004_-2,"['SNR: -2']"
8238-274553-0003_-6,"['SNR: -6']"
6019-3185-0033_3,"['SNR: 3']"
441-128988-0003_4,"['SNR: 4']"
8226-274369-0012_10,"['SNR: 10']"
5652-39938-0008_-8,"['SNR: -8']"
6181-216552-0067_-12,"['SNR: -12']"
1363-135842-0023_-7,"['SNR: -7']"
8123-275193-0021_-8,"['SNR: -8']"
2159-179156-0030_5,"['SNR: 5']"
4406-16882-0011_2,"['SNR: 2']"
7302-86815-0017_-4,"['SNR: -4']"
302-123504-0005_-8,"['SNR: -8']"
3982-182255-0018_-11,"['SNR: -11']"
7367-86737-0067_2,"['SNR: 2']"
6064-300880-0017_7,"['SNR: 7']"
6081-41997-0029_-11,"['SNR: -11']"
1970-10594-0042_-14,"['SNR: -14']"
2196-174172-0001_7,"['SNR: 7']"
2007-149877-0031_-7,"['SNR: -7']"
5778-12761-0039_0,"['SNR: 0']"
1737-148989-0020_7,"['SNR: 7']"
5022-29411-0038_-15,"['SNR: -15']"
7302-86815-0059_-14,"['SNR: -14']"
4137-11702-0007_7,"['SNR: 7']"
5561-41615-0046_-9,"['SNR: -9']"
5163-18515-0044_-10,"['SNR: -10']"
7067-76047-0013_6,"['SNR: 6']"
2764-36617-0012_-15,"['SNR: -15']"
7178-34644-0019_3,"['SNR: 3']"
458-126305-0006_1,"['SNR: 1']"
248-130652-0000_-15,"['SNR: -15']"
7517-100442-0006_4,"['SNR: 4']"
87-121553-0027_-11,"['SNR: -11']"
8797-294123-0063_-13,"['SNR: -13']"
8063-274115-0009_-6,"['SNR: -6']"
150-126112-0028_6,"['SNR: 6']"
8747-293952-0109_4,"['SNR: 4']"
8609-283227-0034_5,"['SNR: 5']"
1737-148989-0013_-8,"['SNR: -8']"
5393-19219-0005_-8,"['SNR: -8']"
3879-174923-0053_-9,"['SNR: -9']"
8238-274553-0024_-2,"['SNR: -2']"
3374-298026-0011_-9,"['SNR: -9']"
248-130697-0005_-11,"['SNR: -11']"
6437-66173-0031_7,"['SNR: 7']"
196-122159-0027_-14,"['SNR: -14']"
289-121652-0021_3,"['SNR: 3']"
7190-90542-0001_-8,"['SNR: -8']"
8123-275209-0030_10,"['SNR: 10']"
1355-39947-0043_-4,"['SNR: -4']"
1081-125237-0076_-2,"['SNR: -2']"
2836-5355-0039_8,"['SNR: 8']"
1578-140045-0008_7,"['SNR: 7']"
8425-292520-0004_5,"['SNR: 5']"
2384-152900-0086_-10,"['SNR: -10']"
4195-186238-0014_-11,"['SNR: -11']"
2159-179156-0008_-1,"['SNR: -1']"
6531-61334-0110_8,"['SNR: 8']"
298-126790-0029_-4,"['SNR: -4']"
198-209-0029_10,"['SNR: 10']"
8088-284756-0059_-8,"['SNR: -8']"
4406-16883-0002_-15,"['SNR: -15']"
1743-142914-0011_8,"['SNR: 8']"
4898-20016-0008_-11,"['SNR: -11']"
8797-294123-0013_-1,"['SNR: -1']"
3242-8112-0015_-1,"['SNR: -1']"
8975-270782-0012_-4,"['SNR: -4']"
8238-274553-0005_10,"['SNR: 10']"
8630-305212-0020_-2,"['SNR: -2']"
1116-137572-0003_5,"['SNR: 5']"
163-122947-0061_0,"['SNR: 0']"
5561-41616-0004_-8,"['SNR: -8']"
1963-142776-0007_-11,"['SNR: -11']"
8324-286682-0005_-7,"['SNR: -7']"
1069-133699-0011_-11,"['SNR: -11']"
3214-167606-0014_-2,"['SNR: -2']"
3242-67168-0018_-11,"['SNR: -11']"
4406-16883-0019_-6,"['SNR: -6']"
1116-132847-0013_-2,"['SNR: -2']"
4137-11701-0042_-9,"['SNR: -9']"
3486-166424-0053_-9,"['SNR: -9']"
3607-135982-0030_-7,"['SNR: -7']"
27-124992-0070_-10,"['SNR: -10']"
3112-9555-0033_-1,"['SNR: -1']"
3259-158083-0091_6,"['SNR: 6']"
8095-274346-0014_-11,"['SNR: -11']"
200-124139-0002_7,"['SNR: 7']"
6209-34599-0004_10,"['SNR: 10']"
4088-158077-0037_-4,"['SNR: -4']"
6880-216547-0081_-4,"['SNR: -4']"
5678-43303-0035_6,"['SNR: 6']"
7278-246956-0019_-4,"['SNR: -4']"
6272-70191-0014_-8,"['SNR: -8']"
1069-133709-0050_-14,"['SNR: -14']"
8238-283452-0008_9,"['SNR: 9']"
2691-156750-0020_5,"['SNR: 5']"
5561-41615-0040_5,"['SNR: 5']"
4813-248638-0012_-10,"['SNR: -10']"
8747-293952-0071_1,"['SNR: 1']"
8226-274371-0050_4,"['SNR: 4']"
374-180299-0007_-8,"['SNR: -8']"
1088-129236-0010_2,"['SNR: 2']"
2518-154825-0039_2,"['SNR: 2']"
6272-70191-0026_-13,"['SNR: -13']"
3486-166446-0031_-2,"['SNR: -2']"
5456-62043-0031_0,"['SNR: 0']"
6925-80680-0048_8,"['SNR: 8']"
302-123523-0020_7,"['SNR: 7']"
2952-410-0037_10,"['SNR: 10']"
8468-295198-0006_9,"['SNR: 9']"
4297-13009-0007_-7,"['SNR: -7']"
5390-30102-0012_2,"['SNR: 2']"
7800-283492-0038_-3,"['SNR: -3']"
7226-86964-0022_3,"['SNR: 3']"
3440-171009-0011_6,"['SNR: 6']"
5703-47198-0023_4,"['SNR: 4']"
587-54108-0019_-4,"['SNR: -4']"
6272-70191-0015_-11,"['SNR: -11']"
233-155990-0013_-10,"['SNR: -10']"
163-122947-0003_-12,"['SNR: -12']"
1069-133709-0011_-6,"['SNR: -6']"
4088-158077-0034_-12,"['SNR: -12']"
5456-62014-0015_5,"['SNR: 5']"
289-121665-0008_-9,"['SNR: -9']"
2691-156750-0018_-3,"['SNR: -3']"
2289-152253-0016_-2,"['SNR: -2']"
6181-216552-0045_-1,"['SNR: -1']"
1502-122619-0040_5,"['SNR: 5']"
1235-135884-0041_9,"['SNR: 9']"
6064-56168-0026_3,"['SNR: 3']"
7505-83618-0000_-6,"['SNR: -6']"
1040-133433-0018_7,"['SNR: 7']"
1743-142913-0014_-6,"['SNR: -6']"
481-123719-0031_9,"['SNR: 9']"
8838-298546-0030_2,"['SNR: 2']"
7505-258958-0012_0,"['SNR: 0']"
2817-142380-0023_-9,"['SNR: -9']"
6848-252323-0025_1,"['SNR: 1']"
5463-39173-0016_4,"['SNR: 4']"
3259-158083-0103_6,"['SNR: 6']"
403-126855-0002_-7,"['SNR: -7']"
3879-173592-0015_-1,"['SNR: -1']"
2136-5143-0030_-4,"['SNR: -4']"
4788-94904-0010_-8,"['SNR: -8']"
405-130894-0075_-4,"['SNR: -4']"
8629-261139-0057_2,"['SNR: 2']"
1898-145715-0047_1,"['SNR: 1']"
4481-17498-0024_-13,"['SNR: -13']"
1034-121119-0031_-8,"['SNR: -8']"
32-4137-0058_6,"['SNR: 6']"
3436-172171-0042_8,"['SNR: 8']"
2436-2476-0011_-13,"['SNR: -13']"
26-495-0086_9,"['SNR: 9']"
2007-149877-0038_10,"['SNR: 10']"
3235-11599-0015_-14,"['SNR: -14']"
4267-287369-0018_1,"['SNR: 1']"
5192-19397-0002_-6,"['SNR: -6']"
8123-275216-0036_2,"['SNR: 2']"
1963-142393-0007_3,"['SNR: 3']"
374-180298-0038_-10,"['SNR: -10']"
2817-142371-0040_1,"['SNR: 1']"
7190-90542-0032_-4,"['SNR: -4']"
2436-2481-0015_-15,"['SNR: -15']"
1069-133699-0025_-10,"['SNR: -10']"
3607-135982-0002_-12,"['SNR: -12']"
5678-43302-0001_10,"['SNR: 10']"
311-124404-0003_6,"['SNR: 6']"
229-130880-0027_6,"['SNR: 6']"
3982-182255-0037_1,"['SNR: 1']"
4640-19187-0033_10,"['SNR: 10']"
2159-179157-0031_10,"['SNR: 10']"
1553-140048-0011_-13,"['SNR: -13']"
5456-62043-0015_-7,"['SNR: -7']"
2910-131096-0066_1,"['SNR: 1']"
150-132655-0024_-8,"['SNR: -8']"
3240-131231-0063_4,"['SNR: 4']"
2764-36617-0017_10,"['SNR: 10']"
887-123291-0030_8,"['SNR: 8']"
669-129061-0062_4,"['SNR: 4']"
7505-258964-0020_-12,"['SNR: -12']"
3240-131232-0036_-13,"['SNR: -13']"
87-121553-0050_-14,"['SNR: -14']"
6078-54013-0065_-10,"['SNR: -10']"
2817-142371-0077_10,"['SNR: 10']"
8123-275216-0029_-15,"['SNR: -15']"
2416-152137-0003_-5,"['SNR: -5']"
5867-48852-0009_-15,"['SNR: -15']"
307-127539-0000_-13,"['SNR: -13']"
4406-16882-0063_9,"['SNR: 9']"
118-47824-0040_-6,"['SNR: -6']"
6454-93938-0029_8,"['SNR: 8']"
7148-59157-0013_-3,"['SNR: -3']"
7367-86737-0000_-9,"['SNR: -9']"
1502-122619-0034_-14,"['SNR: -14']"
4340-15220-0013_-15,"['SNR: -15']"
2989-138035-0006_-4,"['SNR: -4']"
8312-279791-0053_-2,"['SNR: -2']"
2436-2476-0010_-13,"['SNR: -13']"
289-121665-0025_-15,"['SNR: -15']"
3807-4923-0021_7,"['SNR: 7']"
1502-122615-0013_-6,"['SNR: -6']"
5867-48852-0015_-9,"['SNR: -9']"
7059-77897-0024_-9,"['SNR: -9']"
6818-76332-0028_-4,"['SNR: -4']"
1743-142913-0020_-15,"['SNR: -15']"
1363-135842-0001_-4,"['SNR: -4']"
26-495-0088_-12,"['SNR: -12']"
6147-34605-0015_-14,"['SNR: -14']"
7148-7763-0027_-11,"['SNR: -11']"
4859-29340-0010_5,"['SNR: 5']"
248-130652-0035_-3,"['SNR: -3']"
2514-149482-0107_0,"['SNR: 0']"
8324-286683-0035_8,"['SNR: 8']"
7517-100437-0009_6,"['SNR: 6']"
8629-261140-0034_-15,"['SNR: -15']"
5049-25947-0049_-15,"['SNR: -15']"
5678-43302-0015_-15,"['SNR: -15']"
6272-70171-0013_10,"['SNR: 10']"
6531-61334-0071_1,"['SNR: 1']"
6925-80680-0018_-1,"['SNR: -1']"
4406-16882-0067_4,"['SNR: 4']"
2843-152918-0070_9,"['SNR: 9']"
6385-34669-0025_-8,"['SNR: -8']"
8770-295465-0035_2,"['SNR: 2']"
2843-152918-0029_-10,"['SNR: -10']"
1723-141149-0009_-3,"['SNR: -3']"
6437-66172-0026_10,"['SNR: 10']"
1578-140045-0016_-7,"['SNR: -7']"
2416-152137-0000_-12,"['SNR: -12']"
7505-258958-0011_6,"['SNR: 6']"
6385-220959-0026_5,"['SNR: 5']"
2911-7601-0026_8,"['SNR: 8']"
1743-142913-0001_-3,"['SNR: -3']"
5393-19219-0002_4,"['SNR: 4']"
7178-34644-0057_-10,"['SNR: -10']"
1926-147987-0015_-4,"['SNR: -4']"
8063-274117-0011_-4,"['SNR: -4']"
2817-142380-0027_4,"['SNR: 4']"
6081-41997-0033_4,"['SNR: 4']"
4813-248641-0030_6,"['SNR: 6']"
8465-246947-0020_-9,"['SNR: -9']"
1743-142913-0005_-11,"['SNR: -11']"
887-123290-0008_8,"['SNR: 8']"
118-47824-0004_7,"['SNR: 7']"
200-124139-0021_-14,"['SNR: -14']"
481-123720-0062_9,"['SNR: 9']"
8123-275216-0013_-1,"['SNR: -1']"
1963-142393-0047_0,"['SNR: 0']"
4018-107312-0034_-2,"['SNR: -2']"
1447-130550-0013_-14,"['SNR: -14']"
3440-171009-0056_-2,"['SNR: -2']"
6529-62556-0005_-15,"['SNR: -15']"
1116-137572-0050_-7,"['SNR: -7']"
3526-175658-0024_-2,"['SNR: -2']"
163-122947-0039_-12,"['SNR: -12']"
1963-142393-0010_-11,"['SNR: -11']"
5688-41232-0060_-6,"['SNR: -6']"
1553-140047-0029_10,"['SNR: 10']"
1723-141149-0081_-11,"['SNR: -11']"
7505-258958-0020_-1,"['SNR: -1']"
7367-86737-0040_-11,"['SNR: -11']"
6272-70191-0016_-7,"['SNR: -7']"
6000-55211-0027_0,"['SNR: 0']"
7447-91187-0068_5,"['SNR: 5']"
8095-274345-0022_-6,"['SNR: -6']"
7794-295947-0042_-12,"['SNR: -12']"
5322-7680-0023_-1,"['SNR: -1']"
2817-142380-0040_-13,"['SNR: -13']"
7190-90543-0017_1,"['SNR: 1']"
1502-122619-0049_-15,"['SNR: -15']"
7511-102420-0039_9,"['SNR: 9']"
1246-124550-0036_-11,"['SNR: -11']"
7059-77900-0033_-10,"['SNR: -10']"
8123-275193-0014_8,"['SNR: 8']"
322-124147-0022_-8,"['SNR: -8']"
6181-216552-0085_-5,"['SNR: -5']"
27-123349-0023_5,"['SNR: 5']"
2989-138028-0072_-2,"['SNR: -2']"
4018-107312-0015_-7,"['SNR: -7']"
211-122442-0052_-11,"['SNR: -11']"
1502-122619-0061_-8,"['SNR: -8']"
2196-174172-0004_-14,"['SNR: -14']"
426-122821-0040_1,"['SNR: 1']"
426-122819-0004_-7,"['SNR: -7']"
1737-142397-0029_-15,"['SNR: -15']"
6529-62554-0026_-15,"['SNR: -15']"
3723-171631-0015_-4,"['SNR: -4']"
211-122425-0063_-10,"['SNR: -10']"
1355-39947-0086_7,"['SNR: 7']"
8630-305213-0041_-8,"['SNR: -8']"
1743-142914-0022_3,"['SNR: 3']"
6415-116629-0036_-9,"['SNR: -9']"
4788-294466-0023_-11,"['SNR: -11']"
4014-186175-0040_-12,"['SNR: -12']"
5789-57195-0019_-15,"['SNR: -15']"
1970-28415-0020_3,"['SNR: 3']"
1263-141777-0003_-7,"['SNR: -7']"
2989-138035-0069_1,"['SNR: 1']"
5192-19397-0075_-1,"['SNR: -1']"
4640-19188-0030_-6,"['SNR: -6']"
8419-286667-0004_-9,"['SNR: -9']"
3830-12529-0003_10,"['SNR: 10']"
2817-142371-0041_-1,"['SNR: -1']"
163-122947-0060_8,"['SNR: 8']"
1183-124566-0002_-7,"['SNR: -7']"
6019-3185-0026_-3,"['SNR: -3']"
4397-15668-0001_-10,"['SNR: -10']"
2159-179154-0002_-6,"['SNR: -6']"
7264-92316-0020_7,"['SNR: 7']"
441-128988-0015_-7,"['SNR: -7']"
5561-41615-0026_-10,"['SNR: -10']"
6818-76332-0037_1,"['SNR: 1']"
163-122947-0044_6,"['SNR: 6']"
32-4137-0032_-5,"['SNR: -5']"
8629-261139-0007_-5,"['SNR: -5']"
3526-175658-0017_5,"['SNR: 5']"
4340-15220-0008_-4,"['SNR: -4']"
2159-179157-0030_5,"['SNR: 5']"
5463-39173-0043_-4,"['SNR: -4']"
19-198-0025_-14,"['SNR: -14']"
3259-158083-0113_-13,"['SNR: -13']"
7402-59171-0034_-3,"['SNR: -3']"
1594-135914-0069_-13,"['SNR: -13']"
458-126305-0040_-9,"['SNR: -9']"
4160-14187-0011_-3,"['SNR: -3']"
2843-152918-0031_-15,"['SNR: -15']"
1926-147979-0053_2,"['SNR: 2']"
5778-12761-0002_-4,"['SNR: -4']"
1553-140048-0031_10,"['SNR: 10']"
7067-76048-0012_-5,"['SNR: -5']"
7505-258964-0028_7,"['SNR: 7']"
3112-9555-0047_-3,"['SNR: -3']"
7635-105661-0028_7,"['SNR: 7']"
2196-170379-0018_-5,"['SNR: -5']"
40-121026-0018_-4,"['SNR: -4']"
6818-68772-0027_-6,"['SNR: -6']"
3699-19401-0023_2,"['SNR: 2']"
248-130697-0011_5,"['SNR: 5']"
3879-174923-0071_-1,"['SNR: -1']"
7059-88364-0027_-5,"['SNR: -5']"
2391-145015-0106_-8,"['SNR: -8']"
4853-27670-0014_7,"['SNR: 7']"
2952-407-0011_-6,"['SNR: -6']"
2416-152137-0025_1,"['SNR: 1']"
8238-283452-0009_-6,"['SNR: -6']"
8770-295465-0022_-14,"['SNR: -14']"
1926-143879-0042_-9,"['SNR: -9']"
3374-298025-0022_-12,"['SNR: -12']"
909-131041-0011_-1,"['SNR: -1']"
1594-135914-0034_9,"['SNR: 9']"
2989-138028-0071_-4,"['SNR: -4']"
8770-295465-0004_4,"['SNR: 4']"
7511-102419-0030_-10,"['SNR: -10']"
1116-137572-0038_-8,"['SNR: -8']"
5322-7678-0038_2,"['SNR: 2']"
831-130746-0046_-5,"['SNR: -5']"
5463-39173-0010_8,"['SNR: 8']"
6818-76332-0020_-2,"['SNR: -2']"
4297-13006-0039_-15,"['SNR: -15']"
201-127786-0027_2,"['SNR: 2']"
6563-285357-0006_-6,"['SNR: -6']"
8975-270782-0008_-2,"['SNR: -2']"
1970-10594-0031_-2,"['SNR: -2']"
8975-270782-0107_-14,"['SNR: -14']"
332-128985-0088_1,"['SNR: 1']"
7302-86815-0033_-15,"['SNR: -15']"
3486-166424-0069_8,"['SNR: 8']"
7447-91187-0056_-2,"['SNR: -2']"
254-145458-0003_6,"['SNR: 6']"
4088-158077-0010_-13,"['SNR: -13']"
8630-305212-0014_8,"['SNR: 8']"
83-11691-0044_-6,"['SNR: -6']"
7635-105661-0008_9,"['SNR: 9']"
6181-216552-0034_2,"['SNR: 2']"
7190-90542-0030_4,"['SNR: 4']"
226-122538-0031_0,"['SNR: 0']"
625-132118-0010_-11,"['SNR: -11']"
909-131041-0008_-12,"['SNR: -12']"
5789-57158-0001_8,"['SNR: 8']"
254-127705-0001_0,"['SNR: 0']"
1624-168623-0015_-2,"['SNR: -2']"
254-27760-0028_-10,"['SNR: -10']"
3526-176651-0014_-8,"['SNR: -8']"
5867-48852-0085_10,"['SNR: 10']"
6385-220959-0023_-6,"['SNR: -6']"
3857-180923-0026_-8,"['SNR: -8']"
3242-67168-0017_-12,"['SNR: -12']"
332-128985-0016_6,"['SNR: 6']"
3436-172162-0040_-9,"['SNR: -9']"
6529-62554-0010_10,"['SNR: 10']"
2289-152253-0028_-11,"['SNR: -11']"
196-122150-0008_6,"['SNR: 6']"
2002-139469-0113_-10,"['SNR: -10']"
2514-149482-0057_9,"['SNR: 9']"
412-126975-0035_-9,"['SNR: -9']"
6385-34669-0013_-14,"['SNR: -14']"
1578-140049-0017_-12,"['SNR: -12']"
4160-11549-0033_0,"['SNR: 0']"
3723-171631-0003_1,"['SNR: 1']"
4088-158077-0012_-11,"['SNR: -11']"
7190-90542-0058_-7,"['SNR: -7']"
4018-107338-0003_-12,"['SNR: -12']"
6531-61334-0032_-7,"['SNR: -7']"
6437-66173-0006_4,"['SNR: 4']"
254-12312-0009_-5,"['SNR: -5']"
125-121124-0035_-4,"['SNR: -4']"
201-127786-0047_-6,"['SNR: -6']"
3440-171009-0006_7,"['SNR: 7']"
87-121553-0004_-8,"['SNR: -8']"
8324-286682-0023_-15,"['SNR: -15']"
1363-139304-0001_-14,"['SNR: -14']"
4441-76263-0012_-15,"['SNR: -15']"
3240-131231-0021_-8,"['SNR: -8']"
403-128339-0007_2,"['SNR: 2']"
5163-39921-0000_-11,"['SNR: -11']"
8609-283227-0009_-4,"['SNR: -4']"
1594-135914-0128_4,"['SNR: 4']"
6454-107462-0030_-14,"['SNR: -14']"
118-47824-0050_3,"['SNR: 3']"
125-121342-0033_-10,"['SNR: -10']"
1867-154071-0019_-13,"['SNR: -13']"
6880-216547-0064_2,"['SNR: 2']"
2182-181183-0006_-7,"['SNR: -7']"
1841-179183-0023_5,"['SNR: 5']"
7226-86964-0032_8,"['SNR: 8']"
78-368-0017_-15,"['SNR: -15']"
6367-65536-0064_-3,"['SNR: -3']"
426-122822-0020_-13,"['SNR: -13']"
8108-280354-0024_-4,"['SNR: -4']"
3214-167607-0021_-9,"['SNR: -9']"
198-209-0009_-12,"['SNR: -12']"
4160-11549-0030_2,"['SNR: 2']"
5789-57195-0011_-4,"['SNR: -4']"
6437-66173-0022_4,"['SNR: 4']"
3526-175658-0014_9,"['SNR: 9']"
89-219-0063_-15,"['SNR: -15']"
3214-167602-0032_-2,"['SNR: -2']"
5390-30102-0002_3,"['SNR: 3']"
8063-274112-0012_-7,"['SNR: -7']"
7226-86965-0025_-6,"['SNR: -6']"
226-131533-0025_3,"['SNR: 3']"
8630-305212-0022_-3,"['SNR: -3']"
7113-86041-0023_-12,"['SNR: -12']"
6181-216552-0037_-15,"['SNR: -15']"
1455-138263-0033_10,"['SNR: 10']"
302-123516-0031_9,"['SNR: 9']"
7078-271888-0037_-3,"['SNR: -3']"
5688-41232-0019_4,"['SNR: 4']"
8609-283227-0000_-8,"['SNR: -8']"
3112-9555-0046_5,"['SNR: 5']"
4680-16026-0035_6,"['SNR: 6']"
3235-11599-0020_1,"['SNR: 1']"
1098-133695-0063_7,"['SNR: 7']"
2514-149482-0083_0,"['SNR: 0']"
4680-16026-0024_-4,"['SNR: -4']"
8108-274318-0040_8,"['SNR: 8']"
8797-294123-0057_-2,"['SNR: -2']"
8838-298545-0026_6,"['SNR: 6']"
669-129061-0016_5,"['SNR: 5']"
78-369-0062_-4,"['SNR: -4']"
7078-271888-0114_-3,"['SNR: -3']"
8838-298545-0022_-6,"['SNR: -6']"
2436-2476-0027_-2,"['SNR: -2']"
89-219-0015_10,"['SNR: 10']"
89-219-0009_3,"['SNR: 3']"
1334-135589-0090_-10,"['SNR: -10']"
7278-104730-0034_-7,"['SNR: -7']"
3486-166424-0062_-12,"['SNR: -12']"
5703-47198-0051_3,"['SNR: 3']"
3879-174923-0002_-6,"['SNR: -6']"
7635-105409-0053_-4,"['SNR: -4']"
1334-135589-0076_9,"['SNR: 9']"
2436-2476-0022_-6,"['SNR: -6']"
118-121721-0008_8,"['SNR: 8']"
1867-154071-0013_3,"['SNR: 3']"
1502-122619-0004_-15,"['SNR: -15']"
3607-135982-0047_5,"['SNR: 5']"
4297-13009-0036_-5,"['SNR: -5']"
6818-68772-0034_3,"['SNR: 3']"
1867-148436-0012_-11,"['SNR: -11']"
2092-145706-0043_-3,"['SNR: -3']"
1867-154075-0001_-9,"['SNR: -9']"
2391-145015-0092_-1,"['SNR: -1']"
7635-105661-0012_-4,"['SNR: -4']"
6147-34605-0024_7,"['SNR: 7']"
8468-295198-0007_7,"['SNR: 7']"
5104-33406-0019_10,"['SNR: 10']"
2514-149482-0008_-3,"['SNR: -3']"
6836-61803-0038_-5,"['SNR: -5']"
2691-156745-0014_7,"['SNR: 7']"
6531-61334-0003_4,"['SNR: 4']"
78-369-0003_-1,"['SNR: -1']"
125-121124-0055_-3,"['SNR: -3']"
8975-270782-0040_-14,"['SNR: -14']"
6078-54007-0018_6,"['SNR: 6']"
1263-141777-0014_1,"['SNR: 1']"
5688-41232-0063_2,"['SNR: 2']"
7067-76047-0025_10,"['SNR: 10']"
1970-10594-0040_-6,"['SNR: -6']"
7505-258958-0010_-8,"['SNR: -8']"
5789-57158-0036_-13,"['SNR: -13']"
3214-167607-0009_-2,"['SNR: -2']"
8797-294123-0072_3,"['SNR: 3']"
4014-186179-0026_-2,"['SNR: -2']"
5652-19215-0044_-13,"['SNR: -13']"
8088-284756-0097_-8,"['SNR: -8']"
311-124404-0081_-8,"['SNR: -8']"
2436-2476-0024_-8,"['SNR: -8']"
3982-178459-0036_-9,"['SNR: -9']"
322-124146-0024_-12,"['SNR: -12']"
8419-286676-0003_-9,"['SNR: -9']"
6836-76549-0014_-4,"['SNR: -4']"
3486-166424-0067_-5,"['SNR: -5']"
831-130746-0007_-15,"['SNR: -15']"
7517-100442-0000_9,"['SNR: 9']"
6367-65536-0046_-4,"['SNR: -4']"
8123-275216-0026_-4,"['SNR: -4']"
1088-134315-0019_3,"['SNR: 3']"
322-124147-0078_-14,"['SNR: -14']"
7302-86814-0026_0,"['SNR: 0']"
4640-19189-0016_-13,"['SNR: -13']"
5789-70653-0010_-12,"['SNR: -12']"
6367-65536-0032_4,"['SNR: 4']"
5104-33406-0042_9,"['SNR: 9']"
696-92939-0006_-8,"['SNR: -8']"
6848-252322-0027_10,"['SNR: 10']"
730-358-0031_4,"['SNR: 4']"
200-124139-0018_-8,"['SNR: -8']"
2518-154825-0023_-2,"['SNR: -2']"
6818-68772-0010_-3,"['SNR: -3']"
163-122947-0049_1,"['SNR: 1']"
1455-138263-0013_-9,"['SNR: -9']"
5322-7678-0017_-5,"['SNR: -5']"
2893-139322-0032_-7,"['SNR: -7']"
374-180299-0027_-3,"['SNR: -3']"
6081-42010-0001_-7,"['SNR: -7']"
2764-36616-0026_7,"['SNR: 7']"
5390-24512-0032_-14,"['SNR: -14']"
3235-11599-0021_-3,"['SNR: -3']"
3440-171009-0049_0,"['SNR: 0']"
1898-145715-0032_-12,"['SNR: -12']"
6818-76332-0026_-13,"['SNR: -13']"
6836-61803-0009_5,"['SNR: 5']"
4898-20016-0012_-9,"['SNR: -9']"
7302-86815-0030_-5,"['SNR: -5']"
7517-100437-0032_-1,"['SNR: -1']"
6209-34601-0027_2,"['SNR: 2']"
1502-122615-0032_-10,"['SNR: -10']"
3374-298026-0013_3,"['SNR: 3']"
7178-34644-0044_-1,"['SNR: -1']"
3879-174923-0044_-7,"['SNR: -7']"
4014-186175-0008_-7,"['SNR: -7']"
8630-305213-0043_-6,"['SNR: -6']"
1926-147979-0039_-15,"['SNR: -15']"
332-128985-0033_-14,"['SNR: -14']"
307-127540-0008_7,"['SNR: 7']"
8226-274369-0010_3,"['SNR: 3']"
3699-47246-0031_-7,"['SNR: -7']"
8425-292520-0008_-1,"['SNR: -1']"
4406-16883-0011_-6,"['SNR: -6']"
4297-13009-0042_-9,"['SNR: -9']"
7402-90848-0051_3,"['SNR: 3']"
8324-286683-0010_1,"['SNR: 1']"
1502-122615-0000_7,"['SNR: 7']"
1992-141719-0020_-10,"['SNR: -10']"
5652-19215-0042_10,"['SNR: 10']"
6529-62554-0019_-13,"['SNR: -13']"
374-180299-0035_-14,"['SNR: -14']"
6563-285357-0038_-2,"['SNR: -2']"
8095-274346-0039_6,"['SNR: 6']"
8095-274346-0031_-13,"['SNR: -13']"
1553-140047-0036_-13,"['SNR: -13']"
4813-248638-0006_7,"['SNR: 7']"
6476-57446-0017_10,"['SNR: 10']"
8425-292520-0027_10,"['SNR: 10']"
19-227-0057_-12,"['SNR: -12']"
458-126305-0008_2,"['SNR: 2']"
3664-178355-0011_8,"['SNR: 8']"
2514-149482-0003_-3,"['SNR: -3']"
2514-149482-0009_-2,"['SNR: -2']"
2764-36616-0029_-2,"['SNR: -2']"
27-123349-0011_2,"['SNR: 2']"
1624-168623-0051_-6,"['SNR: -6']"
1743-142912-0007_8,"['SNR: 8']"
250-142276-0026_10,"['SNR: 10']"
3947-13260-0001_8,"['SNR: 8']"
3486-166424-0010_-1,"['SNR: -1']"
2817-142371-0047_0,"['SNR: 0']"
307-127539-0040_8,"['SNR: 8']"
4267-72637-0012_10,"['SNR: 10']"
2159-179154-0015_-11,"['SNR: -11']"
3242-67168-0022_3,"['SNR: 3']"
3664-178355-0036_3,"['SNR: 3']"
1235-135884-0006_7,"['SNR: 7']"
4362-15663-0101_-14,"['SNR: -14']"
248-130697-0022_-7,"['SNR: -7']"
730-358-0009_5,"['SNR: 5']"
2989-138035-0053_-8,"['SNR: -8']"
3436-172171-0055_9,"['SNR: 9']"
6367-74004-0005_0,"['SNR: 0']"
233-134440-0009_-12,"['SNR: -12']"
87-121553-0062_-8,"['SNR: -8']"
5322-7680-0012_-9,"['SNR: -9']"
7505-258958-0034_-6,"['SNR: -6']"
4014-186179-0022_7,"['SNR: 7']"
6385-34655-0026_-6,"['SNR: -6']"
87-121553-0080_5,"['SNR: 5']"
3807-4955-0001_-2,"['SNR: -2']"
87-121553-0105_-10,"['SNR: -10']"
332-128985-0020_7,"['SNR: 7']"
8088-284756-0021_-1,"['SNR: -1']"
8975-270782-0114_4,"['SNR: 4']"
2893-139322-0028_6,"['SNR: 6']"
4088-158077-0057_-4,"['SNR: -4']"
60-121082-0020_-11,"['SNR: -11']"
1970-26100-0016_-8,"['SNR: -8']"
2092-145709-0019_1,"['SNR: 1']"
4406-16882-0020_7,"['SNR: 7']"
6209-34601-0025_-5,"['SNR: -5']"
7859-102518-0021_-14,"['SNR: -14']"
5322-7679-0010_10,"['SNR: 10']"
6078-54007-0010_6,"['SNR: 6']"
1447-130550-0019_-13,"['SNR: -13']"
3242-67153-0032_5,"['SNR: 5']"
3240-131231-0032_3,"['SNR: 3']"
3830-12530-0006_0,"['SNR: 0']"
2836-5354-0038_-6,"['SNR: -6']"
3947-13262-0015_-1,"['SNR: -1']"
3879-174923-0057_-13,"['SNR: -13']"
5104-33406-0049_-1,"['SNR: -1']"
839-130898-0065_-13,"['SNR: -13']"
6836-61803-0014_-14,"['SNR: -14']"
4441-76250-0009_-6,"['SNR: -6']"
2691-156755-0014_10,"['SNR: 10']"
322-124147-0066_-4,"['SNR: -4']"
4088-158077-0049_-10,"['SNR: -10']"
587-41611-0016_-5,"['SNR: -5']"
1624-142933-0033_4,"['SNR: 4']"
7635-105409-0000_1,"['SNR: 1']"
403-128339-0019_9,"['SNR: 9']"
2764-36616-0028_3,"['SNR: 3']"
302-123516-0022_-7,"['SNR: -7']"
5688-41232-0066_-12,"['SNR: -12']"
1578-140049-0016_-14,"['SNR: -14']"
8465-246942-0016_7,"['SNR: 7']"
4406-16883-0050_7,"['SNR: 7']"
8975-270782-0025_10,"['SNR: 10']"
1841-150351-0015_-2,"['SNR: -2']"
6529-62554-0002_8,"['SNR: 8']"
19-227-0023_-12,"['SNR: -12']"
125-121342-0006_9,"['SNR: 9']"
374-180299-0016_-2,"['SNR: -2']"
89-218-0005_3,"['SNR: 3']"
831-130746-0031_1,"['SNR: 1']"
6925-80680-0067_0,"['SNR: 0']"
6563-63821-0001_-15,"['SNR: -15']"
2391-145015-0038_5,"['SNR: 5']"
831-130746-0056_7,"['SNR: 7']"
2817-142380-0031_9,"['SNR: 9']"
696-92939-0019_-13,"['SNR: -13']"
831-130739-0041_-4,"['SNR: -4']"
118-47824-0017_-6,"['SNR: -6']"
8747-293952-0001_-8,"['SNR: -8']"
328-129766-0064_7,"['SNR: 7']"
1624-168623-0008_10,"['SNR: 10']"
669-129061-0053_-11,"['SNR: -11']"
6880-216547-0099_4,"['SNR: 4']"
6415-111615-0008_7,"['SNR: 7']"
4397-15666-0026_6,"['SNR: 6']"
7794-295948-0018_-14,"['SNR: -14']"
19-227-0024_10,"['SNR: 10']"
3242-67168-0028_-10,"['SNR: -10']"
1040-133433-0009_-7,"['SNR: -7']"
8088-284756-0113_0,"['SNR: 0']"
8797-294123-0096_8,"['SNR: 8']"
6818-76332-0043_6,"['SNR: 6']"
32-21631-0013_7,"['SNR: 7']"
6081-41997-0028_-7,"['SNR: -7']"
226-131533-0004_4,"['SNR: 4']"
196-122150-0014_9,"['SNR: 9']"
254-12312-0000_-2,"['SNR: -2']"
5561-41615-0016_-9,"['SNR: -9']"
696-93314-0001_-8,"['SNR: -8']"
298-126790-0036_2,"['SNR: 2']"
103-1240-0052_-8,"['SNR: -8']"
5322-7678-0019_4,"['SNR: 4']"
887-123290-0024_-4,"['SNR: -4']"
458-126294-0004_8,"['SNR: 8']"
3440-171009-0001_-15,"['SNR: -15']"
831-130746-0021_-1,"['SNR: -1']"
8609-283227-0044_-9,"['SNR: -9']"
311-124404-0019_7,"['SNR: 7']"
2182-181183-0033_-15,"['SNR: -15']"
125-121342-0031_2,"['SNR: 2']"
6836-61804-0014_-2,"['SNR: -2']"
322-124147-0030_1,"['SNR: 1']"
2092-145706-0046_1,"['SNR: 1']"
7794-295948-0000_-15,"['SNR: -15']"
1926-143879-0019_4,"['SNR: 4']"
8629-261139-0042_-1,"['SNR: -1']"
696-93314-0057_-15,"['SNR: -15']"
8425-291444-0005_4,"['SNR: 4']"
7059-77897-0016_5,"['SNR: 5']"
5750-100289-0084_-5,"['SNR: -5']"
1455-138263-0027_-11,"['SNR: -11']"
2911-7601-0048_6,"['SNR: 6']"
5322-7680-0013_9,"['SNR: 9']"
5322-7678-0023_-12,"['SNR: -12']"
6880-216547-0032_6,"['SNR: 6']"
8425-287387-0000_5,"['SNR: 5']"
909-131045-0002_-11,"['SNR: -11']"
7178-34644-0052_1,"['SNR: 1']"
229-130880-0011_-2,"['SNR: -2']"
201-127786-0074_4,"['SNR: 4']"
6437-66172-0009_-15,"['SNR: -15']"
78-368-0004_2,"['SNR: 2']"
2436-2477-0025_-4,"['SNR: -4']"
669-129074-0006_5,"['SNR: 5']"
40-222-0051_-3,"['SNR: -3']"
2416-152139-0033_-11,"['SNR: -11']"
831-130739-0029_-4,"['SNR: -4']"
730-360-0012_1,"['SNR: 1']"
211-122425-0081_-4,"['SNR: -4']"
3857-180923-0019_9,"['SNR: 9']"
4406-16883-0009_-4,"['SNR: -4']"
7278-91083-0002_8,"['SNR: 8']"
196-122159-0015_-9,"['SNR: -9']"
60-121082-0051_1,"['SNR: 1']"
39-121915-0025_-4,"['SNR: -4']"
2182-181173-0008_0,"['SNR: 0']"
6880-216547-0010_4,"['SNR: 4']"
118-47824-0008_-9,"['SNR: -9']"
1098-133695-0052_-2,"['SNR: -2']"
1723-141149-0042_-8,"['SNR: -8']"
302-123516-0010_4,"['SNR: 4']"
831-130739-0000_-14,"['SNR: -14']"
4137-11702-0013_-9,"['SNR: -9']"
6385-34655-0019_5,"['SNR: 5']"
3214-167602-0010_2,"['SNR: 2']"
460-172359-0072_10,"['SNR: 10']"
3607-135982-0021_-4,"['SNR: -4']"
4898-28461-0008_-8,"['SNR: -8']"
5750-100289-0068_2,"['SNR: 2']"
5808-54425-0055_0,"['SNR: 0']"
4051-11218-0000_1,"['SNR: 1']"
8063-274117-0012_-2,"['SNR: -2']"
412-126975-0090_-15,"['SNR: -15']"
403-126855-0005_-10,"['SNR: -10']"
1624-142933-0016_-3,"['SNR: -3']"
2092-145709-0000_9,"['SNR: 9']"
3607-135982-0011_-11,"['SNR: -11']"
1737-142397-0000_9,"['SNR: 9']"
5678-43303-0038_2,"['SNR: 2']"
1455-134435-0030_8,"['SNR: 8']"
1502-122615-0030_6,"['SNR: 6']"
2989-138035-0033_5,"['SNR: 5']"
441-128988-0016_-14,"['SNR: -14']"
7190-90543-0008_-11,"['SNR: -11']"
8063-274117-0025_-1,"['SNR: -1']"
8747-293952-0035_-14,"['SNR: -14']"
4640-19187-0006_-2,"['SNR: -2']"
1040-133433-0043_-13,"['SNR: -13']"
8609-262281-0042_-9,"['SNR: -9']"
374-180298-0058_5,"['SNR: 5']"
3983-5331-0050_1,"['SNR: 1']"
83-11691-0014_-11,"['SNR: -11']"
307-127539-0032_-6,"['SNR: -6']"
7511-102419-0007_-9,"['SNR: -9']"
2007-132570-0002_9,"['SNR: 9']"
1737-146161-0012_-2,"['SNR: -2']"
4088-158079-0015_1,"['SNR: 1']"
5192-19397-0082_9,"['SNR: 9']"
233-155990-0033_-8,"['SNR: -8']"
1553-140048-0009_7,"['SNR: 7']"
426-122819-0003_-11,"['SNR: -11']"
6848-76049-0020_8,"['SNR: 8']"
4340-15220-0046_-15,"['SNR: -15']"
374-180299-0010_4,"['SNR: 4']"
7367-86737-0103_-7,"['SNR: -7']"
6181-216552-0084_-1,"['SNR: -1']"
1246-124550-0035_0,"['SNR: 0']"
4014-186175-0026_5,"['SNR: 5']"
5163-18515-0048_4,"['SNR: 4']"
7511-102419-0009_-7,"['SNR: -7']"
4481-17499-0023_-4,"['SNR: -4']"
8747-293952-0002_-6,"['SNR: -6']"
7067-76047-0004_0,"['SNR: 0']"
5778-54535-0019_-3,"['SNR: -3']"
8580-287363-0016_3,"['SNR: 3']"
2159-179154-0010_1,"['SNR: 1']"
4680-16042-0006_2,"['SNR: 2']"
8609-283227-0022_1,"['SNR: 1']"
8419-293469-0009_-14,"['SNR: -14']"
8468-286673-0022_2,"['SNR: 2']"
2007-132570-0032_-13,"['SNR: -13']"
125-121124-0013_7,"['SNR: 7']"
2196-174172-0036_-6,"['SNR: -6']"
4406-16882-0068_-12,"['SNR: -12']"
1963-142393-0055_-6,"['SNR: -6']"
6147-34605-0020_10,"['SNR: 10']"
4788-294466-0009_8,"['SNR: 8']"
322-124147-0055_-15,"['SNR: -15']"
32-4137-0000_-11,"['SNR: -11']"
7059-77897-0011_-9,"['SNR: -9']"
7078-271888-0011_-6,"['SNR: -6']"
3235-28433-0029_-8,"['SNR: -8']"
6415-111615-0034_-13,"['SNR: -13']"
8425-292520-0014_4,"['SNR: 4']"
1088-134318-0017_-7,"['SNR: -7']"
150-126112-0002_5,"['SNR: 5']"
2989-138035-0015_-1,"['SNR: -1']"
229-130880-0022_-10,"['SNR: -10']"
150-126107-0036_10,"['SNR: 10']"
4267-72637-0034_6,"['SNR: 6']"
5104-33406-0020_0,"['SNR: 0']"
7367-86737-0077_1,"['SNR: 1']"
2989-138028-0065_-2,"['SNR: -2']"
5750-100289-0065_-12,"['SNR: -12']"
831-130746-0022_-4,"['SNR: -4']"
2436-2481-0032_8,"['SNR: 8']"
103-1240-0053_2,"['SNR: 2']"
2159-179156-0015_9,"['SNR: 9']"
839-130898-0059_-8,"['SNR: -8']"
2092-145706-0034_-8,"['SNR: -8']"
2989-138035-0020_-14,"['SNR: -14']"
730-359-0033_-4,"['SNR: -4']"
2518-154825-0002_1,"['SNR: 1']"
1743-142913-0011_-4,"['SNR: -4']"
374-180298-0027_-9,"['SNR: -9']"
7302-86815-0064_3,"['SNR: 3']"
4397-15666-0025_7,"['SNR: 7']"
6385-220959-0034_2,"['SNR: 2']"
8747-293952-0056_1,"['SNR: 1']"
83-11691-0018_3,"['SNR: 3']"
4267-78186-0010_9,"['SNR: 9']"
39-121916-0003_-4,"['SNR: -4']"
1926-147987-0018_-5,"['SNR: -5']"
5192-19397-0023_-8,"['SNR: -8']"
8088-284756-0083_0,"['SNR: 0']"
403-216-0024_-13,"['SNR: -13']"
4898-28461-0065_-7,"['SNR: -7']"
5339-14134-0017_9,"['SNR: 9']"
27-124992-0023_-5,"['SNR: -5']"
332-128985-0001_-6,"['SNR: -6']"
2911-15045-0024_-6,"['SNR: -6']"
8098-278252-0030_-14,"['SNR: -14']"
7226-86964-0020_4,"['SNR: 4']"
2518-154825-0042_-1,"['SNR: -1']"
163-122947-0059_0,"['SNR: 0']"
4853-27670-0013_-11,"['SNR: -11']"
3242-67168-0010_1,"['SNR: 1']"
1963-147036-0013_-5,"['SNR: -5']"
8747-293952-0105_-2,"['SNR: -2']"
332-128985-0023_-7,"['SNR: -7']"
78-368-0000_5,"['SNR: 5']"
32-21625-0009_6,"['SNR: 6']"
2911-15084-0005_-15,"['SNR: -15']"
150-126107-0014_-7,"['SNR: -7']"
7059-77900-0031_-13,"['SNR: -13']"
7059-77897-0015_-4,"['SNR: -4']"
1992-141719-0031_3,"['SNR: 3']"
2182-181173-0037_-7,"['SNR: -7']"
3879-173592-0014_1,"['SNR: 1']"
289-121652-0005_8,"['SNR: 8']"
8108-274318-0031_-3,"['SNR: -3']"
1334-135589-0006_-12,"['SNR: -12']"
163-122947-0092_6,"['SNR: 6']"
3947-13260-0034_-10,"['SNR: -10']"
7859-102518-0032_3,"['SNR: 3']"
5104-33406-0038_3,"['SNR: 3']"
458-126294-0006_-14,"['SNR: -14']"
2691-156745-0024_-12,"['SNR: -12']"
3240-131231-0050_6,"['SNR: 6']"
8629-261139-0068_-11,"['SNR: -11']"
5339-14133-0054_-8,"['SNR: -8']"
2384-152900-0034_4,"['SNR: 4']"
2391-145015-0103_-1,"['SNR: -1']"
3259-158083-0016_-2,"['SNR: -2']"
8468-294887-0016_8,"['SNR: 8']"
4195-186237-0018_-1,"['SNR: -1']"
2843-152918-0075_4,"['SNR: 4']"
5808-48608-0036_8,"['SNR: 8']"
1926-143879-0005_-9,"['SNR: -9']"
3830-12530-0000_7,"['SNR: 7']"
5390-30102-0009_3,"['SNR: 3']"
1081-125237-0065_2,"['SNR: 2']"
887-123289-0028_2,"['SNR: 2']"
7780-274562-0052_-5,"['SNR: -5']"
26-495-0079_-13,"['SNR: -13']"
2092-145706-0058_-4,"['SNR: -4']"
163-122947-0031_-7,"['SNR: -7']"
4830-25904-0005_2,"['SNR: 2']"
5393-19218-0050_7,"['SNR: 7']"
2952-410-0028_9,"['SNR: 9']"
5049-25947-0009_8,"['SNR: 8']"
7447-91187-0019_-15,"['SNR: -15']"
8238-274553-0006_2,"['SNR: 2']"
7178-34645-0036_-8,"['SNR: -8']"
6181-216552-0095_4,"['SNR: 4']"
8088-284756-0073_-14,"['SNR: -14']"
60-121082-0032_0,"['SNR: 0']"
4397-15668-0030_-13,"['SNR: -13']"
8419-293469-0024_-12,"['SNR: -12']"
7059-88364-0005_9,"['SNR: 9']"
1263-139804-0021_0,"['SNR: 0']"
831-130739-0031_2,"['SNR: 2']"
911-128684-0085_6,"['SNR: 6']"
730-358-0046_10,"['SNR: 10']"
3214-167602-0019_-5,"['SNR: -5']"
8468-294887-0021_3,"['SNR: 3']"
1455-138263-0036_4,"['SNR: 4']"
4813-248641-0000_5,"['SNR: 5']"
446-123502-0026_0,"['SNR: 0']"
7794-295947-0014_-4,"['SNR: -4']"
8324-286683-0036_-15,"['SNR: -15']"
2391-145015-0058_-4,"['SNR: -4']"
911-128684-0003_7,"['SNR: 7']"
198-126831-0047_-2,"['SNR: -2']"
1455-134435-0004_2,"['SNR: 2']"
4813-248638-0016_-12,"['SNR: -12']"
7302-86815-0000_-14,"['SNR: -14']"
19-227-0044_-2,"['SNR: -2']"
322-124147-0007_-12,"['SNR: -12']"
1992-141719-0049_-4,"['SNR: -4']"
412-126975-0001_-5,"['SNR: -5']"
730-360-0040_8,"['SNR: 8']"
1098-133695-0085_2,"['SNR: 2']"
8098-278278-0007_-8,"['SNR: -8']"
4018-107338-0012_-6,"['SNR: -6']"
87-121553-0000_9,"['SNR: 9']"
696-93314-0019_-6,"['SNR: -6']"
2182-150130-0011_4,"['SNR: 4']"
2893-139322-0037_-13,"['SNR: -13']"
5688-15787-0000_7,"['SNR: 7']"
2989-138035-0007_2,"['SNR: 2']"
5322-7679-0016_7,"['SNR: 7']"
5049-25947-0057_-14,"['SNR: -14']"
1743-142912-0001_-1,"['SNR: -1']"
2764-36616-0019_9,"['SNR: 9']"
125-121124-0060_-7,"['SNR: -7']"
5163-39921-0035_-5,"['SNR: -5']"
1743-142913-0007_2,"['SNR: 2']"
4051-11218-0024_-12,"['SNR: -12']"
4160-11549-0017_-6,"['SNR: -6']"
6064-56165-0018_-9,"['SNR: -9']"
5703-47212-0007_-3,"['SNR: -3']"
7505-83618-0026_-13,"['SNR: -13']"
7148-59157-0006_-13,"['SNR: -13']"
1898-145715-0046_-9,"['SNR: -9']"
118-121721-0023_-11,"['SNR: -11']"
5463-39174-0038_-11,"['SNR: -11']"
3235-28433-0005_-14,"['SNR: -14']"
5393-19218-0061_-6,"['SNR: -6']"
7447-91187-0026_3,"['SNR: 3']"
8468-286673-0011_-14,"['SNR: -14']"
39-121916-0013_-13,"['SNR: -13']"
625-132112-0004_4,"['SNR: 4']"
2764-36619-0006_2,"['SNR: 2']"
1578-140045-0022_9,"['SNR: 9']"
8468-295198-0033_-8,"['SNR: -8']"
1867-148436-0000_10,"['SNR: 10']"
7190-90543-0033_4,"['SNR: 4']"
3723-171115-0027_-14,"['SNR: -14']"
2843-152918-0083_8,"['SNR: 8']"
254-12312-0017_-11,"['SNR: -11']"
5514-19192-0016_-15,"['SNR: -15']"
233-134440-0011_3,"['SNR: 3']"
7067-76048-0049_0,"['SNR: 0']"
2007-132570-0026_0,"['SNR: 0']"
332-128985-0036_-2,"['SNR: -2']"
6019-3185-0057_-12,"['SNR: -12']"
1355-39947-0006_-14,"['SNR: -14']"
1723-141149-0063_10,"['SNR: 10']"
87-121553-0022_-14,"['SNR: -14']"
3526-175658-0019_-4,"['SNR: -4']"
6385-220959-0029_-13,"['SNR: -13']"
8051-295385-0007_-5,"['SNR: -5']"
4406-16882-0019_-8,"['SNR: -8']"
103-1241-0010_10,"['SNR: 10']"
8580-287364-0013_-7,"['SNR: -7']"
7780-274562-0082_9,"['SNR: 9']"
60-121082-0005_10,"['SNR: 10']"
200-126784-0023_-3,"['SNR: -3']"
403-128339-0009_8,"['SNR: 8']"
6367-65536-0007_8,"['SNR: 8']"
83-9960-0032_3,"['SNR: 3']"
2289-152257-0017_1,"['SNR: 1']"
322-124147-0019_4,"['SNR: 4']"
4214-7146-0036_9,"['SNR: 9']"
5867-48852-0003_2,"['SNR: 2']"
1116-137572-0040_-7,"['SNR: -7']"
289-121652-0022_-12,"['SNR: -12']"
8095-274345-0018_-15,"['SNR: -15']"
118-47824-0049_5,"['SNR: 5']"
7278-246956-0004_-14,"['SNR: -14']"
1263-139804-0026_-5,"['SNR: -5']"
3235-28452-0032_3,"['SNR: 3']"
909-131045-0022_-9,"['SNR: -9']"
5463-39173-0001_4,"['SNR: 4']"
7367-86737-0108_-10,"['SNR: -10']"
83-11691-0007_-6,"['SNR: -6']"
7190-90543-0046_-15,"['SNR: -15']"
7078-271888-0093_6,"['SNR: 6']"
1363-135842-0020_7,"['SNR: 7']"
4214-7146-0041_-10,"['SNR: -10']"
1455-138263-0001_7,"['SNR: 7']"
3214-167602-0014_6,"['SNR: 6']"
1926-147987-0012_3,"['SNR: 3']"
3857-180923-0004_6,"['SNR: 6']"
27-124992-0041_-14,"['SNR: -14']"
911-130578-0013_0,"['SNR: 0']"
4481-17499-0000_-6,"['SNR: -6']"
3242-67168-0029_-11,"['SNR: -11']"
6385-34655-0025_-12,"['SNR: -12']"
8838-298545-0028_-15,"['SNR: -15']"
248-130644-0034_7,"['SNR: 7']"
6000-55211-0008_1,"['SNR: 1']"
2893-139322-0031_-9,"['SNR: -9']"
1447-130551-0015_-6,"['SNR: -6']"
2436-2476-0034_-5,"['SNR: -5']"
8063-274112-0011_4,"['SNR: 4']"
1116-132851-0028_2,"['SNR: 2']"
4195-17507-0040_5,"['SNR: 5']"
3830-12535-0001_-1,"['SNR: -1']"
2092-145709-0011_-12,"['SNR: -12']"
3879-174923-0025_0,"['SNR: 0']"
1098-133695-0075_9,"['SNR: 9']"
233-155990-0038_-6,"['SNR: -6']"
1116-132851-0003_-7,"['SNR: -7']"
3168-173564-0019_-13,"['SNR: -13']"
328-129766-0041_10,"['SNR: 10']"
6181-216552-0035_-15,"['SNR: -15']"
5688-15787-0037_-14,"['SNR: -14']"
83-9960-0013_8,"['SNR: 8']"
2764-36617-0002_-10,"['SNR: -10']"
911-128684-0051_-11,"['SNR: -11']"
1898-145720-0013_-12,"['SNR: -12']"
5022-29411-0049_-13,"['SNR: -13']"
1926-143879-0015_2,"['SNR: 2']"
1034-121119-0002_3,"['SNR: 3']"
426-122819-0007_-9,"['SNR: -9']"
6437-66172-0022_-10,"['SNR: -10']"
7511-102419-0024_-13,"['SNR: -13']"
4160-11549-0021_-14,"['SNR: -14']"
8088-284756-0114_4,"['SNR: 4']"
1723-141149-0089_-7,"['SNR: -7']"
426-122821-0001_-2,"['SNR: -2']"
4680-16042-0039_-1,"['SNR: -1']"
4859-29340-0003_0,"['SNR: 0']"
2136-5140-0002_2,"['SNR: 2']"
32-21631-0011_-1,"['SNR: -1']"
458-126290-0001_-5,"['SNR: -5']"
118-47824-0081_-6,"['SNR: -6']"
198-209-0025_5,"['SNR: 5']"
1363-135842-0027_-13,"['SNR: -13']"
5390-30096-0033_2,"['SNR: 2']"
831-130746-0034_-2,"['SNR: -2']"
7226-86965-0018_-13,"['SNR: -13']"
1867-154071-0015_-5,"['SNR: -5']"
2391-145015-0021_-9,"['SNR: -9']"
4267-287369-0014_10,"['SNR: 10']"
3214-167607-0038_-12,"['SNR: -12']"
460-172359-0057_-1,"['SNR: -1']"
8419-286667-0023_-1,"['SNR: -1']"
4362-15663-0007_8,"['SNR: 8']"
7402-90848-0016_-1,"['SNR: -1']"
5163-39921-0021_-6,"['SNR: -6']"
7517-100437-0023_-9,"['SNR: -9']"
1116-137572-0029_-9,"['SNR: -9']"
27-124992-0043_-3,"['SNR: -3']"
302-123504-0008_-7,"['SNR: -7']"
1743-142912-0012_2,"['SNR: 2']"
40-121026-0043_-8,"['SNR: -8']"
4481-17499-0018_-2,"['SNR: -2']"
5393-19218-0021_9,"['SNR: 9']"
2182-181183-0001_8,"['SNR: 8']"
7517-100442-0005_-7,"['SNR: -7']"
8324-286682-0032_3,"['SNR: 3']"
374-180298-0024_-10,"['SNR: -10']"
4297-13009-0053_-9,"['SNR: -9']"
7059-88364-0020_8,"['SNR: 8']"
4014-186179-0024_-7,"['SNR: -7']"
2817-142371-0063_-8,"['SNR: -8']"
5514-19192-0021_4,"['SNR: 4']"
3857-182315-0032_6,"['SNR: 6']"
1594-135914-0111_-15,"['SNR: -15']"
311-124404-0016_9,"['SNR: 9']"
7505-258964-0026_4,"['SNR: 4']"
3242-67168-0013_-5,"['SNR: -5']"
5393-19218-0047_-12,"['SNR: -12']"
8098-275181-0029_-7,"['SNR: -7']"
201-122255-0010_6,"['SNR: 6']"
2416-152139-0039_6,"['SNR: 6']"
3112-9555-0082_-9,"['SNR: -9']"
6367-74004-0031_-5,"['SNR: -5']"
6848-76049-0029_-12,"['SNR: -12']"
7794-295955-0011_1,"['SNR: 1']"
4051-11217-0039_0,"['SNR: 0']"
39-121914-0021_1,"['SNR: 1']"
1263-139804-0000_2,"['SNR: 2']"
7511-102420-0000_-13,"['SNR: -13']"
405-130894-0012_-8,"['SNR: -8']"
5390-30096-0016_-1,"['SNR: -1']"
6529-62554-0044_-6,"['SNR: -6']"
403-216-0023_2,"['SNR: 2']"
2007-149877-0007_-2,"['SNR: -2']"
403-128339-0044_-13,"['SNR: -13']"
1081-125237-0069_-7,"['SNR: -7']"
5104-33407-0032_-6,"['SNR: -6']"
3607-29116-0012_2,"['SNR: 2']"
730-358-0029_-12,"['SNR: -12']"
7059-77897-0009_8,"['SNR: 8']"
2289-152254-0018_-9,"['SNR: -9']"
4014-186183-0013_-3,"['SNR: -3']"
2989-138035-0077_-10,"['SNR: -10']"
5514-19192-0009_-6,"['SNR: -6']"
3436-172171-0019_-3,"['SNR: -3']"
6078-54013-0020_4,"['SNR: 4']"
2691-156745-0020_-8,"['SNR: -8']"
8747-293952-0099_-8,"['SNR: -8']"
3486-166424-0040_-11,"['SNR: -11']"
6385-34669-0008_-10,"['SNR: -10']"
839-130898-0002_6,"['SNR: 6']"
78-369-0011_-11,"['SNR: -11']"
6848-76049-0010_5,"['SNR: 5']"
2289-152258-0033_-8,"['SNR: -8']"
4267-78186-0030_8,"['SNR: 8']"
1841-179183-0038_-15,"['SNR: -15']"
405-130894-0034_-6,"['SNR: -6']"
5049-25947-0025_1,"['SNR: 1']"
8063-274116-0031_-4,"['SNR: -4']"
3168-173565-0032_8,"['SNR: 8']"
1867-148436-0025_-13,"['SNR: -13']"
1898-145702-0005_-2,"['SNR: -2']"
8238-274553-0046_-3,"['SNR: -3']"
8063-274115-0011_8,"['SNR: 8']"
1723-141149-0059_1,"['SNR: 1']"
2764-36616-0002_-13,"['SNR: -13']"
163-122947-0009_4,"['SNR: 4']"
83-3054-0001_-3,"['SNR: -3']"
909-131045-0017_-15,"['SNR: -15']"
6476-57446-0014_2,"['SNR: 2']"
1334-135589-0051_10,"['SNR: 10']"
909-131041-0030_2,"['SNR: 2']"
26-496-0017_9,"['SNR: 9']"
3807-4955-0003_7,"['SNR: 7']"
460-172357-0025_1,"['SNR: 1']"
458-126290-0019_2,"['SNR: 2']"
6147-34607-0015_-10,"['SNR: -10']"
6272-70171-0004_-14,"['SNR: -14']"
5393-19218-0031_-10,"['SNR: -10']"
8051-295385-0017_7,"['SNR: 7']"
196-122159-0019_1,"['SNR: 1']"
248-130652-0002_-14,"['SNR: -14']"
887-123289-0036_-9,"['SNR: -9']"
89-219-0020_5,"['SNR: 5']"
7278-246956-0035_-3,"['SNR: -3']"
4051-11217-0036_-7,"['SNR: -7']"
27-123349-0047_-13,"['SNR: -13']"
5750-100289-0004_-12,"['SNR: -12']"
254-27760-0008_9,"['SNR: 9']"
4406-16882-0030_0,"['SNR: 0']"
4195-186236-0022_-1,"['SNR: -1']"
89-218-0015_-10,"['SNR: -10']"
5393-19219-0020_-12,"['SNR: -12']"
4340-15220-0077_6,"['SNR: 6']"
2518-154826-0004_-6,"['SNR: -6']"
8425-292520-0016_-7,"['SNR: -7']"
7190-90543-0038_-9,"['SNR: -9']"
2416-152137-0036_-7,"['SNR: -7']"
4362-15663-0067_-14,"['SNR: -14']"
7800-283492-0002_10,"['SNR: 10']"
2159-179156-0032_-13,"['SNR: -13']"
6019-3185-0002_8,"['SNR: 8']"
1926-143879-0017_-12,"['SNR: -12']"
5322-7680-0020_2,"['SNR: 2']"
909-131041-0021_-8,"['SNR: -8']"
426-122821-0026_-3,"['SNR: -3']"
27-123349-0014_-12,"['SNR: -12']"
27-123349-0008_-14,"['SNR: -14']"
1263-139804-0022_7,"['SNR: 7']"
5192-19397-0076_3,"['SNR: 3']"
911-128684-0068_2,"['SNR: 2']"
150-132655-0025_-7,"['SNR: -7']"
150-126107-0023_4,"['SNR: 4']"
5750-35690-0014_-14,"['SNR: -14']"
8747-293952-0023_-9,"['SNR: -9']"
2911-7601-0005_1,"['SNR: 1']"
4014-186176-0032_2,"['SNR: 2']"
226-122538-0030_-4,"['SNR: -4']"
8108-280354-0027_5,"['SNR: 5']"
198-126831-0032_-1,"['SNR: -1']"
2196-170151-0018_-6,"['SNR: -6']"
403-126855-0023_-9,"['SNR: -9']"
6064-300880-0028_1,"['SNR: 1']"
298-126790-0002_2,"['SNR: 2']"
6081-42010-0031_-7,"['SNR: -7']"
481-123719-0026_-3,"['SNR: -3']"
4853-27671-0004_7,"['SNR: 7']"
7302-86815-0083_-4,"['SNR: -4']"
4898-28461-0011_-1,"['SNR: -1']"
5192-19397-0033_-11,"['SNR: -11']"
426-122822-0009_-7,"['SNR: -7']"
8324-286683-0033_-12,"['SNR: -12']"
89-219-0062_2,"['SNR: 2']"
3699-19402-0006_-9,"['SNR: -9']"
7178-34644-0071_1,"['SNR: 1']"
6531-61334-0027_3,"['SNR: 3']"
6476-57446-0086_5,"['SNR: 5']"
2092-145706-0060_6,"['SNR: 6']"
8770-295463-0027_5,"['SNR: 5']"
7794-295955-0003_-4,"['SNR: -4']"
6078-54007-0024_5,"['SNR: 5']"
7113-86041-0022_-6,"['SNR: -6']"
8238-274553-0068_-12,"['SNR: -12']"
3214-167606-0036_-12,"['SNR: -12']"
4481-17498-0023_6,"['SNR: 6']"
2196-170379-0026_7,"['SNR: 7']"
5463-39173-0008_-13,"['SNR: -13']"
233-155990-0041_10,"['SNR: 10']"
6385-220959-0006_-4,"['SNR: -4']"
6209-34600-0008_-12,"['SNR: -12']"
7859-102519-0042_-4,"['SNR: -4']"
8095-274346-0006_-7,"['SNR: -7']"
909-131044-0022_-7,"['SNR: -7']"
8123-275216-0043_9,"['SNR: 9']"
6385-220959-0008_-15,"['SNR: -15']"
5322-7678-0039_-10,"['SNR: -10']"
7794-295948-0008_-9,"['SNR: -9']"
5322-7679-0013_0,"['SNR: 0']"
7511-102419-0004_-6,"['SNR: -6']"
5789-57195-0001_-10,"['SNR: -10']"
3607-29116-0045_-9,"['SNR: -9']"
8063-274115-0026_-5,"['SNR: -5']"
4640-19189-0005_7,"['SNR: 7']"
412-126975-0060_2,"['SNR: 2']"
2843-152918-0048_9,"['SNR: 9']"
2989-138035-0008_10,"['SNR: 10']"
6531-61334-0010_9,"['SNR: 9']"
322-124147-0057_-14,"['SNR: -14']"
4340-15220-0095_10,"['SNR: 10']"
163-122947-0010_-9,"['SNR: -9']"
2691-156750-0022_-12,"['SNR: -12']"
6272-70191-0021_4,"['SNR: 4']"
302-123523-0022_9,"['SNR: 9']"
8975-270782-0066_1,"['SNR: 1']"
911-130578-0015_9,"['SNR: 9']"
1069-133699-0018_-3,"['SNR: -3']"
1926-147979-0036_-14,"['SNR: -14']"
1594-135914-0083_-4,"['SNR: -4']"
89-218-0038_-6,"['SNR: -6']"
8609-283227-0033_-15,"['SNR: -15']"
3830-12530-0040_10,"['SNR: 10']"
4160-14187-0025_6,"['SNR: 6']"
226-131533-0019_3,"['SNR: 3']"
289-121652-0029_8,"['SNR: 8']"
6476-96661-0029_6,"['SNR: 6']"
5678-43302-0031_8,"['SNR: 8']"
6272-70168-0028_0,"['SNR: 0']"
696-92939-0029_0,"['SNR: 0']"
4340-15220-0030_-3,"['SNR: -3']"
4853-27671-0032_-5,"['SNR: -5']"
5688-41232-0022_8,"['SNR: 8']"
1867-154071-0002_-2,"['SNR: -2']"
441-128982-0004_8,"['SNR: 8']"
1447-17506-0033_-9,"['SNR: -9']"
248-130652-0018_9,"['SNR: 9']"
3983-5331-0000_0,"['SNR: 0']"
5750-100289-0037_-15,"['SNR: -15']"
405-130894-0048_7,"['SNR: 7']"
6367-74004-0012_-9,"['SNR: -9']"
2843-152918-0062_8,"['SNR: 8']"
2384-152900-0045_0,"['SNR: 0']"
8629-261139-0076_-13,"['SNR: -13']"
1841-179183-0018_-1,"['SNR: -1']"
3486-166424-0052_-13,"['SNR: -13']"
7505-258958-0025_10,"['SNR: 10']"
8630-305213-0016_4,"['SNR: 4']"
39-121916-0018_10,"['SNR: 10']"
328-129766-0004_1,"['SNR: 1']"
6848-76049-0007_8,"['SNR: 8']"
1034-121119-0078_5,"['SNR: 5']"
3214-167602-0024_-11,"['SNR: -11']"
163-122947-0050_0,"['SNR: 0']"
6181-216552-0069_7,"['SNR: 7']"
445-123860-0021_-14,"['SNR: -14']"
8312-279790-0039_9,"['SNR: 9']"
4441-76250-0022_6,"['SNR: 6']"
1624-168623-0003_8,"['SNR: 8']"
3947-13260-0023_8,"['SNR: 8']"
289-121652-0000_-6,"['SNR: -6']"
6925-80680-0085_-9,"['SNR: -9']"
6019-3185-0022_-13,"['SNR: -13']"
78-369-0042_-10,"['SNR: -10']"
5778-54535-0025_-3,"['SNR: -3']"
2182-181183-0009_-5,"['SNR: -5']"
3436-172162-0037_-14,"['SNR: -14']"
6081-42010-0037_4,"['SNR: 4']"
2159-179157-0009_6,"['SNR: 6']"
5022-29411-0042_4,"['SNR: 4']"
1841-159771-0012_-2,"['SNR: -2']"
3486-166446-0024_-6,"['SNR: -6']"
460-172359-0004_-15,"['SNR: -15']"
2159-179154-0005_3,"['SNR: 3']"
911-130578-0012_-12,"['SNR: -12']"
8975-270782-0046_3,"['SNR: 3']"
6563-285357-0007_-10,"['SNR: -10']"
7505-258964-0019_8,"['SNR: 8']"
4267-72637-0025_-7,"['SNR: -7']"
6367-65536-0023_2,"['SNR: 2']"
7505-258964-0012_-3,"['SNR: -3']"
1447-130550-0025_4,"['SNR: 4']"
7178-34644-0014_-1,"['SNR: -1']"
163-121908-0006_10,"['SNR: 10']"
405-130895-0002_-11,"['SNR: -11']"
311-124404-0033_9,"['SNR: 9']"
7278-246956-0005_-6,"['SNR: -6']"
3240-131231-0084_-15,"['SNR: -15']"
254-127705-0034_-1,"['SNR: -1']"
2764-36619-0012_-12,"['SNR: -12']"
696-93314-0022_-7,"['SNR: -7']"
8419-286667-0030_-3,"['SNR: -3']"
2182-181173-0035_7,"['SNR: 7']"
8629-261139-0067_2,"['SNR: 2']"
6064-300880-0004_2,"['SNR: 2']"
8123-275216-0021_2,"['SNR: 2']"
1447-130552-0014_10,"['SNR: 10']"
3857-182315-0026_-4,"['SNR: -4']"
7059-77900-0022_4,"['SNR: 4']"
6880-216547-0084_-4,"['SNR: -4']"
1183-133256-0009_4,"['SNR: 4']"
6848-76049-0004_1,"['SNR: 1']"
150-126112-0015_6,"['SNR: 6']"
4195-186238-0020_-4,"['SNR: -4']"
1841-179183-0015_-10,"['SNR: -10']"
2952-407-0019_-4,"['SNR: -4']"
4441-76250-0019_-8,"['SNR: -8']"
6209-34599-0012_-7,"['SNR: -7']"
1040-133433-0036_6,"['SNR: 6']"
198-126831-0051_7,"['SNR: 7']"
7226-86964-0025_6,"['SNR: 6']"
1040-133433-0000_3,"['SNR: 3']"
2182-150130-0036_0,"['SNR: 0']"
7780-274562-0012_6,"['SNR: 6']"
3235-11599-0018_-8,"['SNR: -8']"
2436-2476-0003_-5,"['SNR: -5']"
405-130894-0054_5,"['SNR: 5']"
6848-252322-0003_9,"['SNR: 9']"
2289-152254-0008_-10,"['SNR: -10']"
289-121652-0012_-10,"['SNR: -10']"
1723-141149-0079_-4,"['SNR: -4']"
3240-131232-0018_-12,"['SNR: -12']"
2952-410-0025_6,"['SNR: 6']"
3374-298026-0015_-8,"['SNR: -8']"
7264-92310-0021_-15,"['SNR: -15']"
5339-14134-0014_-12,"['SNR: -12']"
5192-19396-0023_-2,"['SNR: -2']"
1624-168623-0027_-1,"['SNR: -1']"
3374-298026-0044_-15,"['SNR: -15']"
8580-287364-0049_-3,"['SNR: -3']"
4214-7146-0040_2,"['SNR: 2']"
4137-11702-0033_4,"['SNR: 4']"
8747-293952-0106_-11,"['SNR: -11']"
587-41611-0018_-10,"['SNR: -10']"
5163-39921-0041_0,"['SNR: 0']"
5867-48852-0048_3,"['SNR: 3']"
1088-129236-0029_-4,"['SNR: -4']"
6848-76049-0031_-10,"['SNR: -10']"
5778-12761-0023_0,"['SNR: 0']"
5561-39621-0039_-5,"['SNR: -5']"
2514-149482-0092_-14,"['SNR: -14']"
1235-135887-0009_9,"['SNR: 9']"
2952-410-0026_-15,"['SNR: -15']"
1594-135914-0103_-11,"['SNR: -11']"
78-369-0004_-9,"['SNR: -9']"
226-131532-0001_-8,"['SNR: -8']"
6019-3185-0047_8,"['SNR: 8']"
4640-19188-0037_-11,"['SNR: -11']"
7447-91187-0046_5,"['SNR: 5']"
4297-13006-0025_-4,"['SNR: -4']"
298-126791-0038_-15,"['SNR: -15']"
7278-91083-0006_6,"['SNR: 6']"
4859-26870-0009_-12,"['SNR: -12']"
7402-90848-0061_2,"['SNR: 2']"
8108-274318-0012_10,"['SNR: 10']"
3664-178355-0014_-6,"['SNR: -6']"
8629-261140-0009_-12,"['SNR: -12']"
5789-70653-0027_7,"['SNR: 7']"
6529-62556-0022_8,"['SNR: 8']"
3664-11714-0006_-2,"['SNR: -2']"
8098-278252-0037_-8,"['SNR: -8']"
3699-175950-0004_8,"['SNR: 8']"
3240-131232-0014_-4,"['SNR: -4']"
7059-77897-0013_0,"['SNR: 0']"
481-123720-0010_-8,"['SNR: -8']"
298-126791-0015_10,"['SNR: 10']"
8747-293952-0063_7,"['SNR: 7']"
328-129766-0000_-4,"['SNR: -4']"
328-129766-0043_9,"['SNR: 9']"
8063-274117-0004_-4,"['SNR: -4']"
8226-274371-0015_-1,"['SNR: -1']"
5339-14134-0028_5,"['SNR: 5']"
839-130898-0051_-14,"['SNR: -14']"
3242-8112-0016_-3,"['SNR: -3']"
8095-274345-0020_5,"['SNR: 5']"
7447-91186-0018_1,"['SNR: 1']"
8051-119902-0001_10,"['SNR: 10']"
1992-141719-0012_-8,"['SNR: -8']"
4397-15668-0019_3,"['SNR: 3']"
1594-135914-0022_-5,"['SNR: -5']"
6531-61334-0100_5,"['SNR: 5']"
6531-61334-0076_1,"['SNR: 1']"
6476-57446-0058_-11,"['SNR: -11']"
1867-154075-0020_-14,"['SNR: -14']"
5463-39173-0019_2,"['SNR: 2']"
446-123502-0031_-8,"['SNR: -8']"
374-180298-0050_10,"['SNR: 10']"
3664-178366-0031_10,"['SNR: 10']"
5514-19192-0032_-11,"['SNR: -11']"
250-142276-0039_8,"['SNR: 8']"
3699-19401-0017_-1,"['SNR: -1']"
2518-154826-0018_-2,"['SNR: -2']"
4014-186183-0008_-3,"['SNR: -3']"
3723-171115-0032_-3,"['SNR: -3']"
4830-25904-0036_-14,"['SNR: -14']"
1970-28415-0019_-10,"['SNR: -10']"
909-131041-0001_1,"['SNR: 1']"
8629-261139-0035_-3,"['SNR: -3']"
8975-270782-0090_-11,"['SNR: -11']"
4397-15666-0020_1,"['SNR: 1']"
2764-36616-0003_3,"['SNR: 3']"
3486-166424-0017_3,"['SNR: 3']"
1578-140045-0011_-8,"['SNR: -8']"
89-218-0025_-5,"['SNR: -5']"
1246-124548-0030_-2,"['SNR: -2']"
887-123290-0022_-5,"['SNR: -5']"
481-123720-0015_8,"['SNR: 8']"
839-130898-0071_3,"['SNR: 3']"
2092-145706-0082_9,"['SNR: 9']"
6209-34599-0024_0,"['SNR: 0']"
1970-28415-0003_-9,"['SNR: -9']"
6019-3185-0042_9,"['SNR: 9']"
1867-148436-0024_2,"['SNR: 2']"
3879-174923-0048_-14,"['SNR: -14']"
6385-34655-0033_-11,"['SNR: -11']"
40-222-0042_8,"['SNR: 8']"
6531-61334-0012_-13,"['SNR: -13']"
2514-149482-0085_-1,"['SNR: -1']"
5192-19396-0029_9,"['SNR: 9']"
911-130578-0007_-2,"['SNR: -2']"
8797-294123-0039_3,"['SNR: 3']"
7148-82991-0006_0,"['SNR: 0']"
2764-36617-0004_-4,"['SNR: -4']"
5778-54535-0043_-8,"['SNR: -8']"
8770-295462-0029_7,"['SNR: 7']"
311-124404-0032_9,"['SNR: 9']"
1737-142397-0039_-10,"['SNR: -10']"
8465-246943-0004_4,"['SNR: 4']"
4214-7146-0051_0,"['SNR: 0']"
5678-43301-0018_-1,"['SNR: -1']"
311-124404-0009_7,"['SNR: 7']"
6385-220959-0012_1,"['SNR: 1']"
5808-54425-0045_0,"['SNR: 0']"
3259-158083-0069_5,"['SNR: 5']"
6529-62556-0003_-8,"['SNR: -8']"
3664-178355-0032_10,"['SNR: 10']"
32-4137-0044_-6,"['SNR: -6']"
412-126975-0087_-4,"['SNR: -4']"
8609-283227-0036_-3,"['SNR: -3']"
7278-91083-0037_-4,"['SNR: -4']"
4014-186175-0023_-3,"['SNR: -3']"
4160-11550-0035_10,"['SNR: 10']"
2391-145015-0099_-11,"['SNR: -11']"
150-126107-0028_-3,"['SNR: -3']"
8838-298546-0031_8,"['SNR: 8']"
412-126975-0076_2,"['SNR: 2']"
250-140277-0007_4,"['SNR: 4']"
481-123719-0037_1,"['SNR: 1']"
1246-124548-0022_-12,"['SNR: -12']"
3879-173592-0027_9,"['SNR: 9']"
7859-102519-0017_7,"['SNR: 7']"
7800-283492-0036_-6,"['SNR: -6']"
27-123349-0052_-11,"['SNR: -11']"
3526-176653-0045_-8,"['SNR: -8']"
1088-134315-0052_-8,"['SNR: -8']"
5750-100289-0041_-2,"['SNR: -2']"
6209-34600-0021_3,"['SNR: 3']"
3242-8112-0028_-6,"['SNR: -6']"
254-12312-0014_-2,"['SNR: -2']"
289-121652-0004_-15,"['SNR: -15']"
8425-246962-0027_1,"['SNR: 1']"
8630-305212-0005_10,"['SNR: 10']"
2002-139469-0084_-14,"['SNR: -14']"
6848-252322-0008_-7,"['SNR: -7']"
2911-7601-0029_-10,"['SNR: -10']"
3436-172171-0041_9,"['SNR: 9']"
3374-298026-0000_-11,"['SNR: -11']"
405-130894-0055_-5,"['SNR: -5']"
89-218-0048_7,"['SNR: 7']"
587-41611-0006_-8,"['SNR: -8']"
5163-18515-0027_8,"['SNR: 8']"
1116-137572-0047_1,"['SNR: 1']"
2196-170151-0003_3,"['SNR: 3']"
332-128985-0002_-9,"['SNR: -9']"
1624-142933-0026_-2,"['SNR: -2']"
233-155990-0022_8,"['SNR: 8']"
1841-159771-0032_-5,"['SNR: -5']"
1040-133433-0040_9,"['SNR: 9']"
446-123501-0004_3,"['SNR: 3']"
4397-15668-0037_9,"['SNR: 9']"
3440-171009-0070_2,"['SNR: 2']"
3699-19402-0015_1,"['SNR: 1']"
8095-274346-0023_-8,"['SNR: -8']"
3982-178459-0035_6,"['SNR: 6']"
5322-7678-0022_-10,"['SNR: -10']"
374-180299-0000_-13,"['SNR: -13']"
2911-7601-0031_-14,"['SNR: -14']"
32-21634-0019_6,"['SNR: 6']"
83-11691-0005_9,"['SNR: 9']"
3807-4955-0030_1,"['SNR: 1']"
6818-68772-0017_-11,"['SNR: -11']"
4406-16883-0025_9,"['SNR: 9']"
7780-274562-0051_-12,"['SNR: -12']"
2182-181183-0034_-13,"['SNR: -13']"
8108-280359-0027_1,"['SNR: 1']"
8226-274371-0035_-4,"['SNR: -4']"
226-122538-0017_-10,"['SNR: -10']"
7148-82991-0021_-8,"['SNR: -8']"
3235-28433-0032_10,"['SNR: 10']"
248-130697-0018_-14,"['SNR: -14']"
248-130652-0023_-13,"['SNR: -13']"
8238-274553-0020_8,"['SNR: 8']"
5104-33406-0043_-10,"['SNR: -10']"
6272-70191-0032_-6,"['SNR: -6']"
27-123349-0019_-8,"['SNR: -8']"
3112-9554-0022_-15,"['SNR: -15']"
7794-295955-0019_0,"['SNR: 0']"
4297-13009-0058_-14,"['SNR: -14']"
4051-11217-0012_-9,"['SNR: -9']"
6925-80680-0042_-7,"['SNR: -7']"
5022-29411-0037_-4,"['SNR: -4']"
8468-295198-0029_-15,"['SNR: -15']"
4441-76263-0018_2,"['SNR: 2']"
2289-152257-0001_8,"['SNR: 8']"
1553-140047-0018_-5,"['SNR: -5']"
5339-14134-0031_7,"['SNR: 7']"
4297-13009-0040_-3,"['SNR: -3']"
1116-132851-0027_-11,"['SNR: -11']"
8630-305212-0039_-12,"['SNR: -12']"
3436-172162-0021_-9,"['SNR: -9']"
39-121915-0016_-1,"['SNR: -1']"
1898-145715-0044_-13,"['SNR: -13']"
8630-305213-0021_2,"['SNR: 2']"
669-129061-0055_7,"['SNR: 7']"
3235-11599-0016_3,"['SNR: 3']"
7367-86737-0011_7,"['SNR: 7']"
412-126975-0040_3,"['SNR: 3']"
3982-182255-0025_-11,"['SNR: -11']"
6078-54013-0031_-12,"['SNR: -12']"
4160-11550-0007_0,"['SNR: 0']"
460-172357-0001_-8,"['SNR: -8']"
5778-12761-0012_-3,"['SNR: -3']"
332-128985-0027_-14,"['SNR: -14']"
7505-83618-0007_7,"['SNR: 7']"
1737-148989-0030_5,"['SNR: 5']"
1040-133433-0029_4,"['SNR: 4']"
3436-172171-0005_7,"['SNR: 7']"
3240-131231-0061_2,"['SNR: 2']"
233-134440-0046_-1,"['SNR: -1']"
7780-274562-0000_1,"['SNR: 1']"
3168-173565-0030_-3,"['SNR: -3']"
5678-43302-0014_9,"['SNR: 9']"
3947-13260-0017_7,"['SNR: 7']"
911-128684-0053_6,"['SNR: 6']"
2518-154825-0033_4,"['SNR: 4']"
4859-22176-0006_-12,"['SNR: -12']"
2893-139322-0021_-3,"['SNR: -3']"
302-123504-0006_-7,"['SNR: -7']"
1263-141777-0015_-11,"['SNR: -11']"
6437-66172-0041_2,"['SNR: 2']"
5192-19397-0050_-5,"['SNR: -5']"
1355-39947-0011_7,"['SNR: 7']"
1098-133695-0050_9,"['SNR: 9']"
4853-27671-0033_2,"['SNR: 2']"
4830-25904-0000_7,"['SNR: 7']"
2384-152900-0084_8,"['SNR: 8']"
211-122425-0058_-1,"['SNR: -1']"
3699-19401-0016_6,"['SNR: 6']"
4680-16042-0024_-11,"['SNR: -11']"
1867-154071-0034_6,"['SNR: 6']"
6818-68772-0014_-2,"['SNR: -2']"
328-129766-0092_-3,"['SNR: -3']"
163-121908-0008_9,"['SNR: 9']"
6529-62554-0033_-8,"['SNR: -8']"
8226-274369-0003_4,"['SNR: 4']"
909-131041-0009_-14,"['SNR: -14']"
5339-14134-0042_-7,"['SNR: -7']"
8419-293469-0007_-2,"['SNR: -2']"
458-126305-0015_10,"['SNR: 10']"
669-129061-0023_3,"['SNR: 3']"
4340-15220-0035_9,"['SNR: 9']"
8051-119902-0023_-10,"['SNR: -10']"
4788-94904-0021_-14,"['SNR: -14']"
7078-271888-0065_-11,"['SNR: -11']"
5463-39174-0029_-1,"['SNR: -1']"
7190-90542-0067_-9,"['SNR: -9']"
3440-171009-0074_8,"['SNR: 8']"
6078-54007-0016_1,"['SNR: 1']"
374-180298-0016_-2,"['SNR: -2']"
6078-54013-0015_8,"['SNR: 8']"
3214-167602-0025_-14,"['SNR: -14']"
7635-105409-0035_6,"['SNR: 6']"
198-126831-0011_-5,"['SNR: -5']"
4195-17507-0004_7,"['SNR: 7']"
4051-11218-0052_6,"['SNR: 6']"
5393-19218-0029_8,"['SNR: 8']"
5163-39921-0003_9,"['SNR: 9']"
7067-76048-0033_-14,"['SNR: -14']"
1867-154075-0045_-12,"['SNR: -12']"
1363-139304-0025_3,"['SNR: 3']"
125-121124-0048_-4,"['SNR: -4']"
7859-102521-0001_3,"['SNR: 3']"
4481-17499-0012_7,"['SNR: 7']"
8098-278278-0031_-5,"['SNR: -5']"
4788-94904-0016_-8,"['SNR: -8']"
4853-27671-0003_-9,"['SNR: -9']"
8629-261140-0041_10,"['SNR: 10']"
5652-39938-0016_-11,"['SNR: -11']"
2196-170151-0015_-2,"['SNR: -2']"
4362-15663-0063_3,"['SNR: 3']"
1246-124550-0011_-14,"['SNR: -14']"
2817-142371-0059_-7,"['SNR: -7']"
2952-410-0014_-11,"['SNR: -11']"
4137-11702-0031_5,"['SNR: 5']"
118-47824-0000_-10,"['SNR: -10']"
118-121721-0009_4,"['SNR: 4']"
8108-280354-0026_6,"['SNR: 6']"
445-123860-0018_3,"['SNR: 3']"
298-126791-0000_-9,"['SNR: -9']"
7226-86965-0006_-9,"['SNR: -9']"
1334-135589-0077_4,"['SNR: 4']"
4680-16042-0018_-2,"['SNR: -2']"
887-123291-0029_-8,"['SNR: -8']"
3242-67153-0006_-13,"['SNR: -13']"
460-172359-0055_8,"['SNR: 8']"
39-121914-0016_10,"['SNR: 10']"
289-121665-0001_-4,"['SNR: -4']"
3440-171009-0032_1,"['SNR: 1']"
1098-133695-0011_-8,"['SNR: -8']"
8051-119902-0016_-6,"['SNR: -6']"
1098-133695-0006_0,"['SNR: 0']"
2436-2476-0015_-13,"['SNR: -13']"
32-21625-0015_2,"['SNR: 2']"
1578-140049-0038_8,"['SNR: 8']"
8580-287363-0010_-4,"['SNR: -4']"
4830-25904-0045_6,"['SNR: 6']"
4051-10927-0013_-7,"['SNR: -7']"
1624-142933-0008_-10,"['SNR: -10']"
4813-248641-0022_-14,"['SNR: -14']"
3526-175658-0013_-4,"['SNR: -4']"
1355-39947-0082_-2,"['SNR: -2']"
4441-76262-0026_1,"['SNR: 1']"
6454-93938-0011_-10,"['SNR: -10']"
445-123857-0014_-1,"['SNR: -1']"
5104-33406-0059_2,"['SNR: 2']"
4267-78186-0034_2,"['SNR: 2']"
8324-286681-0019_0,"['SNR: 0']"
26-495-0040_-4,"['SNR: -4']"
1578-6379-0000_-2,"['SNR: -2']"
6880-216547-0027_-8,"['SNR: -8']"
1594-135914-0086_0,"['SNR: 0']"
4088-158077-0091_2,"['SNR: 2']"
7226-86965-0048_-13,"['SNR: -13']"
2391-145015-0097_-1,"['SNR: -1']"
1624-168623-0028_3,"['SNR: 3']"
3235-28433-0008_10,"['SNR: 10']"
5049-25947-0097_-8,"['SNR: -8']"
3112-9554-0006_-4,"['SNR: -4']"
405-130894-0072_-9,"['SNR: -9']"
83-9960-0005_-8,"['SNR: -8']"
6209-34599-0017_-15,"['SNR: -15']"
7794-295948-0007_4,"['SNR: 4']"
1963-142776-0034_1,"['SNR: 1']"
7067-76048-0055_-5,"['SNR: -5']"
2092-145706-0047_-1,"['SNR: -1']"
2989-138035-0011_-5,"['SNR: -5']"
6531-61334-0039_-12,"['SNR: -12']"
6818-68772-0012_-14,"['SNR: -14']"
3242-67153-0005_-8,"['SNR: -8']"
4014-186176-0007_10,"['SNR: 10']"
1502-122619-0012_5,"['SNR: 5']"
839-130898-0061_5,"['SNR: 5']"
4018-107338-0021_-7,"['SNR: -7']"
6531-61334-0025_-1,"['SNR: -1']"
1455-134435-0060_-3,"['SNR: -3']"
1183-133255-0009_8,"['SNR: 8']"
3214-167607-0036_2,"['SNR: 2']"
1867-148436-0027_-15,"['SNR: -15']"
19-227-0050_5,"['SNR: 5']"
4267-78186-0008_-4,"['SNR: -4']"
625-132118-0046_3,"['SNR: 3']"
6385-220959-0020_6,"['SNR: 6']"
4640-19189-0043_-12,"['SNR: -12']"
6476-57446-0046_-2,"['SNR: -2']"
87-121553-0102_-12,"['SNR: -12']"
6836-61803-0026_-2,"['SNR: -2']"
911-128684-0028_1,"['SNR: 1']"
1455-138263-0025_2,"['SNR: 2']"
7402-90848-0046_9,"['SNR: 9']"
8312-279790-0017_8,"['SNR: 8']"
8014-112586-0014_-11,"['SNR: -11']"
6209-34600-0015_9,"['SNR: 9']"
7278-91083-0016_0,"['SNR: 0']"
6064-300880-0006_-2,"['SNR: -2']"
6367-65536-0034_-5,"['SNR: -5']"
1841-150351-0029_9,"['SNR: 9']"
7067-76047-0024_2,"['SNR: 2']"
669-129074-0014_-3,"['SNR: -3']"
887-123289-0024_0,"['SNR: 0']"
198-126831-0046_-1,"['SNR: -1']"
211-122425-0041_0,"['SNR: 0']"
2092-145706-0041_-8,"['SNR: -8']"
1578-140045-0001_9,"['SNR: 9']"
6147-34606-0010_-1,"['SNR: -1']"
4397-15666-0006_-10,"['SNR: -10']"
32-21625-0011_7,"['SNR: 7']"
426-122822-0029_-1,"['SNR: -1']"
7113-86041-0002_-3,"['SNR: -3']"
27-124992-0071_-2,"['SNR: -2']"
4640-19189-0022_9,"['SNR: 9']"
5390-24512-0015_-8,"['SNR: -8']"
6563-63821-0011_1,"['SNR: 1']"
2843-152918-0092_-6,"['SNR: -6']"
1970-26100-0022_-9,"['SNR: -9']"
1970-28415-0036_-1,"['SNR: -1']"
3983-5371-0034_0,"['SNR: 0']"
4214-7146-0069_-7,"['SNR: -7']"
625-132112-0028_10,"['SNR: 10']"
8051-295385-0022_3,"['SNR: 3']"
6415-111615-0025_10,"['SNR: 10']"
5688-41232-0000_7,"['SNR: 7']"
7190-90542-0053_-6,"['SNR: -6']"
6367-65536-0068_-11,"['SNR: -11']"
426-122822-0017_-1,"['SNR: -1']"
8098-278278-0026_-3,"['SNR: -3']"
40-121026-0041_-8,"['SNR: -8']"
200-124139-0000_8,"['SNR: 8']"
27-124992-0069_-12,"['SNR: -12']"
3723-171631-0004_8,"['SNR: 8']"
5463-39174-0005_3,"['SNR: 3']"
6563-63821-0042_2,"['SNR: 2']"
374-180299-0026_-3,"['SNR: -3']"
233-155990-0012_-10,"['SNR: -10']"
4788-94904-0025_-14,"['SNR: -14']"
7264-92310-0013_-1,"['SNR: -1']"
2196-174172-0022_-3,"['SNR: -3']"
3983-5371-0042_-3,"['SNR: -3']"
8088-284756-0055_-13,"['SNR: -13']"
5339-14133-0017_-14,"['SNR: -14']"
6272-70191-0008_0,"['SNR: 0']"
2002-139469-0025_-9,"['SNR: -9']"
8609-283227-0064_-5,"['SNR: -5']"
3374-298032-0013_-10,"['SNR: -10']"
6437-66172-0034_-2,"['SNR: -2']"
211-122425-0031_-2,"['SNR: -2']"
5456-62014-0007_-9,"['SNR: -9']"
5322-7680-0002_0,"['SNR: 0']"
1334-135589-0013_9,"['SNR: 9']"
2182-181183-0027_-6,"['SNR: -6']"
909-131044-0010_5,"['SNR: 5']"
2391-145015-0049_0,"['SNR: 0']"
2416-152139-0061_4,"['SNR: 4']"
7226-86965-0010_2,"['SNR: 2']"
3723-171631-0018_-4,"['SNR: -4']"
7517-100429-0002_9,"['SNR: 9']"
3440-171006-0025_-5,"['SNR: -5']"
302-123504-0011_10,"['SNR: 10']"
150-132655-0002_8,"['SNR: 8']"
8797-294123-0099_-5,"['SNR: -5']"
5393-19218-0007_7,"['SNR: 7']"
481-123720-0056_-5,"['SNR: -5']"
911-128684-0045_-5,"['SNR: -5']"
6064-300880-0016_6,"['SNR: 6']"
7078-271888-0060_-5,"['SNR: -5']"
412-126975-0084_2,"['SNR: 2']"
403-128339-0047_-4,"['SNR: -4']"
6848-252323-0009_-15,"['SNR: -15']"
7367-86737-0032_-7,"['SNR: -7']"
7226-86965-0041_5,"['SNR: 5']"
150-126107-0006_4,"['SNR: 4']"
7278-91083-0013_-4,"['SNR: -4']"
8088-284756-0033_7,"['SNR: 7']"
6019-3185-0058_9,"['SNR: 9']"
7226-86964-0031_2,"['SNR: 2']"
3830-12535-0003_-12,"['SNR: -12']"
5808-54425-0052_4,"['SNR: 4']"
2391-145015-0026_-15,"['SNR: -15']"
6836-61804-0000_0,"['SNR: 0']"
5778-12761-0046_6,"['SNR: 6']"
412-126975-0023_-1,"['SNR: -1']"
669-129074-0007_7,"['SNR: 7']"
6836-76549-0013_3,"['SNR: 3']"
5652-39938-0025_5,"['SNR: 5']"
311-124404-0004_-12,"['SNR: -12']"
1743-142914-0015_-8,"['SNR: -8']"
3699-47246-0032_-6,"['SNR: -6']"
196-122159-0024_-11,"['SNR: -11']"
4859-22176-0022_-7,"['SNR: -7']"
2691-156745-0003_-7,"['SNR: -7']"
6019-3185-0018_-14,"['SNR: -14']"
233-134440-0026_-11,"['SNR: -11']"
7148-7763-0000_8,"['SNR: 8']"
2092-145706-0013_-13,"['SNR: -13']"
5867-48852-0031_-11,"['SNR: -11']"
298-126790-0034_-8,"['SNR: -8']"
3982-182255-0045_-5,"['SNR: -5']"
1723-141149-0062_8,"['SNR: 8']"
4195-17507-0007_-15,"['SNR: -15']"
6078-54007-0022_-14,"['SNR: -14']"
7402-90848-0033_-12,"['SNR: -12']"
8975-270782-0071_5,"['SNR: 5']"
6531-61334-0083_7,"['SNR: 7']"
4014-186183-0028_-2,"['SNR: -2']"
1898-145715-0024_1,"['SNR: 1']"
1088-134315-0011_-6,"['SNR: -6']"
1502-122619-0015_-5,"['SNR: -5']"
6064-56165-0013_-15,"['SNR: -15']"
8063-274115-0023_0,"['SNR: 0']"
5778-12761-0043_-8,"['SNR: -8']"
4267-78186-0013_-4,"['SNR: -4']"
8226-274371-0043_-2,"['SNR: -2']"
4441-76263-0028_4,"['SNR: 4']"
83-3054-0013_7,"['SNR: 7']"
8770-295465-0030_5,"['SNR: 5']"
7505-258958-0023_-13,"['SNR: -13']"
2836-5355-0027_6,"['SNR: 6']"
39-121914-0009_-1,"['SNR: -1']"
3242-8112-0033_-11,"['SNR: -11']"
32-21634-0006_-8,"['SNR: -8']"
403-128339-0028_10,"['SNR: 10']"
6181-216552-0103_-9,"['SNR: -9']"
1867-154075-0008_10,"['SNR: 10']"
2436-2476-0004_0,"['SNR: 0']"
201-122255-0026_-1,"['SNR: -1']"
6000-55211-0033_8,"['SNR: 8']"
32-21625-0007_4,"['SNR: 4']"
8312-279791-0005_3,"['SNR: 3']"
8063-274112-0036_-3,"['SNR: -3']"
5463-39174-0042_-1,"['SNR: -1']"
3982-182255-0031_-7,"['SNR: -7']"
6531-61334-0034_-10,"['SNR: -10']"
7226-86964-0013_1,"['SNR: 1']"
2007-132570-0056_1,"['SNR: 1']"
229-130880-0028_10,"['SNR: 10']"
307-127539-0034_7,"['SNR: 7']"
4441-76250-0004_-2,"['SNR: -2']"
7859-102518-0011_-2,"['SNR: -2']"
839-130898-0066_-6,"['SNR: -6']"
250-142276-0002_1,"['SNR: 1']"
1081-125237-0089_5,"['SNR: 5']"
6531-61334-0126_5,"['SNR: 5']"
1235-135883-0007_-9,"['SNR: -9']"
5778-12761-0030_10,"['SNR: 10']"
4397-15666-0009_4,"['SNR: 4']"
1334-135589-0029_-2,"['SNR: -2']"
8123-275216-0042_2,"['SNR: 2']"
6147-34605-0030_-14,"['SNR: -14']"
4014-186176-0037_-10,"['SNR: -10']"
40-222-0044_7,"['SNR: 7']"
3112-9555-0067_-10,"['SNR: -10']"
1841-159771-0022_-3,"['SNR: -3']"
307-127535-0041_-14,"['SNR: -14']"
3857-182315-0043_-3,"['SNR: -3']"
6437-66172-0019_-15,"['SNR: -15']"
3436-172162-0013_-13,"['SNR: -13']"
1447-130551-0032_-8,"['SNR: -8']"
254-127705-0039_4,"['SNR: 4']"
1235-135887-0017_10,"['SNR: 10']"
4397-15668-0033_-5,"['SNR: -5']"
125-121342-0034_-5,"['SNR: -5']"
5390-30102-0020_4,"['SNR: 4']"
8063-274112-0004_7,"['SNR: 7']"
5703-47198-0006_-11,"['SNR: -11']"
7278-91083-0032_-11,"['SNR: -11']"
730-358-0014_-3,"['SNR: -3']"
6078-54007-0036_0,"['SNR: 0']"
2843-152918-0091_4,"['SNR: 4']"
6385-220959-0013_-4,"['SNR: -4']"
481-123720-0021_-1,"['SNR: -1']"
4137-11702-0004_-15,"['SNR: -15']"
7190-90543-0002_10,"['SNR: 10']"
1723-141149-0060_9,"['SNR: 9']"
328-129766-0062_6,"['SNR: 6']"
211-122425-0002_-1,"['SNR: -1']"
8051-119902-0008_10,"['SNR: 10']"
3235-28433-0012_3,"['SNR: 3']"
3983-5331-0049_-14,"['SNR: -14']"
4788-94904-0002_6,"['SNR: 6']"
1867-148436-0041_-12,"['SNR: -12']"
1081-125237-0016_-4,"['SNR: -4']"
5192-19397-0032_-3,"['SNR: -3']"
6019-3185-0004_0,"['SNR: 0']"
2691-156745-0018_2,"['SNR: 2']"
27-123349-0021_4,"['SNR: 4']"
909-131045-0021_-12,"['SNR: -12']"
3526-176651-0013_3,"['SNR: 3']"
60-121082-0044_0,"['SNR: 0']"
2817-142371-0060_-5,"['SNR: -5']"
831-130739-0052_3,"['SNR: 3']"
7226-86964-0027_-14,"['SNR: -14']"
1040-133433-0042_-13,"['SNR: -13']"
8770-295465-0003_-6,"['SNR: -6']"
7505-83618-0006_5,"['SNR: 5']"
103-1241-0023_-6,"['SNR: -6']"
4214-7146-0070_5,"['SNR: 5']"
2910-131096-0029_2,"['SNR: 2']"
8425-287387-0008_-3,"['SNR: -3']"
4137-11701-0023_3,"['SNR: 3']"
4362-15663-0003_-14,"['SNR: -14']"
2007-132570-0024_-12,"['SNR: -12']"
7190-90543-0004_-14,"['SNR: -14']"
6529-62554-0028_-5,"['SNR: -5']"
163-122947-0000_7,"['SNR: 7']"
8095-274346-0021_-4,"['SNR: -4']"
1963-142393-0057_3,"['SNR: 3']"
302-123516-0014_10,"['SNR: 10']"
1235-135883-0002_-6,"['SNR: -6']"
2159-179157-0025_2,"['SNR: 2']"
3214-167606-0024_6,"['SNR: 6']"
7780-274562-0090_10,"['SNR: 10']"
4859-29340-0016_-9,"['SNR: -9']"
8098-278252-0002_10,"['SNR: 10']"
2989-138035-0012_-4,"['SNR: -4']"
5322-7680-0018_-3,"['SNR: -3']"
7635-105661-0019_1,"['SNR: 1']"
8580-287364-0002_-15,"['SNR: -15']"
374-180299-0032_5,"['SNR: 5']"
4830-25898-0043_-12,"['SNR: -12']"
311-124404-0077_5,"['SNR: 5']"
2384-152900-0052_8,"['SNR: 8']"
198-209-0032_7,"['SNR: 7']"
8312-279790-0020_-10,"['SNR: -10']"
7148-7763-0034_5,"['SNR: 5']"
3983-5331-0039_1,"['SNR: 1']"
5808-54425-0015_-10,"['SNR: -10']"
6848-252322-0028_-11,"['SNR: -11']"
625-132118-0002_4,"['SNR: 4']"
5750-100289-0038_-7,"['SNR: -7']"
7447-91186-0017_-2,"['SNR: -2']"
8238-274553-0050_-14,"['SNR: -14']"
3807-4923-0036_-2,"['SNR: -2']"
8580-287364-0030_-2,"['SNR: -2']"
233-134440-0003_9,"['SNR: 9']"
1116-132847-0035_5,"['SNR: 5']"
125-121124-0058_-6,"['SNR: -6']"
4788-91208-0019_-6,"['SNR: -6']"
4830-25904-0033_-4,"['SNR: -4']"
1069-133709-0017_5,"['SNR: 5']"
839-130898-0063_-3,"['SNR: -3']"
311-124404-0094_4,"['SNR: 4']"
458-126305-0027_-4,"['SNR: -4']"
163-122947-0041_-10,"['SNR: -10']"
8629-261139-0059_0,"['SNR: 0']"
4160-11549-0014_1,"['SNR: 1']"
2416-152137-0035_-1,"['SNR: -1']"
5678-43301-0024_-9,"['SNR: -9']"
250-142286-0015_-15,"['SNR: -15']"
1841-159771-0014_0,"['SNR: 0']"
839-130898-0045_-1,"['SNR: -1']"
4397-15666-0001_-13,"['SNR: -13']"
2196-170379-0025_-15,"['SNR: -15']"
2136-5143-0033_7,"['SNR: 7']"
6437-66172-0029_0,"['SNR: 0']"
669-129061-0018_8,"['SNR: 8']"
2836-5354-0046_9,"['SNR: 9']"
3436-172171-0040_-2,"['SNR: -2']"
6000-86686-0011_-1,"['SNR: -1']"
3168-173565-0018_7,"['SNR: 7']"
7113-86041-0052_-8,"['SNR: -8']"
1723-141149-0092_2,"['SNR: 2']"
730-358-0048_3,"['SNR: 3']"
5808-54425-0047_-12,"['SNR: -12']"
7078-271888-0039_-5,"['SNR: -5']"
5703-47212-0050_-10,"['SNR: -10']"
83-3054-0018_1,"['SNR: 1']"
5104-33406-0012_1,"['SNR: 1']"
8098-278252-0033_-12,"['SNR: -12']"
7178-34645-0033_-6,"['SNR: -6']"
2952-407-0010_4,"['SNR: 4']"
5339-14134-0007_-8,"['SNR: -8']"
7402-90848-0001_-8,"['SNR: -8']"
1594-135914-0008_8,"['SNR: 8']"
125-121124-0008_-2,"['SNR: -2']"
27-124992-0065_8,"['SNR: 8']"
8975-270782-0057_2,"['SNR: 2']"
6454-93938-0015_-15,"['SNR: -15']"
730-359-0004_5,"['SNR: 5']"
7264-92316-0008_4,"['SNR: 4']"
8419-286676-0005_-3,"['SNR: -3']"
3112-9554-0023_9,"['SNR: 9']"
3214-167607-0014_9,"['SNR: 9']"
19-198-0015_8,"['SNR: 8']"
374-180298-0013_-7,"['SNR: -7']"
839-130898-0053_-6,"['SNR: -6']"
233-134440-0060_-15,"['SNR: -15']"
1970-28415-0022_-11,"['SNR: -11']"
6848-252323-0008_-1,"['SNR: -1']"
6531-61334-0082_4,"['SNR: 4']"
6563-63821-0002_-5,"['SNR: -5']"
7190-90543-0034_-5,"['SNR: -5']"
5463-39173-0023_7,"['SNR: 7']"
8465-246940-0002_9,"['SNR: 9']"
4362-15663-0055_-15,"['SNR: -15']"
6454-107462-0010_-3,"['SNR: -3']"
163-122947-0064_7,"['SNR: 7']"
696-92939-0003_6,"['SNR: 6']"
2136-5143-0019_4,"['SNR: 4']"
8747-293952-0055_-4,"['SNR: -4']"
1553-140048-0028_8,"['SNR: 8']"
1263-138246-0009_-12,"['SNR: -12']"
6454-120342-0000_-4,"['SNR: -4']"
6437-66172-0037_-14,"['SNR: -14']"
5049-25947-0109_-5,"['SNR: -5']"
1970-10594-0039_8,"['SNR: 8']"
201-122255-0031_-7,"['SNR: -7']"
4397-15678-0021_5,"['SNR: 5']"
1502-122615-0004_-14,"['SNR: -14']"
5561-41616-0016_6,"['SNR: 6']"
405-130894-0035_7,"['SNR: 7']"
3374-298032-0042_7,"['SNR: 7']"
1116-132847-0012_9,"['SNR: 9']"
1447-130550-0026_-11,"['SNR: -11']"
4397-15668-0022_-15,"['SNR: -15']"
163-122947-0001_-14,"['SNR: -14']"
1898-145724-0031_-7,"['SNR: -7']"
198-129977-0023_0,"['SNR: 0']"
1088-134318-0002_3,"['SNR: 3']"
6209-34601-0018_9,"['SNR: 9']"
5104-33407-0034_-12,"['SNR: -12']"
7059-77900-0041_-11,"['SNR: -11']"
7226-86964-0047_5,"['SNR: 5']"
307-127539-0039_-6,"['SNR: -6']"
909-131045-0035_-15,"['SNR: -15']"
2910-131096-0086_0,"['SNR: 0']"
83-9960-0034_-6,"['SNR: -6']"
1246-124550-0014_-15,"['SNR: -15']"
7780-274562-0039_-9,"['SNR: -9']"
4481-17498-0037_-3,"['SNR: -3']"
2836-5354-0019_-4,"['SNR: -4']"
19-198-0017_10,"['SNR: 10']"
3168-173565-0025_2,"['SNR: 2']"
5163-39921-0049_-7,"['SNR: -7']"
4362-15663-0033_10,"['SNR: 10']"
8425-246962-0028_-3,"['SNR: -3']"
5808-48608-0021_-8,"['SNR: -8']"
1578-140045-0002_6,"['SNR: 6']"
405-130894-0013_-2,"['SNR: -2']"
1578-6379-0038_5,"['SNR: 5']"
200-126784-0021_-6,"['SNR: -6']"
7511-102419-0026_-12,"['SNR: -12']"
1963-147036-0004_-1,"['SNR: -1']"
3440-171006-0006_5,"['SNR: 5']"
7226-86964-0011_-6,"['SNR: -6']"
4137-11701-0032_1,"['SNR: 1']"
446-123502-0003_10,"['SNR: 10']"
5022-29411-0031_5,"['SNR: 5']"
6367-65536-0001_-2,"['SNR: -2']"
3240-131231-0055_-9,"['SNR: -9']"
7402-90848-0019_-2,"['SNR: -2']"
7190-90543-0007_3,"['SNR: 3']"
5808-54425-0020_-9,"['SNR: -9']"
19-227-0069_-13,"['SNR: -13']"
7190-90543-0005_10,"['SNR: 10']"
7635-105409-0007_-15,"['SNR: -15']"
5049-25947-0061_-6,"['SNR: -6']"
8797-294123-0014_3,"['SNR: 3']"
3214-167606-0001_3,"['SNR: 3']"
5750-35690-0006_-7,"['SNR: -7']"
3168-173565-0034_-12,"['SNR: -12']"
7190-90542-0061_-14,"['SNR: -14']"
481-123719-0027_-13,"['SNR: -13']"
1502-122619-0088_10,"['SNR: 10']"
1116-137572-0030_7,"['SNR: 7']"
2289-152257-0019_4,"['SNR: 4']"
6880-216547-0015_-1,"['SNR: -1']"
2843-152918-0049_-2,"['SNR: -2']"
4088-158079-0012_-2,"['SNR: -2']"
2007-149877-0059_-3,"['SNR: -3']"
7800-283492-0020_8,"['SNR: 8']"
7635-105409-0028_7,"['SNR: 7']"
458-126290-0016_6,"['SNR: 6']"
8747-293952-0004_-10,"['SNR: -10']"
2136-5147-0038_-5,"['SNR: -5']"
3214-167606-0003_10,"['SNR: 10']"
460-172359-0024_-12,"['SNR: -12']"
4788-294466-0013_5,"['SNR: 5']"
481-123719-0001_2,"['SNR: 2']"
3699-19402-0022_6,"['SNR: 6']"
8797-294123-0040_-3,"['SNR: -3']"
1743-142914-0034_1,"['SNR: 1']"
8098-278252-0020_5,"['SNR: 5']"
7367-86737-0085_6,"['SNR: 6']"
441-128982-0032_2,"['SNR: 2']"
6019-3185-0100_-5,"['SNR: -5']"
2159-179157-0006_1,"['SNR: 1']"
730-360-0021_9,"['SNR: 9']"
322-124147-0003_-13,"['SNR: -13']"
5463-39174-0037_-5,"['SNR: -5']"
7113-86041-0086_-8,"['SNR: -8']"
4160-11550-0003_7,"['SNR: 7']"
298-126791-0034_-2,"['SNR: -2']"
8465-246947-0026_-10,"['SNR: -10']"
6385-34669-0010_5,"['SNR: 5']"
2518-154825-0054_8,"['SNR: 8']"
8468-294887-0030_-4,"['SNR: -4']"
1455-138263-0010_2,"['SNR: 2']"
4195-17507-0020_6,"['SNR: 6']"
6880-216547-0086_-7,"['SNR: -7']"
40-222-0002_7,"['SNR: 7']"
7278-246956-0010_6,"['SNR: 6']"
1355-39947-0072_4,"['SNR: 4']"
150-132655-0016_-10,"['SNR: -10']"
5339-14134-0029_4,"['SNR: 4']"
2384-152900-0065_4,"['SNR: 4']"
2092-145706-0053_-9,"['SNR: -9']"
1116-132847-0022_-12,"['SNR: -12']"
2911-12359-0024_5,"['SNR: 5']"
40-222-0024_-11,"['SNR: -11']"
831-130746-0050_-4,"['SNR: -4']"
2817-142380-0014_-11,"['SNR: -11']"
8108-280359-0002_-12,"['SNR: -12']"
1867-154071-0000_7,"['SNR: 7']"
6437-66173-0038_-3,"['SNR: -3']"
3857-182315-0039_-11,"['SNR: -11']"
7511-102419-0045_1,"['SNR: 1']"
118-121721-0022_-7,"['SNR: -7']"
4137-11701-0004_-11,"['SNR: -11']"
730-358-0041_-15,"['SNR: -15']"
2136-5140-0026_-4,"['SNR: -4']"
8051-118101-0010_-13,"['SNR: -13']"
4297-13009-0035_-1,"['SNR: -1']"
19-198-0031_-12,"['SNR: -12']"
7794-295955-0022_6,"['SNR: 6']"
8108-274318-0017_-5,"['SNR: -5']"
3857-180923-0008_1,"['SNR: 1']"
1898-145715-0039_3,"['SNR: 3']"
8770-295465-0029_8,"['SNR: 8']"
374-180299-0024_-11,"['SNR: -11']"
4859-26870-0019_-9,"['SNR: -9']"
7859-102519-0025_0,"['SNR: 0']"
7264-92314-0020_7,"['SNR: 7']"
4830-25904-0016_-5,"['SNR: -5']"
8465-246942-0020_-2,"['SNR: -2']"
4267-287369-0019_-10,"['SNR: -10']"
307-127539-0005_-9,"['SNR: -9']"
911-128684-0009_5,"['SNR: 5']"
3983-5331-0017_-14,"['SNR: -14']"
5390-24512-0010_-8,"['SNR: -8']"
6529-62554-0036_-3,"['SNR: -3']"
289-121652-0018_3,"['SNR: 3']"
3664-178366-0021_-13,"['SNR: -13']"
1898-145715-0049_9,"['SNR: 9']"
6415-111615-0029_-4,"['SNR: -4']"
1098-133695-0062_-14,"['SNR: -14']"
3723-171631-0013_5,"['SNR: 5']"
4830-25904-0011_-15,"['SNR: -15']"
4362-15663-0103_0,"['SNR: 0']"
7635-105661-0029_-8,"['SNR: -8']"
831-130739-0045_-8,"['SNR: -8']"
1235-135883-0047_-10,"['SNR: -10']"
4137-11701-0012_-15,"['SNR: -15']"
60-121082-0042_-3,"['SNR: -3']"
6476-96661-0009_1,"['SNR: 1']"
8465-246940-0006_7,"['SNR: 7']"
4640-19189-0002_-12,"['SNR: -12']"
226-122538-0003_-12,"['SNR: -12']"
8419-293473-0018_5,"['SNR: 5']"
6000-55211-0002_-6,"['SNR: -6']"
8098-275181-0030_-5,"['SNR: -5']"
8063-274115-0027_8,"['SNR: 8']"
289-121652-0023_10,"['SNR: 10']"
1970-10594-0041_5,"['SNR: 5']"
1963-142393-0037_-2,"['SNR: -2']"
4160-11550-0017_10,"['SNR: 10']"
8468-294887-0025_-4,"['SNR: -4']"
441-128988-0030_6,"['SNR: 6']"
4788-294466-0003_-14,"['SNR: -14']"
3723-171631-0001_-14,"['SNR: -14']"
8609-283227-0018_10,"['SNR: 10']"
4898-28461-0026_-12,"['SNR: -12']"
2391-145015-0004_5,"['SNR: 5']"
2416-152139-0002_-11,"['SNR: -11']"
5789-57195-0013_4,"['SNR: 4']"
3607-29116-0008_1,"['SNR: 1']"
4214-7146-0078_4,"['SNR: 4']"
125-121342-0042_-15,"['SNR: -15']"
3879-174923-0069_-6,"['SNR: -6']"
198-126831-0033_5,"['SNR: 5']"
87-121553-0107_5,"['SNR: 5']"
4481-17498-0010_-12,"['SNR: -12']"
4195-186237-0024_-14,"['SNR: -14']"
4680-16026-0002_-13,"['SNR: -13']"
226-122538-0010_4,"['SNR: 4']"
328-129766-0030_1,"['SNR: 1']"
5789-70653-0020_-14,"['SNR: -14']"
1743-142914-0014_0,"['SNR: 0']"
60-121082-0076_-5,"['SNR: -5']"
1737-142396-0004_1,"['SNR: 1']"
3526-176651-0020_-15,"['SNR: -15']"
1034-121119-0041_-13,"['SNR: -13']"
6064-300880-0019_5,"['SNR: 5']"
2196-170151-0017_1,"['SNR: 1']"
2514-149482-0080_1,"['SNR: 1']"
5652-19215-0005_5,"['SNR: 5']"
911-128684-0035_-9,"['SNR: -9']"
4640-19189-0028_9,"['SNR: 9']"
1970-26100-0012_-9,"['SNR: -9']"
1098-133695-0012_8,"['SNR: 8']"
7511-102420-0019_8,"['SNR: 8']"
7302-86815-0006_-7,"['SNR: -7']"
6064-300880-0002_-5,"['SNR: -5']"
32-4137-0028_4,"['SNR: 4']"
8465-246943-0027_8,"['SNR: 8']"
226-122538-0014_-5,"['SNR: -5']"
1867-154071-0038_-12,"['SNR: -12']"
39-121914-0013_-13,"['SNR: -13']"
7780-274562-0088_2,"['SNR: 2']"
458-126305-0025_9,"['SNR: 9']"
248-130644-0019_-13,"['SNR: -13']"
4397-15678-0032_-14,"['SNR: -14']"
7278-91083-0028_10,"['SNR: 10']"
8123-275216-0005_-14,"['SNR: -14']"
6367-65536-0006_10,"['SNR: 10']"
39-121914-0041_-12,"['SNR: -12']"
5688-41232-0028_-5,"['SNR: -5']"
254-12312-0001_1,"['SNR: 1']"
150-126112-0031_-10,"['SNR: -10']"
374-180298-0030_-5,"['SNR: -5']"
4853-27671-0019_-9,"['SNR: -9']"
2159-179157-0014_-8,"['SNR: -8']"
5561-39621-0018_0,"['SNR: 0']"
4788-91208-0029_1,"['SNR: 1']"
8975-270782-0023_9,"['SNR: 9']"
5393-19218-0054_8,"['SNR: 8']"
1737-142396-0007_-9,"['SNR: -9']"
3374-298026-0026_10,"['SNR: 10']"
8770-295465-0031_-9,"['SNR: -9']"
332-128985-0035_1,"['SNR: 1']"
6529-62556-0033_-13,"['SNR: -13']"
460-172359-0043_-12,"['SNR: -12']"
5561-39621-0028_-9,"['SNR: -9']"
8123-275216-0023_-10,"['SNR: -10']"
2836-5355-0043_-10,"['SNR: -10']"
302-123504-0029_-12,"['SNR: -12']"
3168-173565-0022_3,"['SNR: 3']"
4160-14187-0006_3,"['SNR: 3']"
7447-91187-0045_-2,"['SNR: -2']"
6848-76049-0022_1,"['SNR: 1']"
7511-102419-0050_2,"['SNR: 2']"
1355-39947-0044_-14,"['SNR: -14']"
233-155990-0027_-4,"['SNR: -4']"
8580-287364-0032_7,"['SNR: 7']"
625-132112-0021_-4,"['SNR: -4']"
60-121082-0011_-3,"['SNR: -3']"
669-129061-0054_10,"['SNR: 10']"
2136-5140-0032_-8,"['SNR: -8']"
2007-132570-0053_6,"['SNR: 6']"
3830-12535-0022_-5,"['SNR: -5']"
1447-130552-0012_4,"['SNR: 4']"
7113-86041-0094_7,"['SNR: 7']"
2196-174172-0006_-8,"['SNR: -8']"
7226-86964-0039_10,"['SNR: 10']"
3830-12535-0011_2,"['SNR: 2']"
6181-216552-0025_10,"['SNR: 10']"
2893-139310-0047_3,"['SNR: 3']"
40-222-0031_-11,"['SNR: -11']"
118-124588-0003_6,"['SNR: 6']"
4340-15220-0075_7,"['SNR: 7']"
3259-158083-0053_3,"['SNR: 3']"
4830-25904-0024_-3,"['SNR: -3']"
7312-92432-0015_-7,"['SNR: -7']"
3436-172162-0024_-13,"['SNR: -13']"
5867-48852-0074_-8,"['SNR: -8']"
2691-156755-0018_0,"['SNR: 0']"
211-122442-0054_-11,"['SNR: -11']"
2196-170379-0014_-13,"['SNR: -13']"
2196-170379-0013_-14,"['SNR: -14']"
200-124139-0025_2,"['SNR: 2']"
3240-131231-0000_1,"['SNR: 1']"
7078-271888-0101_3,"['SNR: 3']"
8797-294123-0068_10,"['SNR: 10']"
8629-261140-0037_-1,"['SNR: -1']"
625-132118-0005_-15,"['SNR: -15']"
4267-78186-0009_1,"['SNR: 1']"
5750-100289-0061_2,"['SNR: 2']"
1502-122619-0028_-7,"['SNR: -7']"
8797-294123-0004_-9,"['SNR: -9']"
3664-178355-0021_5,"['SNR: 5']"
445-123860-0014_-3,"['SNR: -3']"
412-126975-0062_1,"['SNR: 1']"
1553-140047-0001_-14,"['SNR: -14']"
7148-59157-0008_-2,"['SNR: -2']"
1926-147987-0002_1,"['SNR: 1']"
5514-19193-0001_4,"['SNR: 4']"
328-129766-0008_-15,"['SNR: -15']"
8838-298546-0041_-10,"['SNR: -10']"
3723-171631-0010_-11,"['SNR: -11']"
8629-261139-0051_5,"['SNR: 5']"
7264-92316-0003_9,"['SNR: 9']"
6437-66173-0012_6,"['SNR: 6']"
1235-135887-0025_-6,"['SNR: -6']"
2817-142371-0018_6,"['SNR: 6']"
4680-16041-0000_3,"['SNR: 3']"
211-122425-0049_5,"['SNR: 5']"
6437-66173-0056_7,"['SNR: 7']"
1624-142933-0025_-13,"['SNR: -13']"
7367-86737-0078_0,"['SNR: 0']"
150-132655-0031_-6,"['SNR: -6']"
3664-11714-0001_5,"['SNR: 5']"
374-180298-0011_6,"['SNR: 6']"
6848-252323-0016_9,"['SNR: 9']"
4051-11218-0001_2,"['SNR: 2']"
1867-148436-0033_9,"['SNR: 9']"
5163-39921-0016_-7,"['SNR: -7']"
6454-120342-0031_9,"['SNR: 9']"
730-359-0047_0,"['SNR: 0']"
1334-135589-0103_-11,"['SNR: -11']"
5750-100289-0011_6,"['SNR: 6']"
2136-5147-0016_-15,"['SNR: -15']"
6563-285357-0042_-9,"['SNR: -9']"
5192-19397-0083_10,"['SNR: 10']"
1743-142914-0012_-12,"['SNR: -12']"
7059-77897-0029_-3,"['SNR: -3']"
229-130880-0049_4,"['SNR: 4']"
3486-166424-0039_1,"['SNR: 1']"
460-172359-0069_-11,"['SNR: -11']"
3259-158083-0038_-2,"['SNR: -2']"
1723-141149-0005_-4,"['SNR: -4']"
7278-91083-0024_0,"['SNR: 0']"
4051-10927-0017_-6,"['SNR: -6']"
2289-152258-0007_6,"['SNR: 6']"
7800-283492-0028_7,"['SNR: 7']"
8095-274345-0029_-6,"['SNR: -6']"
5808-48608-0040_4,"['SNR: 4']"
1081-125237-0099_6,"['SNR: 6']"
8063-274112-0039_8,"['SNR: 8']"
5678-43301-0026_-2,"['SNR: -2']"
7517-100429-0000_5,"['SNR: 5']"
5163-39921-0031_-11,"['SNR: -11']"
4441-76263-0032_-2,"['SNR: -2']"
8063-274116-0000_-10,"['SNR: -10']"
2911-7601-0015_8,"['SNR: 8']"
5049-25947-0020_3,"['SNR: 3']"
8238-283452-0031_2,"['SNR: 2']"
2384-152900-0001_6,"['SNR: 6']"
4680-16042-0034_1,"['SNR: 1']"
6064-56165-0036_-6,"['SNR: -6']"
5393-19218-0026_0,"['SNR: 0']"
2911-15045-0016_5,"['SNR: 5']"
1088-134315-0041_3,"['SNR: 3']"
4680-16026-0009_5,"['SNR: 5']"
1246-135815-0006_10,"['SNR: 10']"
460-172359-0085_6,"['SNR: 6']"
8747-293952-0000_0,"['SNR: 0']"
4397-15668-0006_-14,"['SNR: -14']"
7447-91186-0028_4,"['SNR: 4']"
2817-142371-0021_-4,"['SNR: -4']"
2691-156745-0005_-7,"['SNR: -7']"
8609-283227-0017_-15,"['SNR: -15']"
2159-179157-0020_-8,"['SNR: -8']"
6147-34607-0031_-10,"['SNR: -10']"
7794-295947-0038_7,"['SNR: 7']"
229-130880-0079_4,"['SNR: 4']"
5163-39921-0006_-13,"['SNR: -13']"
8629-261140-0007_-4,"['SNR: -4']"
1081-125237-0066_5,"['SNR: 5']"
7278-246956-0029_5,"['SNR: 5']"
4297-13009-0001_5,"['SNR: 5']"
839-130898-0048_1,"['SNR: 1']"
201-127786-0019_9,"['SNR: 9']"
6209-34601-0026_5,"['SNR: 5']"
4813-248641-0038_1,"['SNR: 1']"
7780-274562-0040_-2,"['SNR: -2']"
3112-9555-0063_10,"['SNR: 10']"
1334-135589-0004_-14,"['SNR: -14']"
1235-135883-0015_8,"['SNR: 8']"
7800-283493-0012_2,"['SNR: 2']"
27-124992-0018_1,"['SNR: 1']"
3436-172162-0020_-12,"['SNR: -12']"
1116-137572-0045_3,"['SNR: 3']"
8609-283227-0001_3,"['SNR: 3']"
7511-102419-0001_0,"['SNR: 0']"
8629-261140-0008_-13,"['SNR: -13']"
1970-28415-0016_-11,"['SNR: -11']"
625-132112-0023_-3,"['SNR: -3']"
5163-39921-0018_7,"['SNR: 7']"
7190-90542-0083_8,"['SNR: 8']"
1040-133433-0005_-7,"['SNR: -7']"
6818-76332-0033_-11,"['SNR: -11']"
2893-139310-0049_3,"['SNR: 3']"
7190-90542-0014_8,"['SNR: 8']"
4362-15663-0091_-5,"['SNR: -5']"
2817-142371-0055_3,"['SNR: 3']"
7226-86965-0001_-5,"['SNR: -5']"
2007-149877-0022_-13,"['SNR: -13']"
1455-138263-0019_-6,"['SNR: -6']"
8088-284756-0040_-7,"['SNR: -7']"
2843-152918-0044_3,"['SNR: 3']"
5463-39174-0012_-8,"['SNR: -8']"
5322-7679-0003_-5,"['SNR: -5']"
2911-7601-0019_1,"['SNR: 1']"
5390-30096-0008_-7,"['SNR: -7']"
1553-140047-0013_-15,"['SNR: -15']"
696-93314-0037_-8,"['SNR: -8']"
8098-278278-0008_-7,"['SNR: -7']"
5049-25947-0088_-15,"['SNR: -15']"
1502-122619-0001_1,"['SNR: 1']"
78-368-0049_-9,"['SNR: -9']"
5163-39921-0025_-9,"['SNR: -9']"
150-126107-0026_5,"['SNR: 5']"
1553-140048-0023_9,"['SNR: 9']"
831-130739-0003_-5,"['SNR: -5']"
27-123349-0048_4,"['SNR: 4']"
89-218-0045_-4,"['SNR: -4']"
32-21631-0001_-14,"['SNR: -14']"
1455-138263-0039_-6,"['SNR: -6']"
5456-62043-0032_2,"['SNR: 2']"
8797-294123-0031_-8,"['SNR: -8']"
4362-15663-0023_3,"['SNR: 3']"
7312-92432-0003_6,"['SNR: 6']"
5393-19218-0034_-12,"['SNR: -12']"
248-130644-0010_-11,"['SNR: -11']"
211-122425-0042_-10,"['SNR: -10']"
8630-305212-0034_0,"['SNR: 0']"
1263-138246-0000_-14,"['SNR: -14']"
1447-130552-0008_-7,"['SNR: -7']"
1743-142913-0004_-3,"['SNR: -3']"
7067-76048-0032_-12,"['SNR: -12']"
5703-47212-0005_-6,"['SNR: -6']"
1898-145724-0014_10,"['SNR: 10']"
118-47824-0052_-1,"['SNR: -1']"
6848-252323-0034_0,"['SNR: 0']"
7190-90542-0059_5,"['SNR: 5']"
1970-26100-0025_-14,"['SNR: -14']"
2289-152254-0010_-11,"['SNR: -11']"
446-123501-0047_-15,"['SNR: -15']"
911-128684-0005_6,"['SNR: 6']"
3259-158083-0068_-9,"['SNR: -9']"
2893-139322-0013_-11,"['SNR: -11']"
7059-88364-0026_-8,"['SNR: -8']"
5456-62014-0012_6,"['SNR: 6']"
8108-274318-0011_-1,"['SNR: -1']"
6181-216552-0017_-13,"['SNR: -13']"
6385-220959-0024_-10,"['SNR: -10']"
2518-154825-0017_1,"['SNR: 1']"
302-123504-0016_-15,"['SNR: -15']"
4018-103416-0016_6,"['SNR: 6']"
6454-120342-0032_-6,"['SNR: -6']"
3857-182317-0030_8,"['SNR: 8']"
3947-13262-0008_7,"['SNR: 7']"
587-41619-0016_-14,"['SNR: -14']"
4195-186236-0018_-11,"['SNR: -11']"
8088-284756-0014_6,"['SNR: 6']"
7312-92432-0004_10,"['SNR: 10']"
3807-4955-0020_1,"['SNR: 1']"
7794-295947-0001_0,"['SNR: 0']"
1926-147979-0027_2,"['SNR: 2']"
254-127705-0038_3,"['SNR: 3']"
2514-149482-0021_3,"['SNR: 3']"
6209-34600-0012_5,"['SNR: 5']"
250-140277-0001_0,"['SNR: 0']"
89-219-0049_-7,"['SNR: -7']"
1553-140047-0033_-9,"['SNR: -9']"
5808-48608-0016_-14,"['SNR: -14']"
1992-141719-0024_5,"['SNR: 5']"
4853-29413-0030_-5,"['SNR: -5']"
6272-70171-0026_8,"['SNR: 8']"
3486-166446-0026_4,"['SNR: 4']"
32-4137-0002_-6,"['SNR: -6']"
1898-145702-0000_3,"['SNR: 3']"
4340-15220-0067_-2,"['SNR: -2']"
5022-29411-0059_6,"['SNR: 6']"
8123-275209-0007_4,"['SNR: 4']"
1040-133433-0037_1,"['SNR: 1']"
5652-39938-0037_10,"['SNR: 10']"
445-123860-0011_1,"['SNR: 1']"
3242-67168-0008_2,"['SNR: 2']"
4859-22176-0012_0,"['SNR: 0']"
5561-39621-0041_-2,"['SNR: -2']"
8975-270782-0078_-11,"['SNR: -11']"
196-122152-0033_-4,"['SNR: -4']"
4640-19189-0017_-5,"['SNR: -5']"
412-126975-0003_8,"['SNR: 8']"
6367-65536-0053_-1,"['SNR: -1']"
6437-66173-0049_-12,"['SNR: -12']"
7511-102420-0023_-10,"['SNR: -10']"
7059-77897-0020_-2,"['SNR: -2']"
1088-134315-0049_-14,"['SNR: -14']"
2518-154825-0048_-14,"['SNR: -14']"
1246-135815-0018_-6,"['SNR: -6']"
4137-11702-0011_-15,"['SNR: -15']"
4859-22176-0001_-9,"['SNR: -9']"
7800-283478-0008_-6,"['SNR: -6']"
1455-134435-0038_-14,"['SNR: -14']"
6529-62554-0032_-3,"['SNR: -3']"
311-124404-0096_7,"['SNR: 7']"
39-121915-0032_4,"['SNR: 4']"
441-128982-0007_9,"['SNR: 9']"
3526-176653-0018_-2,"['SNR: -2']"
6531-61334-0089_-2,"['SNR: -2']"
289-121652-0034_-6,"['SNR: -6']"
2817-142371-0038_5,"['SNR: 5']"
7278-246956-0034_-3,"['SNR: -3']"
887-123291-0011_-13,"['SNR: -13']"
328-129766-0090_8,"['SNR: 8']"
426-122821-0030_-9,"['SNR: -9']"
7447-91187-0007_-12,"['SNR: -12']"
196-122150-0010_-3,"['SNR: -3']"
2691-156750-0032_9,"['SNR: 9']"
6000-86686-0025_-2,"['SNR: -2']"
5393-19218-0037_9,"['SNR: 9']"
1081-125237-0026_-2,"['SNR: -2']"
3983-5331-0027_-13,"['SNR: -13']"
3983-5371-0005_-13,"['SNR: -13']"
696-93314-0006_2,"['SNR: 2']"
307-127539-0012_-15,"['SNR: -15']"
2836-5355-0021_-10,"['SNR: -10']"
460-172357-0008_-5,"['SNR: -5']"
3607-29116-0011_-14,"['SNR: -14']"
2092-145706-0063_7,"['SNR: 7']"
4640-19188-0036_5,"['SNR: 5']"
6385-220959-0027_-1,"['SNR: -1']"
3235-28433-0024_-13,"['SNR: -13']"
1723-141149-0056_-2,"['SNR: -2']"
8063-274115-0002_-8,"['SNR: -8']"
229-130880-0001_0,"['SNR: 0']"
150-126112-0021_-13,"['SNR: -13']"
1841-179183-0012_-2,"['SNR: -2']"
5678-43303-0031_-12,"['SNR: -12']"
4297-13009-0044_-14,"['SNR: -14']"
1116-132847-0040_-9,"['SNR: -9']"
6476-57446-0038_2,"['SNR: 2']"
211-122425-0048_-10,"['SNR: -10']"
125-121124-0050_-7,"['SNR: -7']"
412-126975-0022_-15,"['SNR: -15']"
1235-135884-0023_8,"['SNR: 8']"
5750-100289-0018_-13,"['SNR: -13']"
4195-186238-0016_0,"['SNR: 0']"
6081-41998-0034_-11,"['SNR: -11']"
3983-5331-0010_4,"['SNR: 4']"
200-124139-0034_4,"['SNR: 4']"
911-128684-0061_2,"['SNR: 2']"
1737-142396-0021_6,"['SNR: 6']"
839-130898-0044_-1,"['SNR: -1']"
1723-141149-0050_-8,"['SNR: -8']"
7447-91186-0020_6,"['SNR: 6']"
250-142276-0016_-12,"['SNR: -12']"
7794-295955-0008_-3,"['SNR: -3']"
78-369-0026_-10,"['SNR: -10']"
1183-133256-0018_-1,"['SNR: -1']"
226-122538-0002_-7,"['SNR: -7']"
6415-111615-0031_-13,"['SNR: -13']"
196-122152-0010_-9,"['SNR: -9']"
1098-133695-0030_-2,"['SNR: -2']"
4340-15220-0079_0,"['SNR: 0']"
289-121652-0036_0,"['SNR: 0']"
19-198-0018_1,"['SNR: 1']"
3879-173592-0001_7,"['SNR: 7']"
7780-274562-0093_-4,"['SNR: -4']"
6209-34599-0021_-10,"['SNR: -10']"
8770-295465-0008_-7,"['SNR: -7']"
730-358-0032_-13,"['SNR: -13']"
1502-122619-0066_-6,"['SNR: -6']"
2691-156750-0014_6,"['SNR: 6']"
8465-246942-0007_-13,"['SNR: -13']"
8095-274348-0006_-9,"['SNR: -9']"
78-368-0050_3,"['SNR: 3']"
6385-34669-0017_-2,"['SNR: -2']"
3699-19401-0000_-5,"['SNR: -5']"
6078-54013-0044_7,"['SNR: 7']"
3214-167602-0037_-2,"['SNR: -2']"
8063-274116-0009_10,"['SNR: 10']"
1898-145724-0008_-14,"['SNR: -14']"
3830-12530-0008_2,"['SNR: 2']"
7402-59171-0009_-5,"['SNR: -5']"
2436-2477-0008_4,"['SNR: 4']"
5867-48852-0014_-2,"['SNR: -2']"
1737-142397-0016_-8,"['SNR: -8']"
7780-274562-0068_10,"['SNR: 10']"
7226-86965-0039_-9,"['SNR: -9']"
1455-134435-0031_-13,"['SNR: -13']"
7800-283492-0012_5,"['SNR: 5']"
831-130739-0024_6,"['SNR: 6']"
441-128982-0019_-14,"['SNR: -14']"
6818-68772-0019_-7,"['SNR: -7']"
3830-12535-0026_-2,"['SNR: -2']"
7505-258958-0005_7,"['SNR: 7']"
2817-142371-0036_3,"['SNR: 3']"
5778-12761-0042_9,"['SNR: 9']"
3830-12531-0005_-12,"['SNR: -12']"
8324-286682-0048_-13,"['SNR: -13']"
458-126305-0037_-1,"['SNR: -1']"
8063-274116-0038_3,"['SNR: 3']"
7264-92314-0024_-13,"['SNR: -13']"
6000-55211-0003_-2,"['SNR: -2']"
1098-133695-0001_-5,"['SNR: -5']"
446-123501-0057_-6,"['SNR: -6']"
5808-54425-0057_-9,"['SNR: -9']"
4640-19189-0004_-12,"['SNR: -12']"
1116-132847-0030_10,"['SNR: 10']"
730-360-0039_-6,"['SNR: -6']"
8468-295198-0010_3,"['SNR: 3']"
1970-10594-0029_-8,"['SNR: -8']"
6925-80680-0017_8,"['SNR: 8']"
426-122821-0008_-7,"['SNR: -7']"
3982-178459-0012_-6,"['SNR: -6']"
2384-152900-0018_-5,"['SNR: -5']"
6209-34599-0028_-11,"['SNR: -11']"
1447-130550-0029_7,"['SNR: 7']"
248-130697-0024_2,"['SNR: 2']"
8629-261139-0069_6,"['SNR: 6']"
8324-286682-0017_-12,"['SNR: -12']"
7505-83618-0016_-7,"['SNR: -7']"
1116-137572-0023_-15,"['SNR: -15']"
8975-270782-0017_4,"['SNR: 4']"
1235-135884-0017_5,"['SNR: 5']"
3235-11599-0019_-4,"['SNR: -4']"
7278-91083-0034_-5,"['SNR: -5']"
625-132118-0019_-7,"['SNR: -7']"
8063-274112-0019_-11,"['SNR: -11']"
19-227-0032_8,"['SNR: 8']"
1624-168623-0041_3,"['SNR: 3']"
7190-90543-0027_-2,"['SNR: -2']"
4830-25904-0038_-6,"['SNR: -6']"
7078-271888-0061_-3,"['SNR: -3']"
458-126290-0005_-9,"['SNR: -9']"
4397-15666-0000_10,"['SNR: 10']"
8108-280354-0013_9,"['SNR: 9']"
4051-11218-0014_-7,"['SNR: -7']"
6367-65536-0029_-9,"['SNR: -9']"
4441-76263-0042_4,"['SNR: 4']"
1034-121119-0000_-13,"['SNR: -13']"
911-128684-0023_-11,"['SNR: -11']"
7148-59157-0011_1,"['SNR: 1']"
730-359-0043_3,"['SNR: 3']"
587-41611-0022_-4,"['SNR: -4']"
460-172359-0038_10,"['SNR: 10']"
39-121915-0015_1,"['SNR: 1']"
2196-170379-0016_-4,"['SNR: -4']"
7505-258958-0014_-4,"['SNR: -4']"
412-126975-0054_-3,"['SNR: -3']"
1355-39947-0069_-6,"['SNR: -6']"
1355-39947-0030_-8,"['SNR: -8']"
3242-67153-0011_-9,"['SNR: -9']"
2384-152900-0004_8,"['SNR: 8']"
311-124404-0092_1,"['SNR: 1']"
196-122150-0002_-14,"['SNR: -14']"
4898-28461-0063_-8,"['SNR: -8']"
6181-216552-0075_-9,"['SNR: -9']"
2843-152918-0060_-13,"['SNR: -13']"
2764-36619-0003_6,"['SNR: 6']"
103-1240-0051_-3,"['SNR: -3']"
3486-166446-0038_8,"['SNR: 8']"
2416-152139-0053_10,"['SNR: 10']"
26-495-0069_-9,"['SNR: -9']"
2836-5355-0006_-5,"['SNR: -5']"
1098-133695-0083_9,"['SNR: 9']"
6454-93938-0002_10,"['SNR: 10']"
60-121082-0061_-10,"['SNR: -10']"
2092-145706-0056_-9,"['SNR: -9']"
6563-63821-0027_7,"['SNR: 7']"
4441-76250-0028_-13,"['SNR: -13']"
2764-36619-0013_0,"['SNR: 0']"
83-11691-0015_-14,"['SNR: -14']"
5652-19215-0055_10,"['SNR: 10']"
3112-9555-0013_0,"['SNR: 0']"
6848-76049-0001_-12,"['SNR: -12']"
405-130894-0010_7,"['SNR: 7']"
4014-186175-0006_-13,"['SNR: -13']"
196-122152-0002_-7,"['SNR: -7']"
5022-29405-0010_-11,"['SNR: -11']"
3699-47246-0007_-1,"['SNR: -1']"
911-128684-0069_-10,"['SNR: -10']"
1723-141149-0021_-3,"['SNR: -3']"
8770-295463-0003_-6,"['SNR: -6']"
4088-158077-0029_-8,"['SNR: -8']"
2952-408-0026_5,"['SNR: 5']"
328-129766-0010_-7,"['SNR: -7']"
6454-107462-0028_-15,"['SNR: -15']"
6019-3185-0078_0,"['SNR: 0']"
6529-62556-0046_-15,"['SNR: -15']"
89-219-0024_-9,"['SNR: -9']"
1246-135815-0015_-5,"['SNR: -5']"
3440-171009-0063_-6,"['SNR: -6']"
5192-19397-0040_-12,"['SNR: -12']"
3947-13262-0037_-14,"['SNR: -14']"
441-128988-0021_2,"['SNR: 2']"
4441-76262-0018_7,"['SNR: 7']"
4014-186179-0031_-7,"['SNR: -7']"
8324-286683-0021_9,"['SNR: 9']"
6000-86686-0015_8,"['SNR: 8']"
5104-33407-0022_8,"['SNR: 8']"
3486-166446-0033_6,"['SNR: 6']"
4397-15678-0041_-11,"['SNR: -11']"
8063-274117-0000_-9,"['SNR: -9']"
250-142286-0012_-10,"['SNR: -10']"
3440-171009-0043_-15,"['SNR: -15']"
2817-142371-0029_3,"['SNR: 3']"
198-126831-0036_-1,"['SNR: -1']"
911-128684-0089_-15,"['SNR: -15']"
233-134440-0043_-13,"['SNR: -13']"
8123-275209-0015_-1,"['SNR: -1']"
1183-133256-0012_-13,"['SNR: -13']"
911-128684-0024_7,"['SNR: 7']"
6563-63821-0003_-15,"['SNR: -15']"
8770-295462-0022_1,"['SNR: 1']"
1034-121119-0049_-13,"['SNR: -13']"
5678-43301-0000_-4,"['SNR: -4']"
7511-102419-0042_-6,"['SNR: -6']"
887-123290-0005_-11,"['SNR: -11']"
2989-138028-0047_-8,"['SNR: -8']"
5750-100289-0053_-2,"['SNR: -2']"
1447-130551-0027_10,"['SNR: 10']"
3982-178459-0058_-1,"['SNR: -1']"
198-129977-0003_-12,"['SNR: -12']"
1069-133699-0052_-8,"['SNR: -8']"
2514-149482-0076_2,"['SNR: 2']"
7302-86815-0056_-15,"['SNR: -15']"
7302-86815-0005_6,"['SNR: 6']"
5322-7680-0016_-2,"['SNR: -2']"
7367-86737-0053_6,"['SNR: 6']"
625-132112-0047_-15,"['SNR: -15']"
32-4137-0004_9,"['SNR: 9']"
3240-131231-0016_-13,"['SNR: -13']"
3982-178459-0055_9,"['SNR: 9']"
8465-246947-0011_1,"['SNR: 1']"
7067-76047-0040_-6,"['SNR: -6']"
3526-175658-0006_-5,"['SNR: -5']"
103-1241-0032_-7,"['SNR: -7']"
5561-41615-0045_-8,"['SNR: -8']"
7264-92314-0011_-7,"['SNR: -7']"
696-92939-0000_-4,"['SNR: -4']"
8630-305212-0018_3,"['SNR: 3']"
5652-19215-0041_-15,"['SNR: -15']"
2836-5354-0037_-12,"['SNR: -12']"
4018-107312-0022_-15,"['SNR: -15']"
7302-86815-0039_0,"['SNR: 0']"
3374-298032-0022_7,"['SNR: 7']"
8838-298546-0007_5,"['SNR: 5']"
8425-287387-0027_7,"['SNR: 7']"
250-142286-0028_-5,"['SNR: -5']"
3699-19401-0003_5,"['SNR: 5']"
1841-150351-0009_-6,"['SNR: -6']"
696-92939-0014_9,"['SNR: 9']"
3982-182255-0007_-14,"['SNR: -14']"
1502-122615-0033_6,"['SNR: 6']"
6818-68772-0049_10,"['SNR: 10']"
8088-284756-0079_-7,"['SNR: -7']"
6147-34606-0000_-3,"['SNR: -3']"
1743-142912-0011_-9,"['SNR: -9']"
8098-278278-0011_1,"['SNR: 1']"
839-130898-0036_-11,"['SNR: -11']"
669-129061-0069_-14,"['SNR: -14']"
1040-133433-0019_3,"['SNR: 3']"
7264-92310-0031_-9,"['SNR: -9']"
3982-178459-0053_2,"['SNR: 2']"
6019-3185-0036_-11,"['SNR: -11']"
3947-13260-0011_-4,"['SNR: -4']"
322-124147-0056_-3,"['SNR: -3']"
6531-61334-0019_-3,"['SNR: -3']"
2159-179156-0033_1,"['SNR: 1']"
5322-7679-0020_-2,"['SNR: -2']"
4362-15663-0020_7,"['SNR: 7']"
4018-103416-0031_6,"['SNR: 6']"
3983-5331-0022_-10,"['SNR: -10']"
8095-274346-0019_9,"['SNR: 9']"
8629-261140-0042_-5,"['SNR: -5']"
1594-135914-0032_-1,"['SNR: -1']"
1867-154075-0037_-1,"['SNR: -1']"
6209-34600-0013_-4,"['SNR: -4']"
5390-24512-0035_1,"['SNR: 1']"
6848-252323-0006_8,"['SNR: 8']"
4137-11701-0011_-5,"['SNR: -5']"
5192-19396-0022_2,"['SNR: 2']"
5750-100289-0055_3,"['SNR: 3']"
1743-142914-0005_-13,"['SNR: -13']"
1553-140047-0047_-7,"['SNR: -7']"
4481-17498-0048_-12,"['SNR: -12']"
5561-39621-0044_0,"['SNR: 0']"
3235-28452-0006_-7,"['SNR: -7']"
2518-154825-0047_-11,"['SNR: -11']"
8838-298546-0049_-5,"['SNR: -5']"
5561-39621-0031_9,"['SNR: 9']"
2391-145015-0022_-9,"['SNR: -9']"
78-369-0013_6,"['SNR: 6']"
8312-279790-0018_-12,"['SNR: -12']"
1363-135842-0040_-8,"['SNR: -8']"
8468-295198-0013_2,"['SNR: 2']"
4297-13009-0005_-8,"['SNR: -8']"
125-121124-0081_-4,"['SNR: -4']"
302-123523-0018_0,"['SNR: 0']"
248-130697-0010_5,"['SNR: 5']"
7226-86964-0055_-8,"['SNR: -8']"
6078-54013-0047_6,"['SNR: 6']"
198-209-0030_-12,"['SNR: -12']"
7447-91186-0042_4,"['SNR: 4']"
5703-47212-0031_-12,"['SNR: -12']"
89-219-0047_-14,"['SNR: -14']"
5514-19192-0006_-5,"['SNR: -5']"
7067-76048-0039_-3,"['SNR: -3']"
5514-19193-0028_4,"['SNR: 4']"
4018-107312-0005_5,"['SNR: 5']"
4160-11549-0020_7,"['SNR: 7']"
4297-13006-0024_9,"['SNR: 9']"
2843-152918-0084_3,"['SNR: 3']"
6415-116629-0026_-2,"['SNR: -2']"
7505-258964-0006_-9,"['SNR: -9']"
1116-137572-0015_-7,"['SNR: -7']"
887-123290-0030_6,"['SNR: 6']"
322-124146-0002_-7,"['SNR: -7']"
625-132112-0053_8,"['SNR: 8']"
5322-7679-0006_-3,"['SNR: -3']"
5703-47198-0031_-8,"['SNR: -8']"
405-130895-0014_-15,"['SNR: -15']"
40-222-0019_-5,"['SNR: -5']"
27-123349-0058_9,"['SNR: 9']"
8629-261140-0018_-8,"['SNR: -8']"
7780-274562-0024_-1,"['SNR: -1']"
4406-16882-0052_9,"['SNR: 9']"
103-1240-0057_4,"['SNR: 4']"
60-121082-0096_-10,"['SNR: -10']"
2196-174172-0032_-10,"['SNR: -10']"
446-123502-0029_-14,"['SNR: -14']"
2514-149482-0077_-2,"['SNR: -2']"
6437-66173-0053_-8,"['SNR: -8']"
3982-178459-0025_9,"['SNR: 9']"
4680-16041-0036_-7,"['SNR: -7']"
4441-76250-0032_-3,"['SNR: -3']"
196-122159-0011_1,"['SNR: 1']"
322-124147-0008_5,"['SNR: 5']"
8238-274553-0045_9,"['SNR: 9']"
8098-278252-0005_1,"['SNR: 1']"
1553-140048-0040_10,"['SNR: 10']"
4137-11701-0049_10,"['SNR: 10']"
730-360-0002_1,"['SNR: 1']"
2436-2476-0030_-9,"['SNR: -9']"
7078-271888-0021_-6,"['SNR: -6']"
4481-17498-0046_-9,"['SNR: -9']"
6064-300880-0038_7,"['SNR: 7']"
587-41619-0005_-8,"['SNR: -8']"
6476-57446-0027_1,"['SNR: 1']"
6019-3185-0080_10,"['SNR: 10']"
3168-173564-0022_10,"['SNR: 10']"
5390-24512-0004_2,"['SNR: 2']"
8468-295198-0000_-6,"['SNR: -6']"
6209-34600-0010_-8,"['SNR: -8']"
4788-94904-0038_-11,"['SNR: -11']"
3168-173565-0050_-14,"['SNR: -14']"
3857-182317-0024_-11,"['SNR: -11']"
405-130895-0018_9,"['SNR: 9']"
150-126112-0009_8,"['SNR: 8']"
8226-274371-0010_4,"['SNR: 4']"
5049-25947-0016_-11,"['SNR: -11']"
248-130652-0037_3,"['SNR: 3']"
8580-287363-0033_4,"['SNR: 4']"
7226-86965-0029_-3,"['SNR: -3']"
2952-407-0001_-8,"['SNR: -8']"
1502-122619-0042_-8,"['SNR: -8']"
730-359-0037_0,"['SNR: 0']"
1455-138263-0031_-13,"['SNR: -13']"
3259-158083-0009_-8,"['SNR: -8']"
83-11691-0026_-13,"['SNR: -13']"
6454-120342-0024_0,"['SNR: 0']"
911-128684-0018_6,"['SNR: 6']"
87-121553-0013_-7,"['SNR: -7']"
2159-179156-0018_-12,"['SNR: -12']"
3830-12531-0012_-7,"['SNR: -7']"
5703-47212-0040_1,"['SNR: 1']"
6078-54013-0053_-12,"['SNR: -12']"
1578-140049-0030_1,"['SNR: 1']"
7794-295947-0015_4,"['SNR: 4']"
887-123291-0021_8,"['SNR: 8']"
78-368-0021_-10,"['SNR: -10']"
4267-287369-0008_-4,"['SNR: -4']"
8098-278252-0038_0,"['SNR: 0']"
7078-271888-0072_3,"['SNR: 3']"
730-358-0010_1,"['SNR: 1']"
3607-29116-0041_-15,"['SNR: -15']"
254-12312-0007_-12,"['SNR: -12']"
8098-275181-0006_4,"['SNR: 4']"
118-47824-0035_-9,"['SNR: -9']"
2002-139469-0022_-8,"['SNR: -8']"
3259-158083-0094_-2,"['SNR: -2']"
4195-186237-0013_-3,"['SNR: -3']"
4397-15666-0005_-4,"['SNR: -4']"
8063-274115-0001_-12,"['SNR: -12']"
5652-19215-0033_-10,"['SNR: -10']"
5561-39621-0001_-9,"['SNR: -9']"
4297-13009-0028_-9,"['SNR: -9']"
4441-76263-0047_8,"['SNR: 8']"
1898-145715-0010_6,"['SNR: 6']"
6531-61334-0068_4,"['SNR: 4']"
7278-246956-0015_-12,"['SNR: -12']"
6836-61803-0007_-12,"['SNR: -12']"
3983-5371-0050_-11,"['SNR: -11']"
7780-274562-0013_-15,"['SNR: -15']"
4788-91208-0009_-8,"['SNR: -8']"
6147-34607-0008_-15,"['SNR: -15']"
2007-132570-0034_-10,"['SNR: -10']"
1069-133699-0027_-15,"['SNR: -15']"
1235-135883-0041_1,"['SNR: 1']"
3607-29116-0013_8,"['SNR: 8']"
1743-142913-0000_10,"['SNR: 10']"
1447-130552-0005_-12,"['SNR: -12']"
103-1241-0013_-9,"['SNR: -9']"
3857-182315-0016_-13,"['SNR: -13']"
229-130880-0090_10,"['SNR: 10']"
587-54108-0028_-12,"['SNR: -12']"
1553-140048-0010_-11,"['SNR: -11']"
26-495-0082_-2,"['SNR: -2']"
1737-148989-0031_10,"['SNR: 10']"
4137-11701-0035_-2,"['SNR: -2']"
4898-28461-0001_7,"['SNR: 7']"
4640-19188-0000_10,"['SNR: 10']"
7113-86041-0098_-2,"['SNR: -2']"
8630-305212-0011_1,"['SNR: 1']"
3879-174923-0052_6,"['SNR: 6']"
4088-158077-0024_-12,"['SNR: -12']"
2391-145015-0083_-11,"['SNR: -11']"
696-92939-0017_3,"['SNR: 3']"
5322-7678-0015_-2,"['SNR: -2']"
2196-174172-0008_-4,"['SNR: -4']"
150-132655-0011_-9,"['SNR: -9']"
481-123720-0004_-13,"['SNR: -13']"
460-172359-0017_-14,"['SNR: -14']"
7059-77900-0019_-7,"['SNR: -7']"
412-126975-0085_6,"['SNR: 6']"
2836-5355-0036_0,"['SNR: 0']"
5049-25947-0084_-3,"['SNR: -3']"
2764-36616-0032_0,"['SNR: 0']"
7113-86041-0059_9,"['SNR: 9']"
26-495-0046_-11,"['SNR: -11']"
5463-39173-0054_0,"['SNR: 0']"
6000-55211-0057_-1,"['SNR: -1']"
5789-70653-0015_-7,"['SNR: -7']"
1263-138246-0032_1,"['SNR: 1']"
1263-139804-0012_10,"['SNR: 10']"
3259-158083-0102_3,"['SNR: 3']"
3699-19401-0002_-6,"['SNR: -6']"
3664-178355-0002_10,"['SNR: 10']"
887-123289-0022_-1,"['SNR: -1']"
8051-119902-0012_10,"['SNR: 10']"
32-4137-0038_-7,"['SNR: -7']"
4441-76263-0021_9,"['SNR: 9']"
3857-180923-0016_0,"['SNR: 0']"
7517-100429-0012_9,"['SNR: 9']"
6019-3185-0059_2,"['SNR: 2']"
5789-70653-0006_2,"['SNR: 2']"
6836-76549-0002_-5,"['SNR: -5']"
2989-138035-0072_-1,"['SNR: -1']"
2911-15084-0012_-14,"['SNR: -14']"
2843-152918-0008_-10,"['SNR: -10']"
4680-16042-0031_10,"['SNR: 10']"
6000-55211-0026_-1,"['SNR: -1']"
4853-27670-0030_2,"['SNR: 2']"
4340-15220-0068_-3,"['SNR: -3']"
6078-54007-0040_9,"['SNR: 9']"
4853-27671-0024_-12,"['SNR: -12']"
19-227-0011_9,"['SNR: 9']"
2436-2476-0040_-11,"['SNR: -11']"
8609-283227-0025_-12,"['SNR: -12']"
8324-286681-0018_-5,"['SNR: -5']"
3664-11714-0008_-14,"['SNR: -14']"
8419-286667-0017_-5,"['SNR: -5']"
1737-142397-0038_7,"['SNR: 7']"
5703-47212-0010_-6,"['SNR: -6']"
5104-33406-0028_-13,"['SNR: -13']"
5022-29405-0031_5,"['SNR: 5']"
27-124992-0005_7,"['SNR: 7']"
3374-298032-0026_-14,"['SNR: -14']"
3235-28433-0003_5,"['SNR: 5']"
1867-154071-0028_2,"['SNR: 2']"
248-130644-0005_6,"['SNR: 6']"
6454-120342-0022_4,"['SNR: 4']"
6147-34606-0019_8,"['SNR: 8']"
1970-10594-0038_3,"['SNR: 3']"
2182-150130-0008_-9,"['SNR: -9']"
1594-135914-0088_-11,"['SNR: -11']"
6925-80680-0076_4,"['SNR: 4']"
2182-150130-0020_5,"['SNR: 5']"
1624-168623-0012_-1,"['SNR: -1']"
8425-292520-0005_4,"['SNR: 4']"
3436-172171-0047_2,"['SNR: 2']"
1098-133695-0059_7,"['SNR: 7']"
3112-9555-0058_0,"['SNR: 0']"
3436-172162-0000_-7,"['SNR: -7']"
6476-96661-0013_-10,"['SNR: -10']"
125-121124-0077_9,"['SNR: 9']"
248-130644-0000_-4,"['SNR: -4']"
6385-34655-0034_5,"['SNR: 5']"
2182-150130-0026_-2,"['SNR: -2']"
311-124404-0043_-4,"['SNR: -4']"
311-124404-0000_-5,"['SNR: -5']"
3235-28433-0040_-12,"['SNR: -12']"
1116-132851-0007_-15,"['SNR: -15']"
1553-140048-0037_-6,"['SNR: -6']"
458-126305-0016_-2,"['SNR: -2']"
1737-146161-0015_0,"['SNR: 0']"
8425-291444-0004_1,"['SNR: 1']"
6818-76332-0047_-3,"['SNR: -3']"
669-129061-0078_-11,"['SNR: -11']"
2289-152258-0034_8,"['SNR: 8']"
7511-102420-0024_8,"['SNR: 8']"
3947-13262-0031_-2,"['SNR: -2']"
8630-305213-0030_0,"['SNR: 0']"
4859-29340-0038_-3,"['SNR: -3']"
1743-142913-0022_-9,"['SNR: -9']"
307-127535-0029_-1,"['SNR: -1']"
196-122159-0025_-5,"['SNR: -5']"
1088-134315-0056_-1,"['SNR: -1']"
6272-70171-0003_-8,"['SNR: -8']"
1069-133699-0041_-11,"['SNR: -11']"
5456-58161-0010_-2,"['SNR: -2']"
3374-298026-0036_-8,"['SNR: -8']"
7264-92314-0030_-7,"['SNR: -7']"
3436-172171-0031_-1,"['SNR: -1']"
4214-7146-0014_-9,"['SNR: -9']"
125-121342-0046_2,"['SNR: 2']"
696-93314-0067_5,"['SNR: 5']"
32-4137-0013_-8,"['SNR: -8']"
8088-284756-0013_0,"['SNR: 0']"
1246-124550-0007_-11,"['SNR: -11']"
374-180298-0055_-7,"['SNR: -7']"
5049-25947-0076_7,"['SNR: 7']"
5049-25947-0026_-12,"['SNR: -12']"
4813-248638-0054_-1,"['SNR: -1']"
2002-139469-0070_2,"['SNR: 2']"
4051-10927-0027_-14,"['SNR: -14']"
8312-279790-0019_1,"['SNR: 1']"
7505-258964-0033_-14,"['SNR: -14']"
8238-274553-0009_5,"['SNR: 5']"
5678-43301-0003_8,"['SNR: 8']"
2989-138028-0035_-15,"['SNR: -15']"
3374-298032-0002_0,"['SNR: 0']"
5390-30102-0017_-15,"['SNR: -15']"
201-122255-0016_-8,"['SNR: -8']"
5703-47198-0055_-8,"['SNR: -8']"
8312-279790-0013_9,"['SNR: 9']"
1926-143879-0030_-2,"['SNR: -2']"
7190-90542-0038_-9,"['SNR: -9']"
3607-29116-0014_-3,"['SNR: -3']"
5514-19193-0000_9,"['SNR: 9']"
2836-5354-0053_6,"['SNR: 6']"
3607-135982-0018_9,"['SNR: 9']"
669-129061-0035_-8,"['SNR: -8']"
7067-76047-0027_8,"['SNR: 8']"
1737-142396-0002_9,"['SNR: 9']"
5393-19219-0031_4,"['SNR: 4']"
1235-135884-0011_4,"['SNR: 4']"
6064-56168-0011_3,"['SNR: 3']"
2836-5354-0020_2,"['SNR: 2']"
7264-92314-0025_4,"['SNR: 4']"
6836-61804-0007_6,"['SNR: 6']"
8747-293952-0076_-15,"['SNR: -15']"
2092-145706-0035_-9,"['SNR: -9']"
2007-132570-0031_-11,"['SNR: -11']"
233-134440-0002_-7,"['SNR: -7']"
5867-48852-0056_-7,"['SNR: -7']"
6272-70168-0006_-12,"['SNR: -12']"
669-129061-0070_-15,"['SNR: -15']"
2391-145015-0089_-8,"['SNR: -8']"
1963-142776-0017_-12,"['SNR: -12']"
4853-27670-0000_0,"['SNR: 0']"
3240-131231-0065_0,"['SNR: 0']"
1363-139304-0027_-12,"['SNR: -12']"
446-123502-0017_-15,"['SNR: -15']"
909-131044-0001_7,"['SNR: 7']"
2843-152918-0095_1,"['SNR: 1']"
441-130108-0012_10,"['SNR: 10']"
2002-139469-0085_-7,"['SNR: -7']"
8468-294887-0008_-3,"['SNR: -3']"
1447-17506-0011_0,"['SNR: 0']"
8088-284756-0060_-10,"['SNR: -10']"
8838-298546-0051_-12,"['SNR: -12']"
412-126975-0070_-13,"['SNR: -13']"
1069-133699-0029_-14,"['SNR: -14']"
5867-48852-0073_-8,"['SNR: -8']"
7794-295955-0005_3,"['SNR: 3']"
458-126305-0011_-14,"['SNR: -14']"
7190-90543-0009_-11,"['SNR: -11']"
2514-149482-0014_-12,"['SNR: -12']"
8063-274112-0014_9,"['SNR: 9']"
4014-186175-0007_10,"['SNR: 10']"
3983-5371-0012_-6,"['SNR: -6']"
7800-283478-0007_-8,"['SNR: -8']"
730-359-0013_-2,"['SNR: -2']"
3983-5371-0011_-7,"['SNR: -7']"
4788-91208-0018_-14,"['SNR: -14']"
1867-154071-0030_-5,"['SNR: -5']"
1263-141777-0004_7,"['SNR: 7']"
150-132655-0023_10,"['SNR: 10']"
1334-135589-0067_5,"['SNR: 5']"
669-129074-0029_-1,"['SNR: -1']"
6000-55211-0024_-1,"['SNR: -1']"
5561-39621-0025_0,"['SNR: 0']"
625-132118-0024_9,"['SNR: 9']"
6454-107462-0011_-10,"['SNR: -10']"
2910-131096-0024_-2,"['SNR: -2']"
6563-63821-0033_-5,"['SNR: -5']"
8123-275216-0016_-14,"['SNR: -14']"
2518-154825-0024_-4,"['SNR: -4']"
6848-252323-0032_-3,"['SNR: -3']"
8747-293952-0015_6,"['SNR: 6']"
322-124146-0022_-4,"['SNR: -4']"
5049-25947-0015_-1,"['SNR: -1']"
8063-274116-0022_-11,"['SNR: -11']"
3807-4955-0039_7,"['SNR: 7']"
83-9960-0000_-6,"['SNR: -6']"
7113-86041-0001_-7,"['SNR: -7']"
3259-158083-0081_-13,"['SNR: -13']"
6880-216547-0114_-2,"['SNR: -2']"
669-129061-0061_-9,"['SNR: -9']"
8238-283452-0016_2,"['SNR: 2']"
4088-158077-0046_-5,"['SNR: -5']"
1926-147987-0024_3,"['SNR: 3']"
4640-19188-0032_1,"['SNR: 1']"
307-127535-0044_-7,"['SNR: -7']"
307-127539-0017_10,"['SNR: 10']"
2416-152137-0008_0,"['SNR: 0']"
87-121553-0039_-12,"['SNR: -12']"
5688-15787-0014_10,"['SNR: 10']"
2514-149482-0049_3,"['SNR: 3']"
1246-124548-0013_-13,"['SNR: -13']"
2910-131096-0042_4,"['SNR: 4']"
60-121082-0018_4,"['SNR: 4']"
4640-19187-0025_-7,"['SNR: -7']"
2159-179154-0030_10,"['SNR: 10']"
103-1240-0028_-15,"['SNR: -15']"
5049-25947-0028_2,"['SNR: 2']"
1594-135914-0018_-1,"['SNR: -1']"
4640-19187-0009_8,"['SNR: 8']"
32-4137-0031_-1,"['SNR: -1']"
3982-178459-0024_-8,"['SNR: -8']"
2893-139310-0023_8,"['SNR: 8']"
446-123501-0053_-1,"['SNR: -1']"
3699-19401-0010_-10,"['SNR: -10']"
3486-166424-0003_10,"['SNR: 10']"
2817-142371-0037_-15,"['SNR: -15']"
1098-133695-0040_-13,"['SNR: -13']"
4441-76250-0036_-10,"['SNR: -10']"
1578-140049-0011_6,"['SNR: 6']"
1970-28415-0015_0,"['SNR: 0']"
441-130108-0038_1,"['SNR: 1']"
7367-86737-0039_-15,"['SNR: -15']"
446-123502-0032_-15,"['SNR: -15']"
7511-102419-0028_9,"['SNR: 9']"
26-495-0054_-1,"['SNR: -1']"
7517-100437-0017_-15,"['SNR: -15']"
5456-62014-0003_9,"['SNR: 9']"
5022-29411-0052_6,"['SNR: 6']"
6563-285357-0019_-6,"['SNR: -6']"
3857-182317-0022_0,"['SNR: 0']"
4853-29413-0002_-8,"['SNR: -8']"
248-130652-0025_9,"['SNR: 9']"
3664-178366-0001_-12,"['SNR: -12']"
150-126112-0005_7,"['SNR: 7']"
3607-29116-0043_3,"['SNR: 3']"
6880-216547-0038_-3,"['SNR: -3']"
332-128985-0038_8,"['SNR: 8']"
2518-154826-0054_-5,"['SNR: -5']"
3235-11599-0024_0,"['SNR: 0']"
1040-133433-0017_-13,"['SNR: -13']"
7505-258958-0008_4,"['SNR: 4']"
1081-125237-0064_-9,"['SNR: -9']"
4640-19187-0024_-3,"['SNR: -3']"
5778-12761-0049_8,"['SNR: 8']"
163-122947-0091_-9,"['SNR: -9']"
6476-57446-0085_1,"['SNR: 1']"
4340-15220-0020_3,"['SNR: 3']"
4640-19187-0014_-8,"['SNR: -8']"
2391-145015-0102_-8,"['SNR: -8']"
4014-186179-0002_-14,"['SNR: -14']"
481-123720-0033_-15,"['SNR: -15']"
302-123516-0000_-15,"['SNR: -15']"
6209-34601-0038_-4,"['SNR: -4']"
8797-294123-0010_3,"['SNR: 3']"
8108-274318-0044_-12,"['SNR: -12']"
6880-216547-0066_-11,"['SNR: -11']"
1034-121119-0074_-7,"['SNR: -7']"
5393-19219-0024_4,"['SNR: 4']"
4898-28461-0031_-9,"['SNR: -9']"
441-128988-0011_2,"['SNR: 2']"
6147-34606-0032_4,"['SNR: 4']"
1502-122619-0024_-5,"['SNR: -5']"
1246-135815-0010_-11,"['SNR: -11']"
5393-19219-0030_-9,"['SNR: -9']"
3947-13262-0011_-9,"['SNR: -9']"
1447-130550-0022_1,"['SNR: 1']"
6000-55211-0009_-9,"['SNR: -9']"
6437-66173-0059_-6,"['SNR: -6']"
4788-94904-0011_-2,"['SNR: -2']"
5463-39173-0017_-12,"['SNR: -12']"
4680-16026-0014_-6,"['SNR: -6']"
8014-112602-0025_1,"['SNR: 1']"
201-127786-0066_-11,"['SNR: -11']"
1502-122615-0029_-8,"['SNR: -8']"
3259-158083-0074_6,"['SNR: 6']"
5390-24512-0025_-13,"['SNR: -13']"
6078-54013-0014_10,"['SNR: 10']"
2182-181173-0012_1,"['SNR: 1']"
8797-294123-0102_3,"['SNR: 3']"
6529-62554-0009_0,"['SNR: 0']"
7517-100442-0010_-3,"['SNR: -3']"
229-130880-0082_10,"['SNR: 10']"
3982-182255-0028_8,"['SNR: 8']"
8770-295462-0023_10,"['SNR: 10']"
2159-179154-0007_6,"['SNR: 6']"
6836-61804-0028_-12,"['SNR: -12']"
3857-182315-0009_-9,"['SNR: -9']"
1246-124550-0016_7,"['SNR: 7']"
2391-145015-0053_5,"['SNR: 5']"
405-130894-0056_2,"['SNR: 2']"
19-227-0068_1,"['SNR: 1']"
3526-176653-0016_-13,"['SNR: -13']"
40-222-0000_-1,"['SNR: -1']"
1926-143879-0003_-12,"['SNR: -12']"
250-140277-0004_10,"['SNR: 10']"
4088-158077-0058_-5,"['SNR: -5']"
6454-93938-0018_10,"['SNR: 10']"
2196-174172-0034_0,"['SNR: 0']"
196-122152-0015_-12,"['SNR: -12']"
3259-158083-0015_10,"['SNR: 10']"
2002-139469-0051_-10,"['SNR: -10']"
4898-20016-0034_-5,"['SNR: -5']"
4088-158077-0019_5,"['SNR: 5']"
2391-145015-0034_-1,"['SNR: -1']"
2518-154826-0045_-2,"['SNR: -2']"
3486-166446-0002_-1,"['SNR: -1']"
1926-143879-0045_7,"['SNR: 7']"
8468-295198-0002_-11,"['SNR: -11']"
696-93314-0043_-15,"['SNR: -15']"
1502-122619-0059_4,"['SNR: 4']"
39-121914-0026_-12,"['SNR: -12']"
4137-11701-0034_9,"['SNR: 9']"
3723-171115-0045_-3,"['SNR: -3']"
7511-102420-0029_1,"['SNR: 1']"
3723-171631-0000_-1,"['SNR: -1']"
5678-43302-0020_0,"['SNR: 0']"
7078-271888-0038_-14,"['SNR: -14']"
1088-134315-0053_-7,"['SNR: -7']"
8063-274116-0035_7,"['SNR: 7']"
1081-125237-0105_-8,"['SNR: -8']"
426-122821-0038_-7,"['SNR: -7']"
2182-181183-0024_-15,"['SNR: -15']"
2436-2481-0035_5,"['SNR: 5']"
2836-5355-0053_3,"['SNR: 3']"
5163-18515-0040_9,"['SNR: 9']"
6437-66172-0038_-5,"['SNR: -5']"
6836-61803-0002_10,"['SNR: 10']"
4340-15220-0073_3,"['SNR: 3']"
5703-47198-0007_-4,"['SNR: -4']"
7078-271888-0010_-4,"['SNR: -4']"
2518-154826-0024_-12,"['SNR: -12']"
3168-173565-0045_-15,"['SNR: -15']"
3526-175658-0011_-15,"['SNR: -15']"
8975-270782-0035_-12,"['SNR: -12']"
3526-176653-0050_8,"['SNR: 8']"
3242-67153-0028_-14,"['SNR: -14']"
5808-54425-0039_2,"['SNR: 2']"
2391-145015-0048_-15,"['SNR: -15']"
233-134440-0007_-4,"['SNR: -4']"
3440-171009-0060_9,"['SNR: 9']"
8468-295198-0005_0,"['SNR: 0']"
6454-107462-0023_7,"['SNR: 7']"
6529-62554-0039_-2,"['SNR: -2']"
6818-68772-0009_-14,"['SNR: -14']"
83-11691-0037_-3,"['SNR: -3']"
5778-54535-0001_-8,"['SNR: -8']"
5463-39174-0019_3,"['SNR: 3']"
6531-61334-0095_8,"['SNR: 8']"
60-121082-0036_5,"['SNR: 5']"
5049-25947-0079_3,"['SNR: 3']"
7078-271888-0071_9,"['SNR: 9']"
4088-158077-0002_-3,"['SNR: -3']"
3214-167607-0005_0,"['SNR: 0']"
4088-158079-0017_6,"['SNR: 6']"
1081-125237-0047_3,"['SNR: 3']"
8095-274345-0012_-4,"['SNR: -4']"
6476-96661-0014_6,"['SNR: 6']"
8609-283227-0015_-8,"['SNR: -8']"
1867-154075-0019_-9,"['SNR: -9']"
1098-133695-0047_-9,"['SNR: -9']"
78-369-0021_-12,"['SNR: -12']"
5104-33406-0060_-5,"['SNR: -5']"
5192-19396-0021_-8,"['SNR: -8']"
6147-34607-0020_5,"['SNR: 5']"
458-126305-0010_-7,"['SNR: -7']"
27-123349-0035_-10,"['SNR: -10']"
839-130898-0022_0,"['SNR: 0']"
4406-16882-0034_-15,"['SNR: -15']"
7302-86815-0048_6,"['SNR: 6']"
7190-90542-0005_-15,"['SNR: -15']"
6181-216552-0061_-6,"['SNR: -6']"
19-198-0001_2,"['SNR: 2']"
7067-76047-0034_5,"['SNR: 5']"
7264-92314-0005_-10,"['SNR: -10']"
4898-20016-0025_-9,"['SNR: -9']"
6078-54007-0025_-6,"['SNR: -6']"
1502-122615-0037_6,"['SNR: 6']"
441-128988-0018_-5,"['SNR: -5']"
2952-410-0015_1,"['SNR: 1']"
8975-270782-0007_6,"['SNR: 6']"
412-126975-0061_-1,"['SNR: -1']"
8063-274112-0009_-8,"['SNR: -8']"
3440-171009-0007_-12,"['SNR: -12']"
163-122947-0015_-6,"['SNR: -6']"
4014-186183-0001_-11,"['SNR: -11']"
7148-7763-0010_8,"['SNR: 8']"
6019-3185-0071_-6,"['SNR: -6']"
4406-16882-0060_-15,"['SNR: -15']"
201-127786-0079_9,"['SNR: 9']"
8975-270782-0112_-6,"['SNR: -6']"
4195-186236-0004_-4,"['SNR: -4']"
4640-19187-0021_-7,"['SNR: -7']"
8095-274346-0025_-5,"['SNR: -5']"
163-122947-0071_3,"['SNR: 3']"
8238-283452-0004_7,"['SNR: 7']"
8238-283452-0043_8,"['SNR: 8']"
5514-19193-0025_-12,"['SNR: -12']"
3723-171115-0036_-10,"['SNR: -10']"
7067-76048-0034_5,"['SNR: 5']"
3214-167602-0031_-10,"['SNR: -10']"
6563-285357-0037_9,"['SNR: 9']"
60-121082-0001_10,"['SNR: 10']"
460-172359-0031_-1,"['SNR: -1']"
6078-54007-0038_-9,"['SNR: -9']"
1363-135842-0018_-1,"['SNR: -1']"
6078-54007-0048_5,"['SNR: 5']"
7226-86965-0015_5,"['SNR: 5']"
1447-17506-0017_10,"['SNR: 10']"
250-142286-0013_1,"['SNR: 1']"
6385-34669-0003_-9,"['SNR: -9']"
8238-274553-0037_-1,"['SNR: -1']"
3436-172171-0028_-4,"['SNR: -4']"
328-129766-0088_7,"['SNR: 7']"
2289-152254-0009_-2,"['SNR: -2']"
6531-61334-0045_-2,"['SNR: -2']"
8629-261140-0031_0,"['SNR: 0']"
6078-54013-0071_-8,"['SNR: -8']"
7859-102518-0033_-8,"['SNR: -8']"
4195-186237-0002_-10,"['SNR: -10']"
8468-286673-0024_7,"['SNR: 7']"
6181-216552-0074_2,"['SNR: 2']"
445-123860-0009_3,"['SNR: 3']"
6272-70171-0022_-13,"['SNR: -13']"
1355-39947-0023_-3,"['SNR: -3']"
1088-134318-0019_2,"['SNR: 2']"
6367-65536-0019_-13,"['SNR: -13']"
8629-261139-0036_-9,"['SNR: -9']"
2007-149877-0008_2,"['SNR: 2']"
5688-41232-0039_10,"['SNR: 10']"
250-142276-0063_-13,"['SNR: -13']"
481-123719-0012_8,"['SNR: 8']"
4788-294466-0011_10,"['SNR: 10']"
3857-180923-0011_7,"['SNR: 7']"
445-123860-0010_-7,"['SNR: -7']"
4014-186179-0025_-5,"['SNR: -5']"
5104-33407-0018_-12,"['SNR: -12']"
6272-70171-0008_3,"['SNR: 3']"
7511-102420-0036_-12,"['SNR: -12']"
1040-133433-0050_2,"['SNR: 2']"
1034-121119-0082_-10,"['SNR: -10']"
78-369-0000_-4,"['SNR: -4']"
8014-112602-0034_-10,"['SNR: -10']"
1578-140049-0001_-3,"['SNR: -3']"
5688-15787-0004_9,"['SNR: 9']"
5867-48852-0103_1,"['SNR: 1']"
831-130746-0038_-15,"['SNR: -15']"
441-128988-0019_8,"['SNR: 8']"
8609-283227-0061_6,"['SNR: 6']"
2289-152257-0016_0,"['SNR: 0']"
2136-5140-0010_7,"['SNR: 7']"
32-21631-0016_-3,"['SNR: -3']"
1088-134315-0032_-8,"['SNR: -8']"
5808-54425-0011_-6,"['SNR: -6']"
4297-13009-0031_2,"['SNR: 2']"
6531-61334-0106_-10,"['SNR: -10']"
3699-19401-0012_2,"['SNR: 2']"
625-132118-0044_-4,"['SNR: -4']"
8425-291444-0000_-9,"['SNR: -9']"
2136-5140-0001_-4,"['SNR: -4']"
200-126784-0014_4,"['SNR: 4']"
3440-171009-0027_2,"['SNR: 2']"
7178-34644-0058_-8,"['SNR: -8']"
7367-86737-0059_-10,"['SNR: -10']"
412-126975-0080_1,"['SNR: 1']"
7226-86964-0034_4,"['SNR: 4']"
669-129061-0052_1,"['SNR: 1']"
7505-258958-0035_-5,"['SNR: -5']"
8630-305212-0044_-5,"['SNR: -5']"
1737-146161-0009_-3,"['SNR: -3']"
3440-171009-0057_-7,"['SNR: -7']"
1737-148989-0002_-6,"['SNR: -6']"
5456-62014-0004_6,"['SNR: 6']"
3830-12535-0005_7,"['SNR: 7']"
8629-261139-0017_-3,"['SNR: -3']"
32-4137-0020_7,"['SNR: 7']"
6064-56165-0001_9,"['SNR: 9']"
103-1241-0000_-11,"['SNR: -11']"
374-180298-0028_-2,"['SNR: -2']"
60-121082-0008_-5,"['SNR: -5']"
405-130895-0000_-5,"['SNR: -5']"
3374-298025-0014_-11,"['SNR: -11']"
3723-171115-0007_-7,"['SNR: -7']"
6078-54007-0030_-11,"['SNR: -11']"
403-216-0014_-10,"['SNR: -10']"
7067-76047-0028_3,"['SNR: 3']"
1624-142933-0021_10,"['SNR: 10']"
587-54108-0040_-3,"['SNR: -3']"
3723-171631-0005_10,"['SNR: 10']"
1737-148989-0019_-9,"['SNR: -9']"
150-126112-0020_9,"['SNR: 9']"
298-126790-0012_-13,"['SNR: -13']"
7511-102420-0034_3,"['SNR: 3']"
1246-124548-0043_1,"['SNR: 1']"
1926-147979-0033_6,"['SNR: 6']"
8238-274553-0004_4,"['SNR: 4']"
3947-13262-0004_-12,"['SNR: -12']"
5163-39921-0055_0,"['SNR: 0']"
1553-140047-0040_-4,"['SNR: -4']"
911-128684-0027_-3,"['SNR: -3']"
5652-19215-0008_9,"['SNR: 9']"
3857-180923-0006_8,"['SNR: 8']"
1553-140047-0022_1,"['SNR: 1']"
328-129766-0031_4,"['SNR: 4']"
6529-62554-0012_10,"['SNR: 10']"
7402-90848-0028_-12,"['SNR: -12']"
5463-39174-0014_-10,"['SNR: -10']"
6367-65536-0017_-11,"['SNR: -11']"
2764-36616-0022_9,"['SNR: 9']"
7078-271888-0106_8,"['SNR: 8']"
2289-152257-0003_-7,"['SNR: -7']"
1363-139304-0035_4,"['SNR: 4']"
5163-18515-0008_-14,"['SNR: -14']"
6209-34600-0022_-12,"['SNR: -12']"
8095-274346-0056_8,"['SNR: 8']"
3664-11714-0031_-7,"['SNR: -7']"
3982-178459-0045_3,"['SNR: 3']"
7312-92432-0017_-15,"['SNR: -15']"
6476-57446-0008_4,"['SNR: 4']"
4297-13006-0028_1,"['SNR: 1']"
8975-270782-0039_-15,"['SNR: -15']"
87-121553-0057_9,"['SNR: 9']"
8324-286681-0022_9,"['SNR: 9']"
4137-11702-0023_-14,"['SNR: -14']"
3486-166446-0014_-9,"['SNR: -9']"
7367-86737-0012_1,"['SNR: 1']"
2159-179154-0001_9,"['SNR: 9']"
2416-152139-0069_-6,"['SNR: -6']"
289-121665-0032_3,"['SNR: 3']"
412-126975-0055_-3,"['SNR: -3']"
8014-112602-0037_-13,"['SNR: -13']"
8629-261139-0002_-3,"['SNR: -3']"
118-47824-0082_-7,"['SNR: -7']"
8770-295462-0026_2,"['SNR: 2']"
1624-168623-0009_-12,"['SNR: -12']"
3240-131231-0029_-3,"['SNR: -3']"
6415-111615-0000_-14,"['SNR: -14']"
5652-19215-0006_-4,"['SNR: -4']"
2989-138035-0058_1,"['SNR: 1']"
911-128684-0029_6,"['SNR: 6']"
226-122538-0000_-12,"['SNR: -12']"
403-216-0025_1,"['SNR: 1']"
696-93314-0046_-4,"['SNR: -4']"
4441-76250-0029_6,"['SNR: 6']"
5463-39173-0044_2,"['SNR: 2']"
198-129977-0002_-4,"['SNR: -4']"
7302-86815-0002_-1,"['SNR: -1']"
1553-140048-0048_-15,"['SNR: -15']"
412-126975-0013_-12,"['SNR: -12']"
7511-102419-0020_-13,"['SNR: -13']"
7635-105409-0067_-6,"['SNR: -6']"
4830-25898-0007_-6,"['SNR: -6']"
1334-135589-0022_1,"['SNR: 1']"
4441-76262-0021_4,"['SNR: 4']"
7078-271888-0020_5,"['SNR: 5']"
7402-59171-0024_-2,"['SNR: -2']"
6000-55211-0022_-6,"['SNR: -6']"
6367-74004-0001_2,"['SNR: 2']"
3947-13260-0013_-8,"['SNR: -8']"
302-123523-0024_-14,"['SNR: -14']"
6848-252323-0005_-6,"['SNR: -6']"
4640-19187-0001_-5,"['SNR: -5']"
39-121914-0035_-9,"['SNR: -9']"
7800-283493-0003_0,"['SNR: 0']"
3242-67168-0037_6,"['SNR: 6']"
8324-286681-0021_-8,"['SNR: -8']"
1263-141777-0025_-13,"['SNR: -13']"
4137-11701-0008_-2,"['SNR: -2']"
6531-61334-0081_-9,"['SNR: -9']"
441-128982-0022_-8,"['SNR: -8']"
1334-135589-0072_3,"['SNR: 3']"
7447-91187-0063_4,"['SNR: 4']"
446-123502-0001_10,"['SNR: 10']"
460-172359-0023_8,"['SNR: 8']"
1841-150351-0011_-11,"['SNR: -11']"
1963-147036-0025_-11,"['SNR: -11']"
4018-107312-0023_-7,"['SNR: -7']"
2136-5143-0034_8,"['SNR: 8']"
7800-283493-0004_-4,"['SNR: -4']"
1502-122615-0024_-1,"['SNR: -1']"
4137-11702-0052_5,"['SNR: 5']"
328-129766-0096_-15,"['SNR: -15']"
1963-147036-0018_3,"['SNR: 3']"
3235-28433-0007_-15,"['SNR: -15']"
3440-171006-0021_4,"['SNR: 4']"
6925-80680-0045_9,"['SNR: 9']"
6836-61803-0019_-10,"['SNR: -10']"
2002-139469-0020_7,"['SNR: 7']"
8465-246940-0031_4,"['SNR: 4']"
3242-67153-0018_-1,"['SNR: -1']"
233-134440-0030_-2,"['SNR: -2']"
7505-258964-0018_8,"['SNR: 8']"
298-126790-0023_-5,"['SNR: -5']"
229-130880-0013_-10,"['SNR: -10']"
696-92939-0020_1,"['SNR: 1']"
7402-90848-0021_9,"['SNR: 9']"
5339-14134-0011_0,"['SNR: 0']"
7367-86737-0117_8,"['SNR: 8']"
405-130895-0008_-14,"['SNR: -14']"
8088-284756-0011_-9,"['SNR: -9']"
6209-34599-0005_-1,"['SNR: -1']"
5561-39621-0029_1,"['SNR: 1']"
2952-410-0020_-12,"['SNR: -12']"
460-172357-0010_-12,"['SNR: -12']"
332-128985-0066_10,"['SNR: 10']"
328-129766-0022_3,"['SNR: 3']"
2843-152918-0005_-1,"['SNR: -1']"
7264-92310-0014_-6,"['SNR: -6']"
1867-154071-0014_-2,"['SNR: -2']"
83-11691-0043_-4,"['SNR: -4']"
8580-287363-0029_-8,"['SNR: -8']"
5789-70653-0032_10,"['SNR: 10']"
5514-19193-0016_2,"['SNR: 2']"
19-227-0031_8,"['SNR: 8']"
5104-33407-0031_-4,"['SNR: -4']"
5789-57158-0033_-10,"['SNR: -10']"
8419-286667-0024_-9,"['SNR: -9']"
7800-283478-0033_9,"['SNR: 9']"
289-121652-0017_-5,"['SNR: -5']"
5703-47212-0027_-1,"['SNR: -1']"
7190-90542-0070_-4,"['SNR: -4']"
5750-100289-0017_-3,"['SNR: -3']"
730-358-0060_-4,"['SNR: -4']"
328-129766-0091_0,"['SNR: 0']"
4859-22176-0024_-7,"['SNR: -7']"
6064-56165-0006_-2,"['SNR: -2']"
7148-82991-0009_4,"['SNR: 4']"
40-222-0063_7,"['SNR: 7']"
5339-14133-0047_-2,"['SNR: -2']"
6064-56165-0005_6,"['SNR: 6']"
587-54108-0002_-11,"['SNR: -11']"
39-121914-0030_4,"['SNR: 4']"
625-132112-0010_-1,"['SNR: -1']"
5192-19397-0041_1,"['SNR: 1']"
1743-142914-0001_-6,"['SNR: -6']"
1355-39947-0081_-14,"['SNR: -14']"
233-155990-0046_-10,"['SNR: -10']"
1898-145715-0035_2,"['SNR: 2']"
5463-39173-0053_-13,"['SNR: -13']"
7800-283493-0019_7,"['SNR: 7']"
458-126294-0016_-2,"['SNR: -2']"
254-27760-0009_-11,"['SNR: -11']"
8797-294123-0027_-9,"['SNR: -9']"
460-172359-0009_1,"['SNR: 1']"
8095-274345-0000_-7,"['SNR: -7']"
302-123523-0003_-9,"['SNR: -9']"
6000-55211-0017_-8,"['SNR: -8']"
4214-7146-0068_5,"['SNR: 5']"
7635-105409-0069_-3,"['SNR: -3']"
4898-28461-0067_5,"['SNR: 5']"
4640-19188-0014_4,"['SNR: 4']"
3664-11714-0004_4,"['SNR: 4']"
8324-286683-0017_-13,"['SNR: -13']"
1578-140045-0017_1,"['SNR: 1']"
8468-295198-0023_6,"['SNR: 6']"
2843-152918-0081_-1,"['SNR: -1']"
5163-18515-0025_-9,"['SNR: -9']"
6925-80680-0022_1,"['SNR: 1']"
7264-92316-0026_-2,"['SNR: -2']"
3214-167607-0011_8,"['SNR: 8']"
1578-6379-0039_-11,"['SNR: -11']"
332-128985-0049_-15,"['SNR: -15']"
1963-142393-0046_6,"['SNR: 6']"
3983-5371-0044_-2,"['SNR: -2']"
7794-295947-0037_10,"['SNR: 10']"
1263-138246-0015_-9,"['SNR: -9']"
2136-5140-0019_0,"['SNR: 0']"
7190-90543-0045_-2,"['SNR: -2']"
2384-152900-0015_-9,"['SNR: -9']"
3374-298026-0008_-15,"['SNR: -15']"
8324-286681-0003_-14,"['SNR: -14']"
3486-166446-0018_-11,"['SNR: -11']"
1334-135589-0028_8,"['SNR: 8']"
229-130880-0002_7,"['SNR: 7']"
7178-34645-0005_9,"['SNR: 9']"
8238-283452-0032_-1,"['SNR: -1']"
7113-86041-0081_3,"['SNR: 3']"
1578-6379-0018_-7,"['SNR: -7']"
7447-91186-0034_0,"['SNR: 0']"
7517-100429-0020_-14,"['SNR: -14']"
89-218-0027_-13,"['SNR: -13']"
6367-74004-0016_6,"['SNR: 6']"
1723-141149-0053_-9,"['SNR: -9']"
8098-275181-0005_-3,"['SNR: -3']"
7505-258964-0022_-7,"['SNR: -7']"
1098-133695-0080_-7,"['SNR: -7']"
5678-43302-0027_-2,"['SNR: -2']"
200-124140-0017_-9,"['SNR: -9']"
8063-274117-0035_-15,"['SNR: -15']"
4830-25898-0052_-5,"['SNR: -5']"
78-369-0055_-3,"['SNR: -3']"
7264-92310-0011_5,"['SNR: 5']"
5393-19219-0038_9,"['SNR: 9']"
6209-34601-0011_-11,"['SNR: -11']"
229-130880-0060_7,"['SNR: 7']"
7402-59171-0036_2,"['SNR: 2']"
445-123857-0028_-12,"['SNR: -12']"
1183-133255-0000_9,"['SNR: 9']"
1963-147036-0006_6,"['SNR: 6']"
7367-86737-0042_-11,"['SNR: -11']"
1040-133433-0024_-15,"['SNR: -15']"
2136-5147-0015_-6,"['SNR: -6']"
1246-124550-0020_6,"['SNR: 6']"
6081-41998-0039_-5,"['SNR: -5']"
1088-134315-0025_-3,"['SNR: -3']"
233-155990-0040_-12,"['SNR: -12']"
4397-15668-0024_2,"['SNR: 2']"
5456-62043-0028_8,"['SNR: 8']"
3807-4923-0023_-3,"['SNR: -3']"
1069-133699-0024_3,"['SNR: 3']"
6454-107462-0007_-6,"['SNR: -6']"
8063-274116-0021_6,"['SNR: 6']"
1455-134435-0069_-13,"['SNR: -13']"
3830-12535-0008_8,"['SNR: 8']"
5390-30102-0001_1,"['SNR: 1']"
8770-295462-0014_-6,"['SNR: -6']"
5514-19193-0017_-13,"['SNR: -13']"
909-131044-0023_-7,"['SNR: -7']"
8468-294887-0026_-12,"['SNR: -12']"
1069-133709-0003_-8,"['SNR: -8']"
6531-61334-0041_-13,"['SNR: -13']"
6454-93938-0023_5,"['SNR: 5']"
6531-61334-0024_8,"['SNR: 8']"
3112-9555-0031_-2,"['SNR: -2']"
1455-138263-0049_10,"['SNR: 10']"
8014-112586-0020_-11,"['SNR: -11']"
3240-131232-0024_-14,"['SNR: -14']"
250-142276-0021_-13,"['SNR: -13']"
8063-274117-0003_3,"['SNR: 3']"
5049-25947-0069_-5,"['SNR: -5']"
226-131533-0007_-15,"['SNR: -15']"
6415-100596-0006_1,"['SNR: 1']"
3436-172171-0011_-15,"['SNR: -15']"
1081-125237-0049_-12,"['SNR: -12']"
8051-295385-0006_-9,"['SNR: -9']"
8312-279791-0018_-5,"['SNR: -5']"
125-121342-0037_5,"['SNR: 5']"
887-123290-0025_0,"['SNR: 0']"
226-131532-0002_-8,"['SNR: -8']"
405-130894-0049_9,"['SNR: 9']"
6454-93938-0017_0,"['SNR: 0']"
587-54108-0020_6,"['SNR: 6']"
909-131041-0025_-12,"['SNR: -12']"
3983-5371-0028_-10,"['SNR: -10']"
7178-34644-0008_-11,"['SNR: -11']"
2416-152139-0071_-8,"['SNR: -8']"
6181-216552-0113_-1,"['SNR: -1']"
83-11691-0016_3,"['SNR: 3']"
1081-125237-0103_-14,"['SNR: -14']"
5463-39173-0015_9,"['SNR: 9']"
8324-286682-0016_2,"['SNR: 2']"
2764-36619-0021_-1,"['SNR: -1']"
1235-135887-0006_6,"['SNR: 6']"
2764-36617-0022_1,"['SNR: 1']"
2817-142371-0013_-10,"['SNR: -10']"
8629-261139-0045_10,"['SNR: 10']"
8123-275209-0010_4,"['SNR: 4']"
4859-29340-0018_2,"['SNR: 2']"
3830-12531-0011_8,"['SNR: 8']"
3486-166446-0027_6,"['SNR: 6']"
19-227-0012_-4,"['SNR: -4']"
669-129061-0058_1,"['SNR: 1']"
2159-179156-0006_4,"['SNR: 4']"
5022-29405-0006_-2,"['SNR: -2']"
2007-149877-0053_-12,"['SNR: -12']"
2911-15045-0026_1,"['SNR: 1']"
302-123523-0004_-5,"['SNR: -5']"
1235-135883-0019_-8,"['SNR: -8']"
201-122255-0015_-7,"['SNR: -7']"
1841-150351-0017_2,"['SNR: 2']"
887-123289-0008_-12,"['SNR: -12']"
4813-248641-0021_-15,"['SNR: -15']"
3857-182315-0002_6,"['SNR: 6']"
6836-61803-0004_2,"['SNR: 2']"
2843-152918-0016_-4,"['SNR: -4']"
1447-130552-0022_-13,"['SNR: -13']"
4160-11549-0019_-13,"['SNR: -13']"
6529-62556-0007_2,"['SNR: 2']"
481-123719-0038_3,"['SNR: 3']"
4898-28461-0019_-5,"['SNR: -5']"
7302-86814-0024_-5,"['SNR: -5']"
5703-47212-0000_-10,"['SNR: -10']"
6818-76332-0041_3,"['SNR: 3']"
1116-132851-0026_-6,"['SNR: -6']"
302-123504-0022_-2,"['SNR: -2']"
7264-92316-0012_10,"['SNR: 10']"
2989-138028-0049_2,"['SNR: 2']"
412-126975-0086_-12,"['SNR: -12']"
32-21625-0001_2,"['SNR: 2']"
2416-152139-0065_-2,"['SNR: -2']"
7367-86737-0055_7,"['SNR: 7']"
4137-11702-0056_-3,"['SNR: -3']"
6078-54013-0011_-6,"['SNR: -6']"
8580-287364-0012_-11,"['SNR: -11']"
211-122425-0052_-8,"['SNR: -8']"
5339-14133-0003_-3,"['SNR: -3']"
3259-158083-0075_4,"['SNR: 4']"
229-130880-0066_-10,"['SNR: -10']"
730-358-0008_7,"['SNR: 7']"
730-358-0058_10,"['SNR: 10']"
3486-166424-0036_-14,"['SNR: -14']"
83-3054-0000_-14,"['SNR: -14']"
229-130880-0051_8,"['SNR: 8']"
4830-25898-0014_-7,"['SNR: -7']"
7447-91186-0024_7,"['SNR: 7']"
311-124404-0049_0,"['SNR: 0']"
201-122255-0029_-14,"['SNR: -14']"
1034-121119-0043_-3,"['SNR: -3']"
5652-19215-0035_-9,"['SNR: -9']"
3983-5331-0007_-6,"['SNR: -6']"
403-216-0018_0,"['SNR: 0']"
2182-150130-0023_2,"['SNR: 2']"
4267-287369-0033_-7,"['SNR: -7']"
696-93314-0048_-9,"['SNR: -9']"
3664-178366-0014_7,"['SNR: 7']"
2843-152918-0001_-15,"['SNR: -15']"
6019-3185-0083_-12,"['SNR: -12']"
2817-142380-0035_4,"['SNR: 4']"
5867-48852-0044_10,"['SNR: 10']"
1088-134318-0005_2,"['SNR: 2']"
89-218-0009_6,"['SNR: 6']"
8324-286682-0022_-3,"['SNR: -3']"
32-4137-0047_-4,"['SNR: -4']"
6209-34601-0022_-9,"['SNR: -9']"
2514-149482-0073_9,"['SNR: 9']"
5463-39174-0009_-15,"['SNR: -15']"
5808-48608-0039_10,"['SNR: 10']"
3259-158083-0058_7,"['SNR: 7']"
5867-48852-0042_-10,"['SNR: -10']"
8108-274318-0045_-5,"['SNR: -5']"
839-130898-0055_-8,"['SNR: -8']"
201-122255-0011_5,"['SNR: 5']"
2436-2477-0029_-1,"['SNR: -1']"
4830-25898-0029_1,"['SNR: 1']"
5463-39174-0046_0,"['SNR: 0']"
374-180299-0004_10,"['SNR: 10']"
196-122150-0015_-6,"['SNR: -6']"
4640-19188-0025_-6,"['SNR: -6']"
1363-135842-0011_7,"['SNR: 7']"
6272-70171-0011_-5,"['SNR: -5']"
3983-5331-0030_1,"['SNR: 1']"
5339-14133-0019_3,"['SNR: 3']"
19-227-0004_-15,"['SNR: -15']"
322-124147-0077_-1,"['SNR: -1']"
405-130894-0066_-2,"['SNR: -2']"
118-121721-0024_-6,"['SNR: -6']"
2136-5140-0017_-6,"['SNR: -6']"
8468-294887-0006_2,"['SNR: 2']"
1898-145715-0013_-3,"['SNR: -3']"
4088-158077-0055_1,"['SNR: 1']"
1624-142933-0020_-14,"['SNR: -14']"
7794-295947-0039_8,"['SNR: 8']"
6529-62554-0001_-15,"['SNR: -15']"
7367-86737-0020_4,"['SNR: 4']"
27-124992-0038_-15,"['SNR: -15']"
27-123349-0013_10,"['SNR: 10']"
1963-142393-0006_-6,"['SNR: -6']"
60-121082-0015_3,"['SNR: 3']"
7226-86965-0012_3,"['SNR: 3']"
8838-298545-0038_7,"['SNR: 7']"
5652-19215-0017_-8,"['SNR: -8']"
1926-143879-0033_-14,"['SNR: -14']"
3699-19402-0008_-15,"['SNR: -15']"
32-4137-0027_2,"['SNR: 2']"
2952-408-0002_-9,"['SNR: -9']"
3112-9555-0015_-11,"['SNR: -11']"
481-123720-0060_-9,"['SNR: -9']"
196-122150-0036_-10,"['SNR: -10']"
6081-41998-0037_-13,"['SNR: -13']"
8324-286682-0041_9,"['SNR: 9']"
8324-286683-0038_10,"['SNR: 10']"
839-130898-0096_-11,"['SNR: -11']"
4830-25898-0032_8,"['SNR: 8']"
2007-149877-0044_-7,"['SNR: -7']"
2514-149482-0105_6,"['SNR: 6']"
1034-121119-0011_10,"['SNR: 10']"
5163-18515-0018_0,"['SNR: 0']"
1578-6379-0011_4,"['SNR: 4']"
5652-19215-0002_0,"['SNR: 0']"
6064-56165-0003_4,"['SNR: 4']"
8975-270782-0049_-1,"['SNR: -1']"
1841-150351-0012_3,"['SNR: 3']"
8226-274371-0052_-11,"['SNR: -11']"
4481-17498-0018_4,"['SNR: 4']"
5049-25947-0013_-6,"['SNR: -6']"
887-123289-0011_-7,"['SNR: -7']"
150-126112-0017_-10,"['SNR: -10']"
1447-130550-0028_8,"['SNR: 8']"
4088-158077-0093_10,"['SNR: 10']"
1447-130551-0005_8,"['SNR: 8']"
201-122255-0007_-2,"['SNR: -2']"
8095-274346-0046_8,"['SNR: 8']"
201-122255-0034_3,"['SNR: 3']"
1723-141149-0013_4,"['SNR: 4']"
226-122538-0019_9,"['SNR: 9']"
839-130898-0006_-1,"['SNR: -1']"
2002-139469-0033_-8,"['SNR: -8']"
298-126791-0060_0,"['SNR: 0']"
7800-283492-0011_-7,"['SNR: -7']"
27-123349-0017_-4,"['SNR: -4']"
4018-107312-0031_-3,"['SNR: -3']"
8088-284756-0072_2,"['SNR: 2']"
6064-56168-0003_5,"['SNR: 5']"
83-11691-0003_7,"['SNR: 7']"
1098-133695-0026_4,"['SNR: 4']"
8419-286667-0010_-13,"['SNR: -13']"
4195-17507-0029_10,"['SNR: 10']"
839-130898-0087_-2,"['SNR: -2']"
5163-39921-0044_-9,"['SNR: -9']"
103-1241-0040_4,"['SNR: 4']"
2893-139310-0044_-2,"['SNR: -2']"
4014-186176-0002_1,"['SNR: 1']"
2007-149877-0058_1,"['SNR: 1']"
6385-34669-0027_-6,"['SNR: -6']"
4853-27670-0034_-3,"['SNR: -3']"
6476-57446-0055_-1,"['SNR: -1']"
2989-138035-0051_-9,"['SNR: -9']"
481-123719-0019_-10,"['SNR: -10']"
4481-17498-0003_-9,"['SNR: -9']"
60-121082-0069_-9,"['SNR: -9']"
5339-14134-0043_8,"['SNR: 8']"
3374-298026-0029_-11,"['SNR: -11']"
2518-154825-0041_-7,"['SNR: -7']"
831-130746-0008_5,"['SNR: 5']"
3699-19402-0012_9,"['SNR: 9']"
5163-39921-0011_-13,"['SNR: -13']"
6925-80680-0033_-8,"['SNR: -8']"
302-123516-0019_9,"['SNR: 9']"
6818-76332-0009_-13,"['SNR: -13']"
7226-86964-0026_-12,"['SNR: -12']"
1743-142912-0014_-3,"['SNR: -3']"
332-128985-0076_-5,"['SNR: -5']"
87-121553-0033_-14,"['SNR: -14']"
1069-133699-0043_-15,"['SNR: -15']"
302-123523-0031_-7,"['SNR: -7']"
3214-167602-0005_-7,"['SNR: -7']"
198-129977-0009_8,"['SNR: 8']"
6880-216547-0067_4,"['SNR: 4']"
5022-29411-0054_9,"['SNR: 9']"
1246-124548-0026_-2,"['SNR: -2']"
6385-220959-0028_-10,"['SNR: -10']"
625-132118-0045_-15,"['SNR: -15']"
8465-246942-0017_-1,"['SNR: -1']"
211-122425-0072_9,"['SNR: 9']"
8770-295465-0009_-1,"['SNR: -1']"
8123-275216-0044_-14,"['SNR: -14']"
1502-122619-0094_-4,"['SNR: -4']"
1594-135914-0114_9,"['SNR: 9']"
5561-41616-0021_-13,"['SNR: -13']"
4267-72637-0022_3,"['SNR: 3']"
8063-274117-0023_-6,"['SNR: -6']"
7447-91187-0032_4,"['SNR: 4']"
7113-86041-0050_-10,"['SNR: -10']"
198-209-0035_-14,"['SNR: -14']"
8123-275216-0017_8,"['SNR: 8']"
5192-19397-0006_4,"['SNR: 4']"
7780-274562-0007_-6,"['SNR: -6']"
322-124147-0011_2,"['SNR: 2']"
7278-104730-0010_-1,"['SNR: -1']"
1355-39947-0058_-3,"['SNR: -3']"
1970-10594-0001_9,"['SNR: 9']"
8108-280354-0002_-4,"['SNR: -4']"
696-93314-0064_1,"['SNR: 1']"
8051-295385-0037_-1,"['SNR: -1']"
298-126790-0025_-13,"['SNR: -13']"
7059-88364-0025_-9,"['SNR: -9']"
587-41619-0004_-13,"['SNR: -13']"
5393-19218-0025_-6,"['SNR: -6']"
8838-298546-0000_9,"['SNR: 9']"
5339-14133-0055_5,"['SNR: 5']"
4297-13009-0030_4,"['SNR: 4']"
7635-105661-0031_-7,"['SNR: -7']"
4160-11550-0031_10,"['SNR: 10']"
6078-54013-0077_9,"['SNR: 9']"
2952-410-0052_-2,"['SNR: -2']"
2002-139469-0091_-12,"['SNR: -12']"
7859-102519-0036_0,"['SNR: 0']"
4267-287369-0004_-1,"['SNR: -1']"
2136-5140-0036_-8,"['SNR: -8']"
3607-29116-0040_1,"['SNR: 1']"
458-126305-0029_-10,"['SNR: -10']"
8123-275216-0028_5,"['SNR: 5']"
7178-34645-0031_-3,"['SNR: -3']"
441-128982-0030_-12,"['SNR: -12']"
6367-65536-0010_-8,"['SNR: -8']"
730-358-0044_5,"['SNR: 5']"
2817-142380-0019_-7,"['SNR: -7']"
7190-90543-0012_-2,"['SNR: -2']"
7517-100442-0012_1,"['SNR: 1']"
2092-145709-0018_9,"['SNR: 9']"
7505-258958-0016_9,"['SNR: 9']"
8108-280354-0009_0,"['SNR: 0']"
669-129061-0036_-5,"['SNR: -5']"
198-126831-0018_-5,"['SNR: -5']"
2289-152254-0028_-15,"['SNR: -15']"
298-126791-0044_3,"['SNR: 3']"
5390-24512-0027_-2,"['SNR: -2']"
5703-47198-0012_3,"['SNR: 3']"
2911-12359-0005_2,"['SNR: 2']"
3259-158083-0101_-8,"['SNR: -8']"
211-122442-0043_2,"['SNR: 2']"
7800-283493-0022_-9,"['SNR: -9']"
289-121652-0038_-5,"['SNR: -5']"
8975-270782-0111_-2,"['SNR: -2']"
2952-408-0005_8,"['SNR: 8']"
250-142286-0026_1,"['SNR: 1']"
5339-14133-0015_-14,"['SNR: -14']"
4853-27670-0026_1,"['SNR: 1']"
8312-279791-0006_7,"['SNR: 7']"
250-142276-0049_6,"['SNR: 6']"
7059-77900-0004_-12,"['SNR: -12']"
3240-131231-0051_-13,"['SNR: -13']"
4853-27670-0020_-5,"['SNR: -5']"
1455-134435-0036_-4,"['SNR: -4']"
1926-147979-0048_-6,"['SNR: -6']"
3440-171009-0050_-3,"['SNR: -3']"
32-4137-0018_8,"['SNR: 8']"
6078-54013-0046_-14,"['SNR: -14']"
3242-67153-0002_9,"['SNR: 9']"
27-123349-0033_-15,"['SNR: -15']"
445-123857-0016_-14,"['SNR: -14']"
40-121026-0019_10,"['SNR: 10']"
2893-139322-0022_-7,"['SNR: -7']"
1034-121119-0052_9,"['SNR: 9']"
8095-274346-0015_4,"['SNR: 4']"
4898-28461-0034_-13,"['SNR: -13']"
248-130697-0000_-14,"['SNR: -14']"
3664-11714-0002_1,"['SNR: 1']"
587-41619-0006_-12,"['SNR: -12']"
8465-246940-0027_7,"['SNR: 7']"
730-358-0001_-14,"['SNR: -14']"
8324-286682-0018_-15,"['SNR: -15']"
289-121652-0028_1,"['SNR: 1']"
4088-158079-0009_-1,"['SNR: -1']"
5339-14133-0011_5,"['SNR: 5']"
5652-19215-0013_-3,"['SNR: -3']"
19-227-0067_-1,"['SNR: -1']"
8425-246962-0013_-7,"['SNR: -7']"
1116-137572-0055_-2,"['SNR: -2']"
5022-29411-0055_8,"['SNR: 8']"
2836-5354-0050_-13,"['SNR: -13']"
2391-145015-0093_-2,"['SNR: -2']"
5456-62014-0010_6,"['SNR: 6']"
6880-216547-0043_-9,"['SNR: -9']"
458-126294-0000_-9,"['SNR: -9']"
83-11691-0019_5,"['SNR: 5']"
6476-96661-0011_-4,"['SNR: -4']"
7859-102519-0032_-10,"['SNR: -10']"
445-123857-0011_-14,"['SNR: -14']"
587-41611-0014_-5,"['SNR: -5']"
200-124140-0033_3,"['SNR: 3']"
103-1240-0023_-1,"['SNR: -1']"
8770-295462-0015_1,"['SNR: 1']"
8063-274116-0013_6,"['SNR: 6']"
3112-9555-0057_-15,"['SNR: -15']"
5192-19397-0039_-6,"['SNR: -6']"
5022-29411-0023_-2,"['SNR: -2']"
7302-86814-0020_-14,"['SNR: -14']"
7511-102419-0046_6,"['SNR: 6']"
2007-132570-0035_7,"['SNR: 7']"
6529-62554-0024_8,"['SNR: 8']"
1235-135883-0005_-8,"['SNR: -8']"
60-121082-0000_9,"['SNR: 9']"
4051-11217-0014_-4,"['SNR: -4']"
7367-86737-0046_3,"['SNR: 3']"
5778-54535-0035_10,"['SNR: 10']"
103-1240-0045_9,"['SNR: 9']"
163-122947-0012_-12,"['SNR: -12']"
3982-182255-0001_-9,"['SNR: -9']"
1081-125237-0115_5,"['SNR: 5']"
2518-154825-0004_9,"['SNR: 9']"
4195-17507-0045_10,"['SNR: 10']"
1263-141777-0010_-9,"['SNR: -9']"
2893-139310-0027_1,"['SNR: 1']"
3664-178366-0003_7,"['SNR: 7']"
200-124139-0035_-8,"['SNR: -8']"
6078-54007-0043_-12,"['SNR: -12']"
446-123501-0030_10,"['SNR: 10']"
83-9960-0024_-3,"['SNR: -3']"
5789-70653-0014_-7,"['SNR: -7']"
307-127539-0007_-7,"['SNR: -7']"
332-128985-0030_-8,"['SNR: -8']"
587-54108-0042_-14,"['SNR: -14']"
2391-145015-0060_-7,"['SNR: -7']"
460-172359-0044_2,"['SNR: 2']"
6078-54013-0059_-14,"['SNR: -14']"
5463-39174-0041_-8,"['SNR: -8']"
87-121553-0015_3,"['SNR: 3']"
7190-90543-0022_4,"['SNR: 4']"
7402-59171-0046_1,"['SNR: 1']"
4088-158079-0008_1,"['SNR: 1']"
201-122255-0014_-10,"['SNR: -10']"
5339-14134-0010_2,"['SNR: 2']"
5750-100289-0025_-11,"['SNR: -11']"
2196-174172-0015_6,"['SNR: 6']"
211-122442-0019_-7,"['SNR: -7']"
7312-92432-0013_-15,"['SNR: -15']"
839-130898-0084_-15,"['SNR: -15']"
1624-142933-0001_-11,"['SNR: -11']"
2910-131096-0046_-6,"['SNR: -6']"
3947-13260-0008_-7,"['SNR: -7']"
5393-19219-0012_8,"['SNR: 8']"
2416-152139-0004_2,"['SNR: 2']"
1743-142914-0009_2,"['SNR: 2']"
4397-15668-0021_10,"['SNR: 10']"
1116-137572-0009_-15,"['SNR: -15']"
7178-34644-0040_0,"['SNR: 0']"
730-360-0026_-4,"['SNR: -4']"
831-130739-0014_-2,"['SNR: -2']"
6147-34606-0004_-10,"['SNR: -10']"
4788-294466-0030_9,"['SNR: 9']"
4898-28461-0037_0,"['SNR: 0']"
1578-6379-0004_-11,"['SNR: -11']"
5192-19397-0020_-12,"['SNR: -12']"
2691-156745-0033_-15,"['SNR: -15']"
2196-170379-0020_-4,"['SNR: -4']"
7302-86814-0043_-7,"['SNR: -7']"
8108-274318-0027_1,"['SNR: 1']"
7059-88364-0024_-14,"['SNR: -14']"
403-128339-0032_-2,"['SNR: -2']"
7367-86737-0019_10,"['SNR: 10']"
7402-59171-0004_-3,"['SNR: -3']"
8051-295385-0034_3,"['SNR: 3']"
211-122442-0008_-12,"['SNR: -12']"
1502-122619-0003_-11,"['SNR: -11']"
39-121915-0029_-14,"['SNR: -14']"
311-124404-0038_5,"['SNR: 5']"
8014-112602-0022_3,"['SNR: 3']"
5514-19192-0033_2,"['SNR: 2']"
5339-14134-0066_-14,"['SNR: -14']"
1116-132851-0008_-13,"['SNR: -13']"
2518-154826-0028_-2,"['SNR: -2']"
8838-298545-0017_0,"['SNR: 0']"
328-129766-0040_-2,"['SNR: -2']"
4788-294466-0007_-6,"['SNR: -6']"
5778-12761-0013_-2,"['SNR: -2']"
87-121553-0024_-4,"['SNR: -4']"
8468-286673-0030_-15,"['SNR: -15']"
4680-16041-0009_-12,"['SNR: -12']"
5703-47198-0041_9,"['SNR: 9']"
3235-28452-0024_10,"['SNR: 10']"
1502-122619-0071_-3,"['SNR: -3']"
5688-15787-0038_9,"['SNR: 9']"
8797-294123-0036_-7,"['SNR: -7']"
4788-294466-0015_4,"['SNR: 4']"
7078-271888-0049_-3,"['SNR: -3']"
2952-407-0003_0,"['SNR: 0']"
2416-152139-0020_3,"['SNR: 3']"
909-131044-0000_-5,"['SNR: -5']"
5456-62014-0013_-1,"['SNR: -1']"
5750-35690-0001_9,"['SNR: 9']"
5393-19219-0044_-4,"['SNR: -4']"
2836-5355-0031_7,"['SNR: 7']"
8098-275181-0008_8,"['SNR: 8']"
201-127786-0016_-14,"['SNR: -14']"
4481-17499-0038_-8,"['SNR: -8']"
3664-11714-0012_-3,"['SNR: -3']"
6209-34601-0010_-11,"['SNR: -11']"
201-127786-0044_1,"['SNR: 1']"
5652-19215-0023_-6,"['SNR: -6']"
5778-12761-0009_7,"['SNR: 7']"
3983-5371-0055_-4,"['SNR: -4']"
8312-279790-0022_-8,"['SNR: -8']"
7264-92314-0028_-9,"['SNR: -9']"
6209-34599-0027_-3,"['SNR: -3']"
8838-298546-0016_-12,"['SNR: -12']"
7190-90542-0065_-13,"['SNR: -13']"
412-126975-0027_5,"['SNR: 5']"
4051-11217-0009_9,"['SNR: 9']"
8063-274117-0030_6,"['SNR: 6']"
2289-152253-0010_8,"['SNR: 8']"
4137-11702-0037_-7,"['SNR: -7']"
5561-41616-0024_-12,"['SNR: -12']"
103-1241-0007_1,"['SNR: 1']"
3168-173565-0028_7,"['SNR: 7']"
5022-29411-0005_4,"['SNR: 4']"
7226-86964-0052_-4,"['SNR: -4']"
6019-3185-0081_-1,"['SNR: -1']"
4680-16026-0034_3,"['SNR: 3']"
4898-20016-0014_1,"['SNR: 1']"
8425-246962-0004_2,"['SNR: 2']"
5514-19192-0027_-2,"['SNR: -2']"
8324-286682-0039_-15,"['SNR: -15']"
103-1240-0021_-11,"['SNR: -11']"
4859-26870-0007_-1,"['SNR: -1']"
6454-120342-0025_-1,"['SNR: -1']"
6925-80680-0037_6,"['SNR: 6']"
1455-134435-0020_-6,"['SNR: -6']"
625-132112-0026_-12,"['SNR: -12']"
2182-150130-0038_-4,"['SNR: -4']"
1737-142397-0020_-14,"['SNR: -14']"
7078-271888-0108_-3,"['SNR: -3']"
5688-15787-0022_-3,"['SNR: -3']"
298-126791-0024_-13,"['SNR: -13']"
5867-48852-0110_-10,"['SNR: -10']"
5192-19396-0014_-15,"['SNR: -15']"
6836-61803-0022_-14,"['SNR: -14']"
3168-173564-0037_-11,"['SNR: -11']"
5750-100289-0033_-12,"['SNR: -12']"
6181-216552-0046_3,"['SNR: 3']"
39-121915-0028_-1,"['SNR: -1']"
5703-47212-0004_1,"['SNR: 1']"
6272-70168-0020_-8,"['SNR: -8']"
39-121915-0011_10,"['SNR: 10']"
254-27760-0004_-3,"['SNR: -3']"
118-47824-0068_7,"['SNR: 7']"
8419-286676-0009_8,"['SNR: 8']"
328-129766-0037_-1,"['SNR: -1']"
2893-139310-0045_-8,"['SNR: -8']"
6836-61803-0023_-9,"['SNR: -9']"
3242-8112-0002_7,"['SNR: 7']"
229-130880-0041_2,"['SNR: 2']"
8629-261139-0032_7,"['SNR: 7']"
3947-13262-0007_-4,"['SNR: -4']"
4018-107312-0009_-10,"['SNR: -10']"
7226-86964-0036_-15,"['SNR: -15']"
1447-130552-0023_-15,"['SNR: -15']"
233-155990-0018_7,"['SNR: 7']"
3699-175950-0012_0,"['SNR: 0']"
4195-186237-0006_10,"['SNR: 10']"
8238-274553-0013_-5,"['SNR: -5']"
8425-287387-0002_3,"['SNR: 3']"
5652-39938-0010_5,"['SNR: 5']"
1624-168623-0023_-2,"['SNR: -2']"
200-124140-0015_-9,"['SNR: -9']"
83-11691-0031_-10,"['SNR: -10']"
481-123719-0015_-6,"['SNR: -6']"
1246-124548-0004_-3,"['SNR: -3']"
4088-158077-0097_10,"['SNR: 10']"
5750-35690-0020_1,"['SNR: 1']"
5339-14134-0020_-13,"['SNR: -13']"
1246-135815-0008_-11,"['SNR: -11']"
458-126305-0030_3,"['SNR: 3']"
1069-133709-0035_-5,"['SNR: -5']"
3983-5331-0028_4,"['SNR: 4']"
1963-142393-0001_-10,"['SNR: -10']"
39-121916-0031_-1,"['SNR: -1']"
1737-142396-0010_-13,"['SNR: -13']"
5688-41232-0069_5,"['SNR: 5']"
8123-275209-0009_-5,"['SNR: -5']"
6367-74004-0010_2,"['SNR: 2']"
3664-178366-0032_-7,"['SNR: -7']"
322-124147-0017_9,"['SNR: 9']"
1081-128618-0009_-14,"['SNR: -14']"
374-180298-0002_-4,"['SNR: -4']"
4640-19189-0009_-13,"['SNR: -13']"
6181-216552-0041_1,"['SNR: 1']"
6818-76332-0008_-1,"['SNR: -1']"
6078-54013-0049_-14,"['SNR: -14']"
8324-286683-0013_5,"['SNR: 5']"
2893-139310-0000_0,"['SNR: 0']"
6529-62556-0044_-8,"['SNR: -8']"
3983-5371-0053_-12,"['SNR: -12']"
1081-125237-0031_-15,"['SNR: -15']"
2416-152139-0045_4,"['SNR: 4']"
5163-39921-0038_-9,"['SNR: -9']"
5703-47198-0047_5,"['SNR: 5']"
8629-261140-0023_-11,"['SNR: -11']"
3486-166424-0071_7,"['SNR: 7']"
6000-55211-0046_-9,"['SNR: -9']"
1235-135884-0002_5,"['SNR: 5']"
6367-65536-0000_-12,"['SNR: -12']"
307-127535-0009_-1,"['SNR: -1']"
4397-15666-0014_9,"['SNR: 9']"
1898-145724-0025_-8,"['SNR: -8']"
1447-130550-0024_-14,"['SNR: -14']"
4137-11702-0022_5,"['SNR: 5']"
26-495-0055_-10,"['SNR: -10']"
1926-147979-0008_9,"['SNR: 9']"
1116-137572-0000_5,"['SNR: 5']"
3664-178355-0016_1,"['SNR: 1']"
4406-16883-0014_-5,"['SNR: -5']"
4853-27670-0022_8,"['SNR: 8']"
3242-8112-0013_-3,"['SNR: -3']"
2196-170151-0027_-1,"['SNR: -1']"
6272-70168-0010_-7,"['SNR: -7']"
1737-148989-0000_4,"['SNR: 4']"
5339-14134-0038_10,"['SNR: 10']"
39-121916-0008_-12,"['SNR: -12']"
8014-112602-0018_9,"['SNR: 9']"
6081-41998-0008_10,"['SNR: 10']"
426-122821-0037_-13,"['SNR: -13']"
3214-167607-0030_3,"['SNR: 3']"
6818-68772-0040_-1,"['SNR: -1']"
445-123857-0023_-15,"['SNR: -15']"
4397-15678-0018_8,"['SNR: 8']"
8630-305213-0011_-12,"['SNR: -12']"
1970-26100-0006_-4,"['SNR: -4']"
8419-286676-0029_8,"['SNR: 8']"
328-129766-0017_4,"['SNR: 4']"
1898-145715-0019_-15,"['SNR: -15']"
4813-248638-0042_-14,"['SNR: -14']"
2893-139310-0018_-3,"['SNR: -3']"
4088-158077-0072_6,"['SNR: 6']"
6181-216552-0111_-14,"['SNR: -14']"
328-129766-0082_5,"['SNR: 5']"
446-123502-0023_8,"['SNR: 8']"
3857-182317-0001_-9,"['SNR: -9']"
7113-86041-0104_-2,"['SNR: -2']"
7078-271888-0094_5,"['SNR: 5']"
8098-275181-0001_-12,"['SNR: -12']"
163-122947-0021_9,"['SNR: 9']"
1116-132847-0027_-10,"['SNR: -10']"
6925-80680-0002_4,"['SNR: 4']"
4195-186238-0025_-6,"['SNR: -6']"
8312-279791-0009_-8,"['SNR: -8']"
625-132118-0004_-13,"['SNR: -13']"
3436-172171-0032_-3,"['SNR: -3']"
1594-135914-0033_10,"['SNR: 10']"
7402-90848-0013_-15,"['SNR: -15']"
2518-154825-0008_-5,"['SNR: -5']"
6000-86686-0010_-6,"['SNR: -6']"
3982-182255-0013_8,"['SNR: 8']"
2817-142380-0021_-5,"['SNR: -5']"
8468-294887-0013_-9,"['SNR: -9']"
4898-20016-0019_-2,"['SNR: -2']"
163-122947-0080_-7,"['SNR: -7']"
3723-171115-0030_-7,"['SNR: -7']"
7278-246956-0017_1,"['SNR: 1']"
1926-143879-0012_-9,"['SNR: -9']"
5049-25947-0080_2,"['SNR: 2']"
4214-7146-0053_-1,"['SNR: -1']"
2843-152918-0093_1,"['SNR: 1']"
3607-29116-0031_-9,"['SNR: -9']"
1594-135914-0056_6,"['SNR: 6']"
201-127786-0046_-13,"['SNR: -13']"
3723-171115-0051_-4,"['SNR: -4']"
909-131041-0031_0,"['SNR: 0']"
3259-158083-0117_3,"['SNR: 3']"
1088-134315-0055_-9,"['SNR: -9']"
5808-54425-0028_-1,"['SNR: -1']"
481-123720-0059_-7,"['SNR: -7']"
4813-248638-0021_0,"['SNR: 0']"
2911-12359-0008_-9,"['SNR: -9']"
289-121652-0024_4,"['SNR: 4']"
5163-39921-0052_3,"['SNR: 3']"
6147-34606-0002_-10,"['SNR: -10']"
1034-121119-0040_-15,"['SNR: -15']"
4088-158077-0025_-6,"['SNR: -6']"
118-124588-0007_4,"['SNR: 4']"
3168-173564-0016_1,"['SNR: 1']"
5463-39173-0025_1,"['SNR: 1']"
4267-78186-0003_-9,"['SNR: -9']"
8226-274369-0018_2,"['SNR: 2']"
403-126855-0022_-10,"['SNR: -10']"
8095-274348-0013_10,"['SNR: 10']"
6081-41997-0004_-14,"['SNR: -14']"
39-121914-0045_7,"['SNR: 7']"
2391-145015-0121_1,"['SNR: 1']"
2893-139322-0034_-9,"['SNR: -9']"
5390-30102-0014_-6,"['SNR: -6']"
1578-6379-0031_10,"['SNR: 10']"
1363-135842-0031_6,"['SNR: 6']"
1363-135842-0014_-2,"['SNR: -2']"
19-227-0010_-13,"['SNR: -13']"
7859-102518-0016_-11,"['SNR: -11']"
426-122822-0021_-4,"['SNR: -4']"
4680-16026-0000_9,"['SNR: 9']"
7226-86964-0040_7,"['SNR: 7']"
2289-152258-0021_-7,"['SNR: -7']"
7517-100437-0016_6,"['SNR: 6']"
6367-74004-0035_6,"['SNR: 6']"
2002-139469-0029_-8,"['SNR: -8']"
4640-19187-0027_-11,"['SNR: -11']"
2416-152139-0007_-12,"['SNR: -12']"
3242-8112-0010_7,"['SNR: 7']"
7517-100429-0025_4,"['SNR: 4']"
125-121124-0007_-3,"['SNR: -3']"
8123-275193-0008_0,"['SNR: 0']"
4788-91208-0002_8,"['SNR: 8']"
6367-74004-0021_4,"['SNR: 4']"
200-124139-0038_-4,"['SNR: -4']"
911-128684-0004_7,"['SNR: 7']"
6415-100596-0019_8,"['SNR: 8']"
839-130898-0097_-15,"['SNR: -15']"
1737-142397-0011_7,"['SNR: 7']"
332-128985-0044_-9,"['SNR: -9']"
4898-28461-0027_-14,"['SNR: -14']"
4481-17499-0021_-13,"['SNR: -13']"
6147-34607-0011_0,"['SNR: 0']"
248-130644-0014_-9,"['SNR: -9']"
298-126790-0043_-13,"['SNR: -13']"
4441-76262-0013_-10,"['SNR: -10']"
1034-121119-0009_1,"['SNR: 1']"
8468-286673-0040_2,"['SNR: 2']"
4014-186175-0027_-13,"['SNR: -13']"
250-142276-0034_4,"['SNR: 4']"
1737-148989-0032_0,"['SNR: 0']"
6000-55211-0036_-8,"['SNR: -8']"
2518-154826-0017_-5,"['SNR: -5']"
7067-76047-0015_-2,"['SNR: -2']"
4813-248641-0046_-11,"['SNR: -11']"
163-122947-0006_-7,"['SNR: -7']"
5514-19192-0008_-4,"['SNR: -4']"
2436-2476-0038_9,"['SNR: 9']"
1841-179183-0011_-7,"['SNR: -7']"
4853-27670-0028_4,"['SNR: 4']"
7800-283478-0015_-13,"['SNR: -13']"
8838-298546-0037_7,"['SNR: 7']"
445-123857-0001_4,"['SNR: 4']"
6415-111615-0033_-14,"['SNR: -14']"
2196-170379-0030_2,"['SNR: 2']"
8108-280359-0005_-4,"['SNR: -4']"
1183-133256-0003_2,"['SNR: 2']"
8629-261140-0006_3,"['SNR: 3']"
5778-12761-0047_-8,"['SNR: -8']"
196-122159-0032_-8,"['SNR: -8']"
4830-25898-0040_8,"['SNR: 8']"
307-127535-0014_1,"['SNR: 1']"
2391-145015-0064_4,"['SNR: 4']"
5561-39621-0027_-8,"['SNR: -8']"
332-128985-0040_4,"['SNR: 4']"
6064-56165-0032_-8,"['SNR: -8']"
8312-279791-0011_9,"['SNR: 9']"
3526-175658-0008_-7,"['SNR: -7']"
6147-34605-0036_-13,"['SNR: -13']"
1743-142914-0018_6,"['SNR: 6']"
2764-36619-0028_6,"['SNR: 6']"
1578-140045-0007_-10,"['SNR: -10']"
7402-90848-0006_-1,"['SNR: -1']"
5561-41616-0013_1,"['SNR: 1']"
32-21634-0012_-4,"['SNR: -4']"
83-9960-0046_-8,"['SNR: -8']"
3664-178366-0007_-14,"['SNR: -14']"
5778-12761-0033_9,"['SNR: 9']"
163-122947-0096_-10,"['SNR: -10']"
6000-55211-0053_5,"['SNR: 5']"
8312-279790-0025_-12,"['SNR: -12']"
8226-274371-0002_9,"['SNR: 9']"
307-127535-0045_-5,"['SNR: -5']"
4297-13006-0012_2,"['SNR: 2']"
7148-82991-0016_-14,"['SNR: -14']"
1594-135914-0067_-15,"['SNR: -15']"
4441-76250-0030_-5,"['SNR: -5']"
6367-65536-0055_-9,"['SNR: -9']"
4640-19188-0026_-3,"['SNR: -3']"
8797-294123-0041_-4,"['SNR: -4']"
5867-48852-0096_3,"['SNR: 3']"
1081-125237-0068_-7,"['SNR: -7']"
8838-298545-0003_-1,"['SNR: -1']"
3807-4955-0014_-11,"['SNR: -11']"
3982-182255-0014_-6,"['SNR: -6']"
83-9960-0043_-8,"['SNR: -8']"
4813-248638-0022_1,"['SNR: 1']"
5049-25947-0108_-4,"['SNR: -4']"
6078-54013-0022_2,"['SNR: 2']"
5192-19397-0081_10,"['SNR: 10']"
8465-246940-0021_-13,"['SNR: -13']"
254-12312-0004_10,"['SNR: 10']"
2893-139310-0003_1,"['SNR: 1']"
7067-76047-0017_-10,"['SNR: -10']"
1867-148436-0031_5,"['SNR: 5']"
2764-36617-0036_1,"['SNR: 1']"
730-359-0017_4,"['SNR: 4']"
32-4137-0017_0,"['SNR: 0']"
831-130739-0050_-13,"['SNR: -13']"
2416-152137-0023_-7,"['SNR: -7']"
163-121908-0005_-2,"['SNR: -2']"
6836-61803-0028_-6,"['SNR: -6']"
6454-93938-0003_-10,"['SNR: -10']"
6209-34600-0018_-8,"['SNR: -8']"
125-121342-0003_-7,"['SNR: -7']"
5322-7679-0007_-11,"['SNR: -11']"
3168-173564-0012_7,"['SNR: 7']"
3259-158083-0026_-10,"['SNR: -10']"
8747-293952-0065_10,"['SNR: 10']"
909-131041-0013_-12,"['SNR: -12']"
328-129766-0038_-4,"['SNR: -4']"
696-92939-0024_-7,"['SNR: -7']"
5163-39921-0005_2,"['SNR: 2']"
3947-13262-0046_-10,"['SNR: -10']"
83-9960-0045_10,"['SNR: 10']"
2182-181183-0019_-15,"['SNR: -15']"
2691-156745-0007_0,"['SNR: 0']"
5390-30102-0010_4,"['SNR: 4']"
7226-86964-0000_8,"['SNR: 8']"
4788-91208-0015_-11,"['SNR: -11']"
8014-112602-0016_8,"['SNR: 8']"
1098-133695-0021_-3,"['SNR: -3']"
5561-41615-0011_9,"['SNR: 9']"
6181-216552-0065_3,"['SNR: 3']"
3112-9555-0036_-13,"['SNR: -13']"
8014-112602-0026_0,"['SNR: 0']"
7278-104730-0009_-3,"['SNR: -3']"
441-130108-0027_-12,"['SNR: -12']"
6081-41998-0004_-3,"['SNR: -3']"
3699-47246-0018_7,"['SNR: 7']"
8108-274318-0008_-13,"['SNR: -13']"
1624-142933-0015_-12,"['SNR: -12']"
8747-293952-0016_4,"['SNR: 4']"
4267-72637-0030_9,"['SNR: 9']"
7113-86041-0005_-1,"['SNR: -1']"
1263-139804-0006_-7,"['SNR: -7']"
5652-39938-0017_-15,"['SNR: -15']"
229-130880-0000_-4,"['SNR: -4']"
1235-135883-0044_-3,"['SNR: -3']"
4018-103416-0010_-1,"['SNR: -1']"
196-122152-0023_-6,"['SNR: -6']"
8419-293473-0003_-11,"['SNR: -11']"
6415-100596-0024_8,"['SNR: 8']"
1455-138263-0056_7,"['SNR: 7']"
4397-15668-0005_0,"['SNR: 0']"
6147-34605-0034_6,"['SNR: 6']"
2159-179157-0003_3,"['SNR: 3']"
4018-107312-0030_7,"['SNR: 7']"
2182-181173-0010_-11,"['SNR: -11']"
2514-149482-0065_-9,"['SNR: -9']"
3699-19402-0011_-10,"['SNR: -10']"
4267-72637-0011_-4,"['SNR: -4']"
4018-103416-0025_-1,"['SNR: -1']"
32-4137-0050_-1,"['SNR: -1']"
8238-274553-0072_1,"['SNR: 1']"
1246-135815-0017_-8,"['SNR: -8']"
1355-39947-0077_-7,"['SNR: -7']"
3607-135982-0026_4,"['SNR: 4']"
8975-270782-0069_-9,"['SNR: -9']"
1578-140049-0003_-15,"['SNR: -15']"
8324-286682-0026_9,"['SNR: 9']"
7302-86814-0007_10,"['SNR: 10']"
2893-139310-0046_9,"['SNR: 9']"
587-54108-0049_-14,"['SNR: -14']"
6415-111615-0019_1,"['SNR: 1']"
405-130894-0027_-3,"['SNR: -3']"
6563-285357-0020_-11,"['SNR: -11']"
5678-43302-0021_-12,"['SNR: -12']"
322-124146-0017_-5,"['SNR: -5']"
5393-19219-0043_2,"['SNR: 2']"
441-130108-0033_-15,"['SNR: -15']"
7635-105409-0012_-13,"['SNR: -13']"
1034-121119-0013_1,"['SNR: 1']"
7517-100437-0004_-12,"['SNR: -12']"
6147-34605-0023_9,"['SNR: 9']"
4160-11550-0020_-15,"['SNR: -15']"
83-11691-0022_-13,"['SNR: -13']"
7113-86041-0054_2,"['SNR: 2']"
5393-19219-0047_-2,"['SNR: -2']"
374-180299-0012_-6,"['SNR: -6']"
1235-135887-0031_2,"['SNR: 2']"
87-121553-0046_-15,"['SNR: -15']"
3168-173564-0027_1,"['SNR: 1']"
3699-19402-0030_-10,"['SNR: -10']"
1737-148989-0035_0,"['SNR: 0']"
5163-18515-0024_6,"['SNR: 6']"
4297-13009-0013_4,"['SNR: 4']"
2182-150130-0000_3,"['SNR: 3']"
3440-171009-0071_-10,"['SNR: -10']"
311-124404-0088_-5,"['SNR: -5']"
5561-41615-0014_9,"['SNR: 9']"
211-122442-0066_4,"['SNR: 4']"
1553-140048-0005_-14,"['SNR: -14']"
3830-12531-0017_-5,"['SNR: -5']"
4898-28461-0030_-9,"['SNR: -9']"
6531-61334-0046_-9,"['SNR: -9']"
6019-3185-0011_-7,"['SNR: -7']"
8465-246940-0010_-12,"['SNR: -12']"
2159-179154-0004_5,"['SNR: 5']"
2817-142371-0043_-10,"['SNR: -10']"
4859-22176-0013_-8,"['SNR: -8']"
7367-86737-0050_-9,"['SNR: -9']"
2092-145706-0015_5,"['SNR: 5']"
8629-261139-0072_8,"['SNR: 8']"
7517-100442-0031_-15,"['SNR: -15']"
4214-7146-0045_4,"['SNR: 4']"
8580-287364-0037_9,"['SNR: 9']"
8838-298546-0052_-6,"['SNR: -6']"
4830-25898-0045_1,"['SNR: 1']"
887-123290-0018_3,"['SNR: 3']"
1970-10594-0002_-15,"['SNR: -15']"
2518-154825-0021_10,"['SNR: 10']"
8770-295462-0010_4,"['SNR: 4']"
1963-142393-0049_6,"['SNR: 6']"
587-54108-0057_9,"['SNR: 9']"
1502-122615-0010_-6,"['SNR: -6']"
7113-86041-0010_8,"['SNR: 8']"
298-126791-0064_1,"['SNR: 1']"
8629-261139-0015_-2,"['SNR: -2']"
2002-139469-0092_-15,"['SNR: -15']"
2436-2477-0026_-7,"['SNR: -7']"
8095-274348-0009_-4,"['SNR: -4']"
307-127539-0018_-5,"['SNR: -5']"
5514-19193-0030_-15,"['SNR: -15']"
298-126791-0016_0,"['SNR: 0']"
7517-100429-0014_-14,"['SNR: -14']"
4267-72637-0024_1,"['SNR: 1']"
8468-286673-0038_-13,"['SNR: -13']"
8425-292520-0015_-3,"['SNR: -3']"
6563-63821-0022_8,"['SNR: 8']"
1081-125237-0040_-13,"['SNR: -13']"
2436-2476-0001_1,"['SNR: 1']"
4640-19189-0034_-7,"['SNR: -7']"
2952-410-0034_2,"['SNR: 2']"
1502-122615-0007_-13,"['SNR: -13']"
1867-154075-0038_6,"['SNR: 6']"
8419-286676-0015_9,"['SNR: 9']"
201-127786-0078_7,"['SNR: 7']"
211-122442-0074_3,"['SNR: 3']"
3374-298025-0026_-15,"['SNR: -15']"
6880-216547-0075_7,"['SNR: 7']"
374-180299-0023_-15,"['SNR: -15']"
6078-54007-0050_-4,"['SNR: -4']"
6181-216552-0070_9,"['SNR: 9']"
5022-29411-0044_-9,"['SNR: -9']"
3723-171631-0057_9,"['SNR: 9']"
8095-274346-0052_-14,"['SNR: -14']"
6848-252323-0039_-14,"['SNR: -14']"
7178-34644-0075_7,"['SNR: 7']"
5561-41616-0032_-4,"['SNR: -4']"
6476-57446-0048_2,"['SNR: 2']"
6848-76049-0026_7,"['SNR: 7']"
8629-261139-0018_0,"['SNR: 0']"
3235-28452-0031_6,"['SNR: 6']"
8051-119902-0033_5,"['SNR: 5']"
3168-173565-0056_-9,"['SNR: -9']"
8465-246942-0022_-4,"['SNR: -4']"
7511-102420-0044_-5,"['SNR: -5']"
6476-57446-0050_7,"['SNR: 7']"
6848-252323-0013_4,"['SNR: 4']"
8095-274345-0035_3,"['SNR: 3']"
3240-131231-0010_-14,"['SNR: -14']"
6454-93938-0009_-2,"['SNR: -2']"
201-122255-0032_2,"['SNR: 2']"
125-121124-0059_9,"['SNR: 9']"
226-131532-0019_3,"['SNR: 3']"
1737-142397-0035_-5,"['SNR: -5']"
7780-274562-0105_0,"['SNR: 0']"
3374-298026-0004_-6,"['SNR: -6']"
211-122442-0058_-13,"['SNR: -13']"
7800-283493-0016_-4,"['SNR: -4']"
6415-100596-0032_-13,"['SNR: -13']"
7067-76047-0042_6,"['SNR: 6']"
233-155990-0020_-15,"['SNR: -15']"
887-123290-0009_3,"['SNR: 3']"
3112-9555-0020_-5,"['SNR: -5']"
7078-271888-0057_-1,"['SNR: -1']"
3526-175658-0031_-15,"['SNR: -15']"
163-122947-0085_-14,"['SNR: -14']"
8108-280359-0008_4,"['SNR: 4']"
3440-171009-0046_-4,"['SNR: -4']"
322-124147-0010_-6,"['SNR: -6']"
6272-70171-0033_8,"['SNR: 8']"
7078-271888-0103_-9,"['SNR: -9']"
2289-152253-0014_-14,"['SNR: -14']"
4195-186238-0027_-11,"['SNR: -11']"
7278-104730-0023_-2,"['SNR: -2']"
3486-166424-0020_-6,"['SNR: -6']"
5322-7680-0024_0,"['SNR: 0']"
7794-295948-0004_-4,"['SNR: -4']"
311-124404-0071_-4,"['SNR: -4']"
405-130894-0040_-9,"['SNR: -9']"
103-1240-0013_7,"['SNR: 7']"
3664-11714-0015_-3,"['SNR: -3']"
1898-145715-0001_6,"['SNR: 6']"
839-130898-0043_-1,"['SNR: -1']"
5808-48608-0058_4,"['SNR: 4']"
7402-59171-0027_2,"['SNR: 2']"
4859-26870-0020_3,"['SNR: 3']"
3436-172162-0001_-3,"['SNR: -3']"
2136-5140-0021_-7,"['SNR: -7']"
6454-107462-0003_-3,"['SNR: -3']"
2436-2477-0015_-9,"['SNR: -9']"
3879-174923-0023_-12,"['SNR: -12']"
289-121652-0026_-1,"['SNR: -1']"
669-129061-0042_-6,"['SNR: -6']"
5703-47198-0058_-15,"['SNR: -15']"
200-126784-0007_3,"['SNR: 3']"
1455-138263-0054_-11,"['SNR: -11']"
8238-274553-0026_6,"['SNR: 6']"
4214-7146-0029_8,"['SNR: 8']"
4830-25904-0025_3,"['SNR: 3']"
7226-86964-0028_6,"['SNR: 6']"
3486-166424-0045_-5,"['SNR: -5']"
8975-270782-0085_1,"['SNR: 1']"
426-122819-0016_2,"['SNR: 2']"
8312-279790-0030_-13,"['SNR: -13']"
26-495-0000_3,"['SNR: 3']"
254-27760-0026_-9,"['SNR: -9']"
6367-65536-0067_5,"['SNR: 5']"
4788-294466-0017_-3,"['SNR: -3']"
3664-178355-0003_4,"['SNR: 4']"
7635-105661-0017_8,"['SNR: 8']"
7278-104730-0029_-11,"['SNR: -11']"
103-1240-0055_-13,"['SNR: -13']"
1040-133433-0077_-11,"['SNR: -11']"
8425-246962-0014_-14,"['SNR: -14']"
5688-41232-0003_3,"['SNR: 3']"
3486-166424-0056_-14,"['SNR: -14']"
211-122425-0078_0,"['SNR: 0']"
1624-142933-0042_-15,"['SNR: -15']"
8088-284756-0080_-3,"['SNR: -3']"
460-172359-0030_-4,"['SNR: -4']"
2436-2476-0005_-9,"['SNR: -9']"
2836-5355-0007_-13,"['SNR: -13']"
233-155990-0014_4,"['SNR: 4']"
3486-166424-0042_-10,"['SNR: -10']"
6019-3185-0098_8,"['SNR: 8']"
3259-158083-0105_9,"['SNR: 9']"
322-124146-0023_4,"['SNR: 4']"
1992-141719-0044_-8,"['SNR: -8']"
8465-246940-0001_-13,"['SNR: -13']"
1594-135914-0075_-3,"['SNR: -3']"
7226-86965-0022_-2,"['SNR: -2']"
1723-141149-0033_-3,"['SNR: -3']"
1455-134435-0002_-5,"['SNR: -5']"
887-123289-0030_-8,"['SNR: -8']"
2817-142371-0004_-2,"['SNR: -2']"
1235-135883-0049_2,"['SNR: 2']"
831-130746-0047_-9,"['SNR: -9']"
60-121082-0047_-13,"['SNR: -13']"
1743-142913-0025_2,"['SNR: 2']"
8226-274371-0036_1,"['SNR: 1']"
8063-274112-0027_-12,"['SNR: -12']"
4137-11701-0050_6,"['SNR: 6']"
4406-16882-0059_-9,"['SNR: -9']"
405-130894-0053_3,"['SNR: 3']"
8051-295385-0032_3,"['SNR: 3']"
3168-173565-0048_-10,"['SNR: -10']"
5652-19215-0043_8,"['SNR: 8']"
5678-43302-0022_-11,"['SNR: -11']"
226-131533-0022_-9,"['SNR: -9']"
8838-298546-0053_-12,"['SNR: -12']"
6437-66172-0044_-3,"['SNR: -3']"
1088-134315-0038_-11,"['SNR: -11']"
298-126790-0044_-13,"['SNR: -13']"
441-128988-0005_6,"['SNR: 6']"
311-124404-0041_10,"['SNR: 10']"
5322-7679-0026_-9,"['SNR: -9']"
2514-149482-0104_3,"['SNR: 3']"
4014-186176-0022_-9,"['SNR: -9']"
403-128339-0008_3,"['SNR: 3']"
1867-154071-0041_-15,"['SNR: -15']"
6000-55211-0007_-5,"['SNR: -5']"
403-126855-0006_-15,"['SNR: -15']"
2893-139322-0000_6,"['SNR: 6']"
4014-186179-0017_7,"['SNR: 7']"
1040-133433-0066_-4,"['SNR: -4']"
1594-135914-0002_-1,"['SNR: -1']"
4014-186176-0033_7,"['SNR: 7']"
7190-90543-0015_10,"['SNR: 10']"
4297-13009-0010_-1,"['SNR: -1']"
4481-17499-0045_4,"['SNR: 4']"
7148-82991-0002_3,"['SNR: 3']"
7859-102519-0054_-7,"['SNR: -7']"
8629-261139-0010_-6,"['SNR: -6']"
4018-107338-0002_1,"['SNR: 1']"
5778-12761-0035_8,"['SNR: 8']"
1363-135842-0000_-2,"['SNR: -2']"
1926-143879-0018_-11,"['SNR: -11']"
8838-298545-0048_6,"['SNR: 6']"
446-123502-0020_7,"['SNR: 7']"
1455-134435-0016_-12,"['SNR: -12']"
7078-271888-0069_-13,"['SNR: -13']"
250-142276-0004_9,"['SNR: 9']"
1246-135815-0009_7,"['SNR: 7']"
5867-48852-0067_-15,"['SNR: -15']"
5390-30102-0022_3,"['SNR: 3']"
3947-13262-0033_-13,"['SNR: -13']"
2911-12359-0016_3,"['SNR: 3']"
40-222-0022_-10,"['SNR: -10']"
8123-275193-0004_-7,"['SNR: -7']"
3486-166446-0000_0,"['SNR: 0']"
3526-176653-0003_4,"['SNR: 4']"
26-495-0020_-4,"['SNR: -4']"
1088-134315-0015_-14,"['SNR: -14']"
4362-15663-0075_-13,"['SNR: -13']"
1040-133433-0033_-15,"['SNR: -15']"
7505-258964-0041_8,"['SNR: 8']"
233-134440-0039_9,"['SNR: 9']"
5339-14133-0029_-13,"['SNR: -13']"
3807-4955-0028_-10,"['SNR: -10']"
3830-12530-0001_-1,"['SNR: -1']"
911-128684-0081_-12,"['SNR: -12']"
3440-171009-0075_0,"['SNR: 0']"
6818-68772-0029_-11,"['SNR: -11']"
839-130898-0013_3,"['SNR: 3']"
233-134440-0023_-11,"['SNR: -11']"
5750-35690-0021_-3,"['SNR: -3']"
1263-138246-0017_2,"['SNR: 2']"
8226-274371-0053_-8,"['SNR: -8']"
2159-179154-0022_-4,"['SNR: -4']"
289-121665-0024_-7,"['SNR: -7']"
2910-131096-0053_10,"['SNR: 10']"
5192-19397-0079_6,"['SNR: 6']"
8063-274115-0030_5,"['SNR: 5']"
8465-246942-0027_5,"['SNR: 5']"
8465-246943-0001_-3,"['SNR: -3']"
3879-174923-0047_-6,"['SNR: -6']"
229-130880-0023_-3,"['SNR: -3']"
1263-138246-0014_-6,"['SNR: -6']"
2952-407-0027_-3,"['SNR: -3']"
2196-170379-0031_2,"['SNR: 2']"
7226-86965-0004_-3,"['SNR: -3']"
6064-56168-0021_-6,"['SNR: -6']"
8108-274318-0013_2,"['SNR: 2']"
3235-28452-0023_-3,"['SNR: -3']"
196-122150-0009_-11,"['SNR: -11']"
3807-4923-0028_-4,"['SNR: -4']"
2384-152900-0080_-7,"['SNR: -7']"
4406-16883-0016_7,"['SNR: 7']"
2159-179156-0007_8,"['SNR: 8']"
87-121553-0099_-13,"['SNR: -13']"
4830-25898-0055_-4,"['SNR: -4']"
669-129061-0008_-9,"['SNR: -9']"
2952-408-0007_-5,"['SNR: -5']"
5561-41615-0007_8,"['SNR: 8']"
2002-139469-0107_-5,"['SNR: -5']"
1926-143879-0032_10,"['SNR: 10']"
4137-11702-0055_1,"['SNR: 1']"
1116-132851-0021_-13,"['SNR: -13']"
3242-67168-0032_8,"['SNR: 8']"
6272-70171-0005_-8,"['SNR: -8']"
302-123523-0019_2,"['SNR: 2']"
2436-2477-0024_-13,"['SNR: -13']"
8630-305212-0021_5,"['SNR: 5']"
3983-5371-0045_-15,"['SNR: -15']"
248-130697-0020_10,"['SNR: 10']"
1116-137572-0004_8,"['SNR: 8']"
332-128985-0045_-15,"['SNR: -15']"
125-121124-0009_2,"['SNR: 2']"
7226-86965-0036_7,"['SNR: 7']"
2911-15045-0013_0,"['SNR: 0']"
7302-86815-0023_8,"['SNR: 8']"
5339-14134-0051_3,"['SNR: 3']"
89-219-0051_-13,"['SNR: -13']"
1578-6379-0015_-1,"['SNR: -1']"
6181-216552-0100_5,"['SNR: 5']"
1898-145724-0018_-4,"['SNR: -4']"
1183-133255-0002_5,"['SNR: 5']"
1737-142397-0007_8,"['SNR: 8']"
8051-119902-0004_-12,"['SNR: -12']"
6437-66173-0054_-8,"['SNR: -8']"
118-121721-0000_-14,"['SNR: -14']"
6272-70168-0030_-11,"['SNR: -11']"
5750-100289-0046_-3,"['SNR: -3']"
1355-39947-0013_-1,"['SNR: -1']"
8465-246942-0009_-4,"['SNR: -4']"
6880-216547-0049_3,"['SNR: 3']"
8797-294123-0038_-5,"['SNR: -5']"
1246-124548-0008_0,"['SNR: 0']"
5703-47212-0017_0,"['SNR: 0']"
4859-26870-0024_-11,"['SNR: -11']"
4362-15663-0038_-1,"['SNR: -1']"
248-130697-0028_1,"['SNR: 1']"
87-121553-0061_-7,"['SNR: -7']"
6081-41997-0022_-12,"['SNR: -12']"
7226-86964-0048_-12,"['SNR: -12']"
6454-93938-0004_-8,"['SNR: -8']"
2416-152139-0067_7,"['SNR: 7']"
3240-131231-0066_-5,"['SNR: -5']"
7278-91083-0039_-8,"['SNR: -8']"
201-122255-0012_-6,"['SNR: -6']"
1183-128659-0007_-5,"['SNR: -5']"
1970-10594-0006_-11,"['SNR: -11']"
328-129766-0080_-14,"['SNR: -14']"
8051-295385-0018_-11,"['SNR: -11']"
5192-19397-0074_10,"['SNR: 10']"
441-128982-0010_-1,"['SNR: -1']"
8051-118101-0022_-4,"['SNR: -4']"
5703-47212-0047_-15,"['SNR: -15']"
5688-41232-0012_2,"['SNR: 2']"
6818-76332-0044_-9,"['SNR: -9']"
1992-141719-0055_2,"['SNR: 2']"
2384-152900-0030_0,"['SNR: 0']"
5703-47212-0008_-13,"['SNR: -13']"
4813-248638-0051_6,"['SNR: 6']"
7264-92316-0021_3,"['SNR: 3']"
6836-76549-0015_7,"['SNR: 7']"
5049-25947-0118_4,"['SNR: 4']"
229-130880-0061_1,"['SNR: 1']"
226-131533-0020_10,"['SNR: 10']"
8312-279791-0028_7,"['SNR: 7']"
2764-36619-0019_10,"['SNR: 10']"
3699-47246-0013_10,"['SNR: 10']"
2893-139310-0016_-4,"['SNR: -4']"
8088-284756-0019_-14,"['SNR: -14']"
1246-124550-0003_-2,"['SNR: -2']"
1455-134435-0071_10,"['SNR: 10']"
289-121652-0010_3,"['SNR: 3']"
2514-149482-0013_-3,"['SNR: -3']"
32-4137-0023_-2,"['SNR: -2']"
302-123523-0028_-15,"['SNR: -15']"
2092-145706-0042_8,"['SNR: 8']"
4441-76262-0031_5,"['SNR: 5']"
8238-283452-0015_-2,"['SNR: -2']"
1578-6379-0037_3,"['SNR: 3']"
5463-39173-0024_-1,"['SNR: -1']"
3436-172171-0053_1,"['SNR: 1']"
32-21625-0017_0,"['SNR: 0']"
6563-285357-0002_10,"['SNR: 10']"
5808-54425-0038_3,"['SNR: 3']"
8797-294123-0032_-13,"['SNR: -13']"
2893-139322-0004_-7,"['SNR: -7']"
8123-275193-0015_-3,"['SNR: -3']"
1926-143879-0009_-13,"['SNR: -13']"
2196-174172-0027_3,"['SNR: 3']"
1235-135883-0016_5,"['SNR: 5']"
7264-92316-0041_-10,"['SNR: -10']"
6181-216552-0047_-8,"['SNR: -8']"
8747-293952-0041_1,"['SNR: 1']"
8088-284756-0007_-4,"['SNR: -4']"
5163-18515-0029_-4,"['SNR: -4']"
3830-12530-0019_4,"['SNR: 4']"
4788-94904-0034_-7,"['SNR: -7']"
460-172357-0021_5,"['SNR: 5']"
4088-158077-0075_-2,"['SNR: -2']"
1246-124548-0041_0,"['SNR: 0']"
5322-7678-0018_-10,"['SNR: -10']"
1034-121119-0005_3,"['SNR: 3']"
2952-407-0006_-5,"['SNR: -5']"
5703-47212-0028_10,"['SNR: 10']"
250-142276-0009_-1,"['SNR: -1']"
6147-34607-0026_3,"['SNR: 3']"
6367-65536-0061_3,"['SNR: 3']"
587-41611-0019_5,"['SNR: 5']"
248-130652-0032_-9,"['SNR: -9']"
6529-62556-0010_-5,"['SNR: -5']"
5867-48852-0051_2,"['SNR: 2']"
6147-34607-0040_4,"['SNR: 4']"
8098-278278-0035_-11,"['SNR: -11']"
2518-154826-0038_1,"['SNR: 1']"
6367-65536-0018_6,"['SNR: 6']"
3879-174923-0017_-6,"['SNR: -6']"
2436-2481-0019_-11,"['SNR: -11']"
1992-141719-0019_-2,"['SNR: -2']"
4853-29413-0021_6,"['SNR: 6']"
6415-111615-0006_8,"['SNR: 8']"
87-121553-0056_-12,"['SNR: -12']"
311-124404-0106_-10,"['SNR: -10']"
2764-36616-0037_0,"['SNR: 0']"
2391-145015-0024_10,"['SNR: 10']"
3440-171009-0058_-14,"['SNR: -14']"
6818-76332-0029_0,"['SNR: 0']"
1743-142912-0026_-4,"['SNR: -4']"
441-128982-0009_4,"['SNR: 4']"
1246-135815-0000_-3,"['SNR: -3']"
460-172359-0075_-1,"['SNR: -1']"
1334-135589-0020_-4,"['SNR: -4']"
2691-156745-0034_-10,"['SNR: -10']"
8226-274369-0053_-7,"['SNR: -7']"
2836-5355-0014_-6,"['SNR: -6']"
233-134440-0027_5,"['SNR: 5']"
1183-128659-0000_-5,"['SNR: -5']"
7447-91187-0004_4,"['SNR: 4']"
1867-148436-0038_-2,"['SNR: -2']"
78-369-0044_8,"['SNR: 8']"
2691-156745-0040_9,"['SNR: 9']"
5022-29411-0062_-5,"['SNR: -5']"
2989-138028-0053_8,"['SNR: 8']"
1088-134315-0003_-4,"['SNR: -4']"
6848-252323-0007_-7,"['SNR: -7']"
5867-48852-0006_-10,"['SNR: -10']"
4898-28461-0045_10,"['SNR: 10']"
6476-57446-0022_4,"['SNR: 4']"
2182-181183-0008_0,"['SNR: 0']"
3664-178355-0007_7,"['SNR: 7']"
3983-5371-0033_-12,"['SNR: -12']"
8063-274117-0017_2,"['SNR: 2']"
78-369-0001_-4,"['SNR: -4']"
6437-66173-0004_-7,"['SNR: -7']"
8226-274371-0033_-9,"['SNR: -9']"
163-122947-0045_7,"['SNR: 7']"
4195-17507-0041_0,"['SNR: 0']"
1334-135589-0084_-3,"['SNR: -3']"
1334-135589-0081_7,"['SNR: 7']"
7067-76047-0047_-8,"['SNR: -8']"
5463-39173-0012_6,"['SNR: 6']"
3240-131232-0035_7,"['SNR: 7']"
8747-293952-0050_-12,"['SNR: -12']"
2836-5355-0045_-13,"['SNR: -13']"
1624-142933-0045_-6,"['SNR: -6']"
6081-42010-0008_-6,"['SNR: -6']"
4160-14187-0024_-13,"['SNR: -13']"
3242-67168-0015_5,"['SNR: 5']"
5049-25947-0012_-7,"['SNR: -7']"
5514-19192-0007_3,"['SNR: 3']"
3879-173592-0034_0,"['SNR: 0']"
5104-33407-0002_1,"['SNR: 1']"
5688-41232-0068_8,"['SNR: 8']"
3947-13262-0041_1,"['SNR: 1']"
4898-28461-0004_-7,"['SNR: -7']"
89-218-0020_-6,"['SNR: -6']"
7078-271888-0000_-2,"['SNR: -2']"
6563-63821-0014_4,"['SNR: 4']"
8108-280359-0010_-7,"['SNR: -7']"
83-9960-0039_-6,"['SNR: -6']"
87-121553-0093_-5,"['SNR: -5']"
1116-137572-0052_-8,"['SNR: -8']"
839-130898-0095_1,"['SNR: 1']"
4640-19189-0037_3,"['SNR: 3']"
6925-80680-0011_0,"['SNR: 0']"
441-128982-0015_-6,"['SNR: -6']"
2764-36616-0035_-7,"['SNR: -7']"
7264-92310-0022_8,"['SNR: 8']"
8629-261139-0011_6,"['SNR: 6']"
696-93314-0051_4,"['SNR: 4']"
8797-294123-0002_-2,"['SNR: -2']"
254-27760-0034_9,"['SNR: 9']"
1081-128618-0006_-9,"['SNR: -9']"
87-121553-0095_-6,"['SNR: -6']"
7067-76047-0005_4,"['SNR: 4']"
5652-39938-0058_-3,"['SNR: -3']"
6081-41998-0005_3,"['SNR: 3']"
196-122159-0020_-7,"['SNR: -7']"
3259-158083-0056_-2,"['SNR: -2']"
19-227-0060_6,"['SNR: 6']"
460-172359-0065_-3,"['SNR: -3']"
6529-62554-0043_-1,"['SNR: -1']"
3168-173565-0060_9,"['SNR: 9']"
1246-124550-0028_4,"['SNR: 4']"
89-218-0033_-11,"['SNR: -11']"
1723-141149-0029_-5,"['SNR: -5']"
254-127705-0005_-6,"['SNR: -6']"
831-130746-0057_-11,"['SNR: -11']"
2910-131096-0063_-1,"['SNR: -1']"
2002-139469-0003_-1,"['SNR: -1']"
7302-86814-0036_-11,"['SNR: -11']"
8324-286681-0007_-6,"['SNR: -6']"
5688-15787-0010_8,"['SNR: 8']"
6476-57446-0019_-9,"['SNR: -9']"
150-126107-0005_-6,"['SNR: -6']"
3723-171115-0019_10,"['SNR: 10']"
3242-67168-0002_-3,"['SNR: -3']"
2182-181183-0025_1,"['SNR: 1']"
1624-168623-0032_1,"['SNR: 1']"
3723-171631-0042_-5,"['SNR: -5']"
8312-279790-0031_3,"['SNR: 3']"
4297-13006-0036_-4,"['SNR: -4']"
27-124992-0030_-3,"['SNR: -3']"
8609-262281-0021_7,"['SNR: 7']"
4297-13009-0041_-1,"['SNR: -1']"
4680-16041-0021_6,"['SNR: 6']"
6454-120342-0019_7,"['SNR: 7']"
909-131045-0007_-7,"['SNR: -7']"
1578-140045-0012_-2,"['SNR: -2']"
8123-275193-0012_-2,"['SNR: -2']"
5750-100289-0071_-3,"['SNR: -3']"
5104-33406-0034_-8,"['SNR: -8']"
322-124147-0060_-8,"['SNR: -8']"
5808-48608-0052_-7,"['SNR: -7']"
2092-145706-0007_3,"['SNR: 3']"
60-121082-0014_1,"['SNR: 1']"
2002-139469-0054_6,"['SNR: 6']"
40-222-0032_10,"['SNR: 10']"
7505-258958-0019_-14,"['SNR: -14']"
1898-145724-0003_5,"['SNR: 5']"
5652-19215-0053_0,"['SNR: 0']"
4788-94904-0001_-1,"['SNR: -1']"
3607-135982-0036_-15,"['SNR: -15']"
250-142276-0013_0,"['SNR: 0']"
1088-134315-0016_-12,"['SNR: -12']"
6476-96661-0004_1,"['SNR: 1']"
3240-131231-0059_-13,"['SNR: -13']"
3235-28452-0021_-6,"['SNR: -6']"
2843-152918-0032_-8,"['SNR: -8']"
4297-13006-0035_-3,"['SNR: -3']"
831-130746-0048_-12,"['SNR: -12']"
4160-11550-0010_2,"['SNR: 2']"
7302-86815-0026_-11,"['SNR: -11']"
1963-142393-0032_-5,"['SNR: -5']"
696-92939-0016_1,"['SNR: 1']"
3259-158083-0071_-10,"['SNR: -10']"
4898-28461-0048_4,"['SNR: 4']"
5778-12761-0045_-13,"['SNR: -13']"
3664-178355-0004_-5,"['SNR: -5']"
5778-54535-0046_0,"['SNR: 0']"
6531-61334-0053_7,"['SNR: 7']"
8747-293952-0069_-3,"['SNR: -3']"
4018-107338-0006_-4,"['SNR: -4']"
150-126107-0002_10,"['SNR: 10']"
6476-57446-0081_1,"['SNR: 1']"
7859-102519-0050_5,"['SNR: 5']"
254-27760-0014_-7,"['SNR: -7']"
2002-139469-0057_-13,"['SNR: -13']"
103-1241-0004_6,"['SNR: 6']"
3830-12530-0016_-13,"['SNR: -13']"
89-219-0054_8,"['SNR: 8']"
125-121124-0072_-8,"['SNR: -8']"
8797-294123-0012_7,"['SNR: 7']"
3259-158083-0007_0,"['SNR: 0']"
8975-270782-0000_-4,"['SNR: -4']"
5393-19219-0040_-13,"['SNR: -13']"
5049-25947-0086_5,"['SNR: 5']"
403-126855-0001_-9,"['SNR: -9']"
3259-158083-0049_-7,"['SNR: -7']"
4195-186238-0000_9,"['SNR: 9']"
1081-125237-0078_6,"['SNR: 6']"
8747-293952-0030_1,"['SNR: 1']"
1737-142397-0036_1,"['SNR: 1']"
6437-66173-0048_-3,"['SNR: -3']"
3259-158083-0062_-11,"['SNR: -11']"
2911-7601-0010_-8,"['SNR: -8']"
3486-166424-0005_6,"['SNR: 6']"
5104-33407-0038_2,"['SNR: 2']"
8324-286683-0005_2,"['SNR: 2']"
8014-112586-0018_5,"['SNR: 5']"
4853-29413-0024_-10,"['SNR: -10']"
6081-42010-0036_6,"['SNR: 6']"
426-122821-0002_-14,"['SNR: -14']"
2843-152918-0086_-4,"['SNR: -4']"
5703-47212-0013_-11,"['SNR: -11']"
4267-287369-0015_-9,"['SNR: -9']"
5049-25947-0121_-2,"['SNR: -2']"
8226-274369-0031_1,"['SNR: 1']"
8468-286673-0010_0,"['SNR: 0']"
1963-147036-0034_-10,"['SNR: -10']"
8630-305212-0038_-6,"['SNR: -6']"
481-123720-0047_5,"['SNR: 5']"
1737-142397-0022_-11,"['SNR: -11']"
248-130644-0004_8,"['SNR: 8']"
4788-91208-0016_-11,"['SNR: -11']"
8312-279790-0032_-6,"['SNR: -6']"
7402-90848-0009_2,"['SNR: 2']"
322-124147-0020_-2,"['SNR: -2']"
39-121915-0007_-11,"['SNR: -11']"
4267-72637-0015_-2,"['SNR: -2']"
2136-5143-0013_-15,"['SNR: -15']"
1926-143879-0027_3,"['SNR: 3']"
89-218-0000_-10,"['SNR: -10']"
6078-54007-0035_3,"['SNR: 3']"
39-121914-0029_8,"['SNR: 8']"
163-122947-0074_-14,"['SNR: -14']"
5703-47198-0019_-1,"['SNR: -1']"
696-92939-0034_-13,"['SNR: -13']"
587-41619-0012_7,"['SNR: 7']"
4137-11702-0006_7,"['SNR: 7']"
3112-9555-0093_2,"['SNR: 2']"
446-123501-0023_-15,"['SNR: -15']"
4898-20016-0005_-10,"['SNR: -10']"
412-126975-0031_2,"['SNR: 2']"
3723-171115-0014_-10,"['SNR: -10']"
5022-29411-0010_8,"['SNR: 8']"
8609-262281-0010_-10,"['SNR: -10']"
3723-171631-0050_4,"['SNR: 4']"
1841-179183-0030_-5,"['SNR: -5']"
2196-174172-0029_-9,"['SNR: -9']"
730-359-0005_9,"['SNR: 9']"
2092-145706-0075_-12,"['SNR: -12']"
7264-92314-0002_-4,"['SNR: -4']"
4088-158077-0089_-11,"['SNR: -11']"
5322-7678-0024_-1,"['SNR: -1']"
2910-131096-0072_-8,"['SNR: -8']"
4014-186179-0028_-4,"['SNR: -4']"
8419-293469-0010_10,"['SNR: 10']"
3214-167606-0010_-1,"['SNR: -1']"
4788-91208-0034_1,"['SNR: 1']"
3436-172171-0020_5,"['SNR: 5']"
696-93314-0013_-9,"['SNR: -9']"
3259-158083-0109_-8,"['SNR: -8']"
1098-133695-0015_-13,"['SNR: -13']"
7178-34644-0051_-11,"['SNR: -11']"
4267-72637-0035_-5,"['SNR: -5']"
2893-139310-0009_8,"['SNR: 8']"
7113-86041-0011_-6,"['SNR: -6']"
1069-133699-0015_8,"['SNR: 8']"
2893-139322-0052_-2,"['SNR: -2']"
5808-48608-0022_-11,"['SNR: -11']"
4137-11701-0013_3,"['SNR: 3']"
4014-186175-0003_4,"['SNR: 4']"
5789-57158-0011_-2,"['SNR: -2']"
4481-17499-0009_-11,"['SNR: -11']"
4297-13006-0044_-8,"['SNR: -8']"
8770-295465-0001_3,"['SNR: 3']"
298-126790-0033_-2,"['SNR: -2']"
298-126791-0031_-5,"['SNR: -5']"
8629-261139-0066_-3,"['SNR: -3']"
7278-104730-0019_8,"['SNR: 8']"
4680-16041-0027_0,"['SNR: 0']"
322-124146-0018_-14,"['SNR: -14']"
445-123857-0021_10,"['SNR: 10']"
8123-275216-0009_-8,"['SNR: -8']"
5778-54535-0029_-9,"['SNR: -9']"
2836-5355-0032_2,"['SNR: 2']"
3214-167607-0013_8,"['SNR: 8']"
3699-19401-0019_-9,"['SNR: -9']"
3664-178355-0005_7,"['SNR: 7']"
4137-11701-0048_-13,"['SNR: -13']"
2952-410-0008_-1,"['SNR: -1']"
298-126790-0037_7,"['SNR: 7']"
2436-2476-0012_1,"['SNR: 1']"
118-47824-0009_3,"['SNR: 3']"
200-124140-0028_-2,"['SNR: -2']"
6019-3185-0077_-12,"['SNR: -12']"
7078-271888-0096_-7,"['SNR: -7']"
1867-148436-0026_-11,"['SNR: -11']"
3807-4923-0024_-14,"['SNR: -14']"
311-124404-0046_1,"['SNR: 1']"
6836-61804-0038_-3,"['SNR: -3']"
4898-28461-0066_-12,"['SNR: -12']"
6147-34607-0029_0,"['SNR: 0']"
6147-34607-0039_-5,"['SNR: -5']"
5104-33407-0047_-2,"['SNR: -2']"
8226-274369-0057_4,"['SNR: 4']"
3240-131231-0009_2,"['SNR: 2']"
5808-54425-0044_-7,"['SNR: -7']"
4898-20016-0026_-11,"['SNR: -11']"
40-121026-0035_-10,"['SNR: -10']"
250-142276-0008_7,"['SNR: 7']"
4214-7146-0037_-5,"['SNR: -5']"
5688-41232-0031_-15,"['SNR: -15']"
2817-142371-0010_-14,"['SNR: -14']"
5390-24512-0023_-5,"['SNR: -5']"
3242-67168-0039_0,"['SNR: 0']"
302-123516-0033_-5,"['SNR: -5']"
4853-29413-0000_6,"['SNR: 6']"
6563-63821-0021_-15,"['SNR: -15']"
2518-154826-0043_-11,"['SNR: -11']"
7859-102519-0052_-14,"['SNR: -14']"
6019-3185-0019_1,"['SNR: 1']"
8226-274369-0050_-3,"['SNR: -3']"
233-155990-0003_-4,"['SNR: -4']"
1447-130551-0012_-1,"['SNR: -1']"
1970-28415-0013_-5,"['SNR: -5']"
4898-28461-0023_4,"['SNR: 4']"
669-129061-0073_-14,"['SNR: -14']"
8088-284756-0049_2,"['SNR: 2']"
2911-7601-0032_6,"['SNR: 6']"
6064-300880-0030_-13,"['SNR: -13']"
3723-171115-0049_-12,"['SNR: -12']"
7402-90848-0048_-2,"['SNR: -2']"
5192-19396-0013_6,"['SNR: 6']"
7794-295948-0002_-8,"['SNR: -8']"
226-122538-0027_7,"['SNR: 7']"
1334-135589-0095_-6,"['SNR: -6']"
4014-186179-0039_-5,"['SNR: -5']"
4018-107338-0001_-6,"['SNR: -6']"
4481-17499-0036_3,"['SNR: 3']"
150-126107-0015_0,"['SNR: 0']"
831-130739-0039_2,"['SNR: 2']"
6000-55211-0021_-15,"['SNR: -15']"
1624-142933-0024_3,"['SNR: 3']"
8108-274318-0036_-9,"['SNR: -9']"
6209-34601-0014_-2,"['SNR: -2']"
1098-133695-0029_-8,"['SNR: -8']"
7800-283493-0002_-12,"['SNR: -12']"
4160-11549-0037_1,"['SNR: 1']"
587-54108-0004_-10,"['SNR: -10']"
4137-11702-0024_-13,"['SNR: -13']"
5322-7680-0021_-4,"['SNR: -4']"
3168-173564-0017_1,"['SNR: 1']"
328-129766-0053_-3,"['SNR: -3']"
6147-34607-0002_-9,"['SNR: -9']"
6836-61804-0015_4,"['SNR: 4']"
307-127539-0030_7,"['SNR: 7']"
6415-100596-0016_-15,"['SNR: -15']"
5561-41616-0037_-8,"['SNR: -8']"
196-122150-0022_1,"['SNR: 1']"
5339-14134-0065_-3,"['SNR: -3']"
3235-11599-0001_-14,"['SNR: -14']"
8088-284756-0010_-7,"['SNR: -7']"
201-127786-0064_5,"['SNR: 5']"
8324-286682-0025_-7,"['SNR: -7']"
200-124140-0003_4,"['SNR: 4']"
446-123501-0020_-5,"['SNR: -5']"
1455-138263-0021_-8,"['SNR: -8']"
839-130898-0028_9,"['SNR: 9']"
1926-147979-0043_0,"['SNR: 0']"
5514-19193-0002_-4,"['SNR: -4']"
4340-15220-0034_-10,"['SNR: -10']"
1116-132847-0004_0,"['SNR: 0']"
4088-158079-0005_-12,"['SNR: -12']"
5688-15787-0015_-12,"['SNR: -12']"
27-124992-0012_6,"['SNR: 6']"
3242-67168-0033_-9,"['SNR: -9']"
198-129977-0024_-6,"['SNR: -6']"
6848-252322-0010_-12,"['SNR: -12']"
1970-10594-0037_0,"['SNR: 0']"
2952-410-0002_9,"['SNR: 9']"
196-122150-0006_8,"['SNR: 8']"
8747-293952-0082_-1,"['SNR: -1']"
6209-34599-0000_7,"['SNR: 7']"
4640-19188-0020_5,"['SNR: 5']"
3830-12531-0016_6,"['SNR: 6']"
3699-175950-0003_-12,"['SNR: -12']"
2384-152900-0074_-13,"['SNR: -13']"
1970-26100-0010_-13,"['SNR: -13']"
8051-118101-0021_-4,"['SNR: -4']"
6415-111615-0021_-12,"['SNR: -12']"
441-128988-0006_1,"['SNR: 1']"
2159-179157-0000_6,"['SNR: 6']"
5456-62043-0038_0,"['SNR: 0']"
6437-66173-0051_-6,"['SNR: -6']"
8419-293473-0013_-12,"['SNR: -12']"
1841-150351-0020_-14,"['SNR: -14']"
6081-42010-0023_1,"['SNR: 1']"
4297-13009-0016_-3,"['SNR: -3']"
2514-149482-0060_-15,"['SNR: -15']"
1363-139304-0011_-1,"['SNR: -1']"
196-122150-0034_0,"['SNR: 0']"
6437-66172-0014_6,"['SNR: 6']"
2391-145015-0084_4,"['SNR: 4']"
196-122159-0005_0,"['SNR: 0']"
8747-293952-0078_-14,"['SNR: -14']"
7447-91187-0022_7,"['SNR: 7']"
5393-19218-0005_-14,"['SNR: -14']"
2691-156755-0001_3,"['SNR: 3']"
2817-142380-0022_6,"['SNR: 6']"
250-142286-0010_-10,"['SNR: -10']"
1502-122615-0002_-7,"['SNR: -7']"
4195-186238-0019_1,"['SNR: 1']"
6078-54013-0021_10,"['SNR: 10']"
7511-102419-0022_-5,"['SNR: -5']"
1502-122619-0048_-7,"['SNR: -7']"
4088-158079-0010_1,"['SNR: 1']"
6880-216547-0008_-15,"['SNR: -15']"
4018-103416-0019_10,"['SNR: 10']"
7113-86041-0070_8,"['SNR: 8']"
730-358-0054_-11,"['SNR: -11']"
2817-142371-0022_-14,"['SNR: -14']"
6209-34601-0019_-9,"['SNR: -9']"
1246-124548-0021_8,"['SNR: 8']"
2911-7601-0021_7,"['SNR: 7']"
1088-129236-0003_-8,"['SNR: -8']"
5390-30096-0029_8,"['SNR: 8']"
3168-173565-0016_9,"['SNR: 9']"
4406-16882-0066_7,"['SNR: 7']"
481-123720-0028_0,"['SNR: 0']"
2910-131096-0045_-13,"['SNR: -13']"
5688-15787-0008_4,"['SNR: 4']"
1235-135883-0026_-10,"['SNR: -10']"
198-126831-0013_-8,"['SNR: -8']"
2416-152137-0013_-6,"['SNR: -6']"
4397-15668-0011_9,"['SNR: 9']"
6081-41997-0017_-6,"['SNR: -6']"
6880-216547-0082_-9,"['SNR: -9']"
4441-76250-0011_-4,"['SNR: -4']"
6078-54013-0070_6,"['SNR: 6']"
2817-142371-0057_1,"['SNR: 1']"
3983-5371-0035_-13,"['SNR: -13']"
2518-154825-0028_-2,"['SNR: -2']"
1578-6379-0047_-1,"['SNR: -1']"
6000-86686-0007_7,"['SNR: 7']"
4640-19187-0000_1,"['SNR: 1']"
7278-246956-0001_1,"['SNR: 1']"
4362-15663-0032_1,"['SNR: 1']"
233-155990-0029_-6,"['SNR: -6']"
839-130898-0009_3,"['SNR: 3']"
7178-34644-0010_-11,"['SNR: -11']"
307-127540-0031_9,"['SNR: 9']"
4362-15663-0039_-12,"['SNR: -12']"
311-124404-0093_0,"['SNR: 0']"
3168-173564-0036_7,"['SNR: 7']"
5678-43301-0015_-15,"['SNR: -15']"
6818-76332-0030_-14,"['SNR: -14']"
5688-41232-0007_-2,"['SNR: -2']"
8238-283452-0045_5,"['SNR: 5']"
233-134440-0033_-2,"['SNR: -2']"
3830-12529-0002_-3,"['SNR: -3']"
8630-305213-0032_-3,"['SNR: -3']"
5750-100289-0081_8,"['SNR: 8']"
6064-56165-0010_-9,"['SNR: -9']"
3112-9555-0051_1,"['SNR: 1']"
3374-298026-0012_-3,"['SNR: -3']"
6563-63821-0040_-6,"['SNR: -6']"
1926-143879-0022_6,"['SNR: 6']"
8797-294123-0085_7,"['SNR: 7']"
1081-128618-0008_-15,"['SNR: -15']"
2989-138028-0038_-8,"['SNR: -8']"
481-123720-0002_5,"['SNR: 5']"
3440-171009-0022_-14,"['SNR: -14']"
3947-13260-0004_-2,"['SNR: -2']"
8226-274369-0022_2,"['SNR: 2']"
4340-15220-0053_-14,"['SNR: -14']"
4014-186176-0019_-4,"['SNR: -4']"
5456-24741-0008_-1,"['SNR: -1']"
8770-295463-0020_-10,"['SNR: -10']"
201-122255-0022_-5,"['SNR: -5']"
1235-135884-0040_8,"['SNR: 8']"
5867-48852-0097_9,"['SNR: 9']"
3259-158083-0082_10,"['SNR: 10']"
730-360-0016_-5,"['SNR: -5']"
5104-33407-0019_-2,"['SNR: -2']"
7402-59171-0016_4,"['SNR: 4']"
887-123290-0002_6,"['SNR: 6']"
229-130880-0092_8,"['SNR: 8']"
8238-274553-0019_-5,"['SNR: -5']"
2007-149877-0046_5,"['SNR: 5']"
1040-133433-0020_-5,"['SNR: -5']"
3982-182255-0017_-2,"['SNR: -2']"
7402-90848-0020_5,"['SNR: 5']"
4853-29413-0023_0,"['SNR: 0']"
6078-54013-0000_8,"['SNR: 8']"
4680-16042-0038_-12,"['SNR: -12']"
200-124140-0025_-12,"['SNR: -12']"
5463-39174-0018_3,"['SNR: 3']"
250-142276-0035_-15,"['SNR: -15']"
4362-15663-0074_7,"['SNR: 7']"
1898-145715-0026_-8,"['SNR: -8']"
7780-274562-0066_8,"['SNR: 8']"
328-129766-0094_7,"['SNR: 7']"
2002-139469-0097_10,"['SNR: 10']"
3607-29116-0020_-12,"['SNR: -12']"
2289-152253-0001_-7,"['SNR: -7']"
4640-19188-0010_8,"['SNR: 8']"
4788-94904-0019_2,"['SNR: 2']"
6209-34600-0014_10,"['SNR: 10']"
7148-82991-0027_-3,"['SNR: -3']"
3259-158083-0110_9,"['SNR: 9']"
460-172357-0009_-8,"['SNR: -8']"
441-130108-0020_0,"['SNR: 0']"
8468-295198-0025_0,"['SNR: 0']"
4014-186179-0030_4,"['SNR: 4']"
3723-171631-0007_-15,"['SNR: -15']"
6848-76049-0019_-14,"['SNR: -14']"
3486-166446-0040_0,"['SNR: 0']"
1502-122619-0055_-14,"['SNR: -14']"
83-9960-0036_-6,"['SNR: -6']"
5192-19396-0004_-6,"['SNR: -6']"
4297-13006-0032_-3,"['SNR: -3']"
233-134440-0032_-15,"['SNR: -15']"
460-172357-0007_-5,"['SNR: -5']"
441-128982-0018_-6,"['SNR: -6']"
311-124404-0076_-8,"['SNR: -8']"
6064-56168-0010_1,"['SNR: 1']"
3982-178459-0066_3,"['SNR: 3']"
7511-102420-0031_-12,"['SNR: -12']"
1088-134315-0007_0,"['SNR: 0']"
40-222-0009_0,"['SNR: 0']"
7190-90542-0043_-2,"['SNR: -2']"
7278-246956-0007_8,"['SNR: 8']"
298-126791-0054_-7,"['SNR: -7']"
1578-6379-0028_-13,"['SNR: -13']"
103-1241-0035_-5,"['SNR: -5']"
7780-274562-0069_0,"['SNR: 0']"
6529-62556-0012_-7,"['SNR: -7']"
83-9960-0026_3,"['SNR: 3']"
3879-173592-0017_-12,"['SNR: -12']"
1246-135815-0022_-9,"['SNR: -9']"
5456-62043-0020_-10,"['SNR: -10']"
6818-76332-0056_-4,"['SNR: -4']"
911-128684-0040_-10,"['SNR: -10']"
412-126975-0043_6,"['SNR: 6']"
5750-100289-0010_4,"['SNR: 4']"
4441-76250-0015_-5,"['SNR: -5']"
307-127539-0019_-8,"['SNR: -8']"
201-122255-0038_-3,"['SNR: -3']"
4362-15663-0018_7,"['SNR: 7']"
4813-248638-0002_-3,"['SNR: -3']"
298-126790-0009_-10,"['SNR: -10']"
307-127540-0002_-7,"['SNR: -7']"
6531-61334-0098_0,"['SNR: 0']"
5678-43301-0006_-10,"['SNR: -10']"
2843-152918-0085_-13,"['SNR: -13']"
6385-220959-0032_-11,"['SNR: -11']"
887-123289-0017_-5,"['SNR: -5']"
5778-54535-0002_-4,"['SNR: -4']"
7148-7763-0023_-14,"['SNR: -14']"
229-130880-0069_-7,"['SNR: -7']"
307-127535-0024_-8,"['SNR: -8']"
6385-34655-0024_5,"['SNR: 5']"
4853-27671-0036_5,"['SNR: 5']"
2436-2481-0018_-15,"['SNR: -15']"
1235-135887-0012_-14,"['SNR: -14']"
8629-261139-0038_-8,"['SNR: -8']"
3947-13260-0009_7,"['SNR: 7']"
307-127540-0001_9,"['SNR: 9']"
2136-5140-0014_-13,"['SNR: -13']"
6385-34655-0003_-7,"['SNR: -7']"
5022-29411-0065_-14,"['SNR: -14']"
4137-11701-0020_2,"['SNR: 2']"
5163-39921-0046_-9,"['SNR: -9']"
307-127535-0040_1,"['SNR: 1']"
4014-186175-0014_-1,"['SNR: -1']"
298-126790-0015_-12,"['SNR: -12']"
5808-48608-0020_-8,"['SNR: -8']"
1723-141149-0070_4,"['SNR: 4']"
1334-135589-0036_-1,"['SNR: -1']"
6848-76049-0000_2,"['SNR: 2']"
2910-131096-0058_1,"['SNR: 1']"
3486-166446-0036_-6,"['SNR: -6']"
7800-283493-0033_-12,"['SNR: -12']"
1116-132851-0009_-1,"['SNR: -1']"
6019-3185-0050_-2,"['SNR: -2']"
6848-252322-0015_4,"['SNR: 4']"
163-122947-0042_-11,"['SNR: -11']"
226-131533-0011_-6,"['SNR: -6']"
5808-48608-0037_6,"['SNR: 6']"
2384-152900-0078_1,"['SNR: 1']"
1116-132851-0013_6,"['SNR: 6']"
6454-107462-0022_8,"['SNR: 8']"
1098-133695-0036_-1,"['SNR: -1']"
6367-65536-0021_-5,"['SNR: -5']"
7780-274562-0002_-4,"['SNR: -4']"
7312-92432-0014_-3,"['SNR: -3']"
6209-34600-0017_-3,"['SNR: -3']"
118-121721-0016_-13,"['SNR: -13']"
8063-274116-0004_-10,"['SNR: -10']"
5808-48608-0048_8,"['SNR: 8']"
6818-68772-0031_-2,"['SNR: -2']"
163-122947-0005_7,"['SNR: 7']"
2182-181173-0019_-1,"['SNR: -1']"
3879-174923-0058_-14,"['SNR: -14']"
5022-29405-0018_-8,"['SNR: -8']"
1737-142396-0019_-14,"['SNR: -14']"
7278-246956-0008_-4,"['SNR: -4']"
5463-39173-0040_-1,"['SNR: -1']"
831-130746-0060_8,"['SNR: 8']"
229-130880-0040_-12,"['SNR: -12']"
5456-58161-0014_-3,"['SNR: -3']"
125-121124-0015_1,"['SNR: 1']"
6836-61804-0029_-14,"['SNR: -14']"
403-126855-0016_6,"['SNR: 6']"
125-121342-0002_-11,"['SNR: -11']"
78-368-0041_1,"['SNR: 1']"
2989-138028-0060_-15,"['SNR: -15']"
4640-19187-0037_-1,"['SNR: -1']"
6272-70171-0010_9,"['SNR: 9']"
7059-88364-0021_-4,"['SNR: -4']"
3242-8112-0009_7,"['SNR: 7']"
2136-5140-0007_-4,"['SNR: -4']"
7859-102518-0019_-9,"['SNR: -9']"
211-122425-0018_-10,"['SNR: -10']"
7078-271888-0110_-14,"['SNR: -14']"
1867-154075-0044_-10,"['SNR: -10']"
250-140277-0013_-4,"['SNR: -4']"
3857-182317-0013_-2,"['SNR: -2']"
3879-173592-0004_-1,"['SNR: -1']"
254-127705-0041_-2,"['SNR: -2']"
8838-298546-0044_8,"['SNR: 8']"
5703-47198-0004_4,"['SNR: 4']"
3664-178355-0030_2,"['SNR: 2']"
7059-77897-0014_-7,"['SNR: -7']"
248-130697-0013_-5,"['SNR: -5']"
5339-14134-0057_2,"['SNR: 2']"
2007-149877-0037_-10,"['SNR: -10']"
446-123501-0049_-6,"['SNR: -6']"
3112-9555-0038_-2,"['SNR: -2']"
2416-152137-0016_7,"['SNR: 7']"
5652-39938-0006_-2,"['SNR: -2']"
8629-261139-0054_-10,"['SNR: -10']"
7078-271888-0033_7,"['SNR: 7']"
7113-86041-0025_-14,"['SNR: -14']"
3168-173565-0040_4,"['SNR: 4']"
3699-19402-0023_-14,"['SNR: -14']"
3242-8112-0040_8,"['SNR: 8']"
2518-154825-0052_-2,"['SNR: -2']"
441-128988-0033_-5,"['SNR: -5']"
6081-42010-0022_-4,"['SNR: -4']"
4014-186176-0009_-9,"['SNR: -9']"
6925-80680-0071_3,"['SNR: 3']"
3436-172162-0007_-12,"['SNR: -12']"
3699-19402-0021_0,"['SNR: 0']"
1841-159771-0027_0,"['SNR: 0']"
2007-149877-0048_-10,"['SNR: -10']"
7264-92314-0015_4,"['SNR: 4']"
1363-139304-0041_-10,"['SNR: -10']"
3168-173564-0026_0,"['SNR: 0']"
2691-156750-0003_-4,"['SNR: -4']"
441-128988-0009_-5,"['SNR: -5']"
4051-10927-0018_-14,"['SNR: -14']"
2691-156750-0008_3,"['SNR: 3']"
4898-20016-0011_-2,"['SNR: -2']"
1926-147979-0025_8,"['SNR: 8']"
200-124139-0026_3,"['SNR: 3']"
2989-138028-0050_5,"['SNR: 5']"
2289-152253-0013_10,"['SNR: 10']"
8838-298546-0032_-7,"['SNR: -7']"
1743-142914-0024_-8,"['SNR: -8']"
89-218-0014_-5,"['SNR: -5']"
39-121915-0027_7,"['SNR: 7']"
332-128985-0005_10,"['SNR: 10']"
87-121553-0005_-11,"['SNR: -11']"
2136-5143-0032_4,"['SNR: 4']"
4137-11701-0040_-4,"['SNR: -4']"
1069-133699-0045_-1,"['SNR: -1']"
211-122442-0025_-6,"['SNR: -6']"
4853-27670-0005_0,"['SNR: 0']"
200-124140-0009_-4,"['SNR: -4']"
460-172359-0077_5,"['SNR: 5']"
211-122425-0012_-3,"['SNR: -3']"
1069-133699-0008_-5,"['SNR: -5']"
6081-41998-0022_-6,"['SNR: -6']"
150-126112-0007_-3,"['SNR: -3']"
911-128684-0055_3,"['SNR: 3']"
403-128339-0041_-11,"['SNR: -11']"
6818-68772-0011_-10,"['SNR: -10']"
8580-287364-0023_-3,"['SNR: -3']"
5104-33406-0030_4,"['SNR: 4']"
6415-100596-0015_-2,"['SNR: -2']"
2952-407-0024_-9,"['SNR: -9']"
911-128684-0076_3,"['SNR: 3']"
2514-149482-0102_-6,"['SNR: -6']"
5778-54535-0009_-13,"['SNR: -13']"
1867-154075-0025_5,"['SNR: 5']"
6081-41997-0015_9,"['SNR: 9']"
8095-274345-0033_-6,"['SNR: -6']"
5022-29411-0067_-9,"['SNR: -9']"
3235-28452-0009_-3,"['SNR: -3']"
6147-34605-0003_3,"['SNR: 3']"
6081-41997-0038_8,"['SNR: 8']"
3235-28433-0013_-10,"['SNR: -10']"
26-496-0009_-5,"['SNR: -5']"
2836-5354-0011_-9,"['SNR: -9']"
6078-54013-0036_0,"['SNR: 0']"
3982-178459-0048_6,"['SNR: 6']"
6529-62556-0020_9,"['SNR: 9']"
5456-62014-0000_5,"['SNR: 5']"
233-134440-0049_0,"['SNR: 0']"
1737-142397-0013_-1,"['SNR: -1']"
7794-295948-0005_0,"['SNR: 0']"
1246-124550-0012_-4,"['SNR: -4']"
5678-43303-0016_9,"['SNR: 9']"
7511-102419-0055_-13,"['SNR: -13']"
5163-18515-0039_0,"['SNR: 0']"
3664-178366-0012_-6,"['SNR: -6']"
730-359-0014_3,"['SNR: 3']"
6848-76049-0015_-12,"['SNR: -12']"
8838-298546-0015_-5,"['SNR: -5']"
669-129061-0077_0,"['SNR: 0']"
6019-3185-0038_-12,"['SNR: -12']"
8088-284756-0116_-8,"['SNR: -8']"
5652-19215-0048_-15,"['SNR: -15']"
6078-54013-0001_9,"['SNR: 9']"
8063-274112-0010_-12,"['SNR: -12']"
1334-135589-0034_-6,"['SNR: -6']"
2196-174172-0018_6,"['SNR: 6']"
5867-48852-0045_-3,"['SNR: -3']"
7059-88364-0022_-6,"['SNR: -6']"
3664-11714-0017_4,"['SNR: 4']"
7067-76048-0048_-12,"['SNR: -12']"
8088-284756-0098_-8,"['SNR: -8']"
4051-10927-0002_-8,"['SNR: -8']"
3947-13260-0003_-6,"['SNR: -6']"
1355-39947-0020_-13,"['SNR: -13']"
446-123501-0056_3,"['SNR: 3']"
83-9960-0052_7,"['SNR: 7']"
4018-107312-0008_-6,"['SNR: -6']"
32-4137-0037_6,"['SNR: 6']"
6019-3185-0005_-2,"['SNR: -2']"
289-121652-0037_-6,"['SNR: -6']"
27-124992-0076_1,"['SNR: 1']"
1116-137572-0026_-2,"['SNR: -2']"
887-123290-0001_5,"['SNR: 5']"
8609-262281-0025_-8,"['SNR: -8']"
909-131045-0030_-6,"['SNR: -6']"
7226-86965-0033_7,"['SNR: 7']"
26-495-0033_3,"['SNR: 3']"
445-123857-0022_4,"['SNR: 4']"
26-495-0010_-3,"['SNR: -3']"
7859-102519-0019_4,"['SNR: 4']"
5339-14133-0027_7,"['SNR: 7']"
1502-122619-0052_8,"['SNR: 8']"
3235-28433-0015_2,"['SNR: 2']"
4853-27671-0020_-1,"['SNR: -1']"
8629-261140-0024_5,"['SNR: 5']"
458-126305-0007_-7,"['SNR: -7']"
201-127786-0062_6,"['SNR: 6']"
27-123349-0044_-12,"['SNR: -12']"
8238-274553-0070_2,"['SNR: 2']"
3879-174923-0026_1,"['SNR: 1']"
6181-216552-0098_-3,"['SNR: -3']"
1594-135914-0120_-13,"['SNR: -13']"
2910-131096-0049_-3,"['SNR: -3']"
4788-294466-0025_-5,"['SNR: -5']"
403-128339-0038_-2,"['SNR: -2']"
2691-156755-0028_6,"['SNR: 6']"
8063-274116-0017_-3,"['SNR: -3']"
6064-56168-0016_-8,"['SNR: -8']"
4018-107338-0028_-7,"['SNR: -7']"
3526-175658-0021_7,"['SNR: 7']"
4441-76262-0025_4,"['SNR: 4']"
8226-274369-0027_-4,"['SNR: -4']"
2384-152900-0060_2,"['SNR: 2']"
2691-156750-0027_4,"['SNR: 4']"
4137-11702-0014_5,"['SNR: 5']"
4018-103416-0028_-6,"['SNR: -6']"
6836-61804-0017_-14,"['SNR: -14']"
7113-86041-0026_0,"['SNR: 0']"
7635-105409-0005_10,"['SNR: 10']"
5339-14133-0038_-8,"['SNR: -8']"
7447-91186-0037_6,"['SNR: 6']"
60-121082-0081_-11,"['SNR: -11']"
200-126784-0031_-7,"['SNR: -7']"
8838-298546-0045_-8,"['SNR: -8']"
7190-90542-0028_-13,"['SNR: -13']"
1235-135884-0010_-5,"['SNR: -5']"
8051-295385-0019_-3,"['SNR: -3']"
1235-135883-0021_-4,"['SNR: -4']"
125-121124-0051_-14,"['SNR: -14']"
1841-179183-0025_8,"['SNR: 8']"
2289-152253-0015_0,"['SNR: 0']"
3259-158083-0118_-7,"['SNR: -7']"
4051-11218-0027_-3,"['SNR: -3']"
1867-154075-0041_-7,"['SNR: -7']"
7367-86737-0061_7,"['SNR: 7']"
1553-140047-0023_-12,"['SNR: -12']"
229-130880-0085_-6,"['SNR: -6']"
1594-135914-0096_7,"['SNR: 7']"
446-123502-0007_-14,"['SNR: -14']"
4859-22176-0019_10,"['SNR: 10']"
200-126784-0027_10,"['SNR: 10']"
3436-172162-0008_-12,"['SNR: -12']"
4441-76262-0015_5,"['SNR: 5']"
60-121082-0045_3,"['SNR: 3']"
32-21634-0007_6,"['SNR: 6']"
1447-130551-0022_-15,"['SNR: -15']"
125-121124-0003_8,"['SNR: 8']"
7312-92432-0022_-13,"['SNR: -13']"
118-47824-0021_-9,"['SNR: -9']"
3857-182317-0006_10,"['SNR: 10']"
4788-94904-0004_-2,"['SNR: -2']"
8797-294123-0075_8,"['SNR: 8']"
2691-156755-0017_1,"['SNR: 1']"
4051-11217-0025_-8,"['SNR: -8']"
6454-120342-0028_-15,"['SNR: -15']"
446-123501-0012_-14,"['SNR: -14']"
6880-216547-0052_5,"['SNR: 5']"
403-216-0006_-2,"['SNR: -2']"
2196-170379-0002_9,"['SNR: 9']"
6437-66172-0023_5,"['SNR: 5']"
3240-131231-0017_-12,"['SNR: -12']"
6385-220959-0041_-15,"['SNR: -15']"
7859-102519-0016_-1,"['SNR: -1']"
5390-24512-0021_8,"['SNR: 8']"
3235-28433-0028_-12,"['SNR: -12']"
839-130898-0054_2,"['SNR: 2']"
1841-159771-0026_-4,"['SNR: -4']"
6529-62554-0035_-1,"['SNR: -1']"
83-9960-0002_8,"['SNR: 8']"
1502-122615-0038_10,"['SNR: 10']"
2893-139322-0012_2,"['SNR: 2']"
250-142276-0060_-9,"['SNR: -9']"
1081-128618-0001_6,"['SNR: 6']"
198-209-0031_7,"['SNR: 7']"
226-131532-0008_-8,"['SNR: -8']"
730-360-0031_-4,"['SNR: -4']"
6272-70171-0025_-13,"['SNR: -13']"
3526-175658-0015_-15,"['SNR: -15']"
125-121124-0024_-9,"['SNR: -9']"
8098-278252-0031_-9,"['SNR: -9']"
6000-86686-0019_-4,"['SNR: -4']"
7067-76047-0039_-14,"['SNR: -14']"
1737-142397-0037_2,"['SNR: 2']"
8797-294123-0016_-11,"['SNR: -11']"
5463-39174-0002_-9,"['SNR: -9']"
2910-131096-0036_-10,"['SNR: -10']"
1867-154071-0012_9,"['SNR: 9']"
1723-141149-0008_-4,"['SNR: -4']"
445-123857-0027_-8,"['SNR: -8']"
3440-171009-0028_-15,"['SNR: -15']"
5688-15787-0012_-5,"['SNR: -5']"
2843-152918-0053_10,"['SNR: 10']"
4160-11549-0029_6,"['SNR: 6']"
78-369-0031_-15,"['SNR: -15']"
2843-152918-0051_-6,"['SNR: -6']"
4788-294466-0024_-3,"['SNR: -3']"
6209-34600-0027_5,"['SNR: 5']"
1723-141149-0035_-15,"['SNR: -15']"
6818-68772-0023_-10,"['SNR: -10']"
3242-8112-0004_-7,"['SNR: -7']"
7178-34645-0034_1,"['SNR: 1']"
412-126975-0089_-4,"['SNR: -4']"
5049-25947-0065_8,"['SNR: 8']"
1263-141777-0018_10,"['SNR: 10']"
4397-15668-0034_10,"['SNR: 10']"
233-134440-0034_7,"['SNR: 7']"
118-47824-0079_1,"['SNR: 1']"
118-47824-0070_-11,"['SNR: -11']"
458-126294-0012_-3,"['SNR: -3']"
8063-274112-0032_4,"['SNR: 4']"
7278-246956-0026_-14,"['SNR: -14']"
4267-72637-0017_-2,"['SNR: -2']"
5678-43302-0017_8,"['SNR: 8']"
89-218-0047_9,"['SNR: 9']"
1898-145724-0012_8,"['SNR: 8']"
3947-13262-0005_-8,"['SNR: -8']"
7178-34645-0021_-2,"['SNR: -2']"
163-122947-0081_-4,"['SNR: -4']"
8468-294887-0038_6,"['SNR: 6']"
7148-7763-0024_-10,"['SNR: -10']"
7402-90848-0024_-4,"['SNR: -4']"
1970-10594-0009_-13,"['SNR: -13']"
2910-131096-0078_9,"['SNR: 9']"
696-93314-0002_-11,"['SNR: -11']"
3983-5331-0021_-1,"['SNR: -1']"
8095-274345-0007_-14,"['SNR: -14']"
3857-180923-0022_-10,"['SNR: -10']"
8226-274369-0058_9,"['SNR: 9']"
445-123860-0025_-7,"['SNR: -7']"
7635-105409-0023_-11,"['SNR: -11']"
7148-82991-0003_-5,"['SNR: -5']"
4397-15678-0005_-8,"['SNR: -8']"
6476-57446-0056_-14,"['SNR: -14']"
1246-135815-0024_-13,"['SNR: -13']"
7178-34644-0034_-4,"['SNR: -4']"
289-121665-0030_-3,"['SNR: -3']"
302-123516-0021_10,"['SNR: 10']"
229-130880-0070_0,"['SNR: 0']"
7226-86964-0018_-8,"['SNR: -8']"
2764-36617-0030_-6,"['SNR: -6']"
8098-278278-0004_6,"['SNR: 6']"
5688-41232-0075_4,"['SNR: 4']"
198-129977-0019_-3,"['SNR: -3']"
254-12312-0019_7,"['SNR: 7']"
6529-62556-0036_-1,"['SNR: -1']"
4195-186236-0007_-4,"['SNR: -4']"
2843-152918-0107_3,"['SNR: 3']"
6880-216547-0001_-11,"['SNR: -11']"
5867-48852-0084_6,"['SNR: 6']"
8419-293473-0000_-3,"['SNR: -3']"
831-130746-0037_-7,"['SNR: -7']"
5514-19192-0023_-11,"['SNR: -11']"
460-172357-0019_5,"['SNR: 5']"
4813-248641-0001_1,"['SNR: 1']"
322-124146-0027_-8,"['SNR: -8']"
2764-36619-0029_-7,"['SNR: -7']"
8419-293473-0009_3,"['SNR: 3']"
1081-125237-0101_-11,"['SNR: -11']"
118-47824-0045_0,"['SNR: 0']"
3374-298032-0011_2,"['SNR: 2']"
3214-167606-0020_4,"['SNR: 4']"
7794-295948-0022_-2,"['SNR: -2']"
4362-15663-0090_6,"['SNR: 6']"
1081-125237-0017_-1,"['SNR: -1']"
1363-139304-0028_-9,"['SNR: -9']"
4397-15678-0039_-9,"['SNR: -9']"
2764-36617-0024_3,"['SNR: 3']"
7635-105409-0013_1,"['SNR: 1']"
6818-68772-0041_-8,"['SNR: -8']"
3486-166446-0023_-14,"['SNR: -14']"
7517-100429-0006_2,"['SNR: 2']"
1098-133695-0065_3,"['SNR: 3']"
328-129766-0054_8,"['SNR: 8']"
6818-76332-0052_-6,"['SNR: -6']"
911-128684-0048_7,"['SNR: 7']"
3235-28452-0014_-15,"['SNR: -15']"
3436-172162-0052_-10,"['SNR: -10']"
7190-90543-0035_-15,"['SNR: -15']"
3112-9555-0032_-14,"['SNR: -14']"
226-131533-0014_-12,"['SNR: -12']"
8797-294123-0026_7,"['SNR: 7']"
7859-102518-0001_-2,"['SNR: -2']"
1867-148436-0010_3,"['SNR: 3']"
1363-139304-0012_-3,"['SNR: -3']"
2989-138035-0073_-11,"['SNR: -11']"
322-124147-0006_8,"['SNR: 8']"
5393-19218-0058_9,"['SNR: 9']"
125-121342-0038_-12,"['SNR: -12']"
5678-43303-0004_8,"['SNR: 8']"
5867-48852-0111_5,"['SNR: 5']"
4340-15220-0090_5,"['SNR: 5']"
311-124404-0079_5,"['SNR: 5']"
6880-216547-0088_-8,"['SNR: -8']"
7447-91187-0041_-15,"['SNR: -15']"
4195-186236-0017_6,"['SNR: 6']"
4362-15663-0019_0,"['SNR: 0']"
2136-5140-0028_-5,"['SNR: -5']"
87-121553-0089_2,"['SNR: 2']"
2384-152900-0047_7,"['SNR: 7']"
5678-43301-0007_-12,"['SNR: -12']"
8609-283227-0038_-4,"['SNR: -4']"
311-124404-0055_4,"['SNR: 4']"
8747-293952-0022_3,"['SNR: 3']"
8088-284756-0006_-9,"['SNR: -9']"
89-219-0046_-5,"['SNR: -5']"
2764-36617-0007_-13,"['SNR: -13']"
6925-80680-0010_5,"['SNR: 5']"
1970-26100-0020_-9,"['SNR: -9']"
226-131533-0035_1,"['SNR: 1']"
27-124992-0050_-9,"['SNR: -9']"
6019-3185-0024_10,"['SNR: 10']"
4680-16042-0019_1,"['SNR: 1']"
7635-105661-0000_10,"['SNR: 10']"
2159-179154-0031_5,"['SNR: 5']"
6529-62556-0023_-7,"['SNR: -7']"
3723-171115-0005_3,"['SNR: 3']"
7302-86814-0025_-14,"['SNR: -14']"
839-130898-0088_-7,"['SNR: -7']"
163-122947-0047_9,"['SNR: 9']"
1034-121119-0090_8,"['SNR: 8']"
7264-92316-0033_2,"['SNR: 2']"
1867-154071-0029_-11,"['SNR: -11']"
5192-19397-0003_1,"['SNR: 1']"
7780-274562-0085_1,"['SNR: 1']"
7148-59157-0023_-6,"['SNR: -6']"
7505-83618-0010_-8,"['SNR: -8']"
6437-66172-0018_-12,"['SNR: -12']"
27-124992-0010_-6,"['SNR: -6']"
8324-286682-0029_4,"['SNR: 4']"
5678-43303-0009_-9,"['SNR: -9']"
6848-252323-0017_2,"['SNR: 2']"
60-121082-0072_-2,"['SNR: -2']"
446-123501-0029_10,"['SNR: 10']"
4340-15220-0011_2,"['SNR: 2']"
254-27760-0027_-7,"['SNR: -7']"
5390-30096-0007_4,"['SNR: 4']"
3879-174923-0070_-10,"['SNR: -10']"
2092-145709-0013_-1,"['SNR: -1']"
5561-41616-0017_-5,"['SNR: -5']"
412-126975-0067_-10,"['SNR: -10']"
5163-39921-0015_7,"['SNR: 7']"
887-123291-0016_-1,"['SNR: -1']"
3168-173564-0014_10,"['SNR: 10']"
196-122152-0008_3,"['SNR: 3']"
3879-174923-0051_-14,"['SNR: -14']"
426-122822-0013_-1,"['SNR: -1']"
7059-77900-0020_-6,"['SNR: -6']"
1081-125237-0091_5,"['SNR: 5']"
26-495-0089_-6,"['SNR: -6']"
5652-19215-0000_-11,"['SNR: -11']"
374-180298-0046_-7,"['SNR: -7']"
7447-91187-0011_2,"['SNR: 2']"
39-121914-0018_7,"['SNR: 7']"
4813-248641-0018_10,"['SNR: 10']"
8123-275193-0003_4,"['SNR: 4']"
89-219-0041_-8,"['SNR: -8']"
1723-141149-0097_-8,"['SNR: -8']"
481-123719-0003_0,"['SNR: 0']"
6064-56165-0004_9,"['SNR: 9']"
4680-16041-0019_-13,"['SNR: -13']"
2911-7601-0013_-14,"['SNR: -14']"
6064-56165-0031_3,"['SNR: 3']"
8609-262281-0011_10,"['SNR: 10']"
150-126112-0032_-10,"['SNR: -10']"
4051-11218-0006_5,"['SNR: 5']"
1970-28415-0000_-2,"['SNR: -2']"
125-121124-0068_-12,"['SNR: -12']"
2817-142371-0002_-12,"['SNR: -12']"
3440-171009-0025_-3,"['SNR: -3']"
40-222-0040_4,"['SNR: 4']"
40-121026-0031_10,"['SNR: 10']"
6836-61804-0023_6,"['SNR: 6']"
6880-216547-0005_0,"['SNR: 0']"
7367-86737-0083_7,"['SNR: 7']"
1867-154075-0004_-8,"['SNR: -8']"
4481-17498-0030_-12,"['SNR: -12']"
103-1240-0037_-7,"['SNR: -7']"
7067-76047-0010_6,"['SNR: 6']"
6181-216552-0026_4,"['SNR: 4']"
4898-28461-0032_-7,"['SNR: -7']"
332-128985-0043_-3,"['SNR: -3']"
8051-119902-0025_-11,"['SNR: -11']"
8419-293473-0017_-14,"['SNR: -14']"
6437-66173-0010_1,"['SNR: 1']"
6848-252322-0005_-7,"['SNR: -7']"
2911-7601-0017_-8,"['SNR: -8']"
2843-152918-0030_2,"['SNR: 2']"
8123-275193-0024_-3,"['SNR: -3']"
6848-252323-0011_10,"['SNR: 10']"
125-121342-0018_2,"['SNR: 2']"
2910-131096-0001_-9,"['SNR: -9']"
6367-65536-0073_10,"['SNR: 10']"
5750-35690-0022_-3,"['SNR: -3']"
7178-34644-0013_8,"['SNR: 8']"
8630-305213-0013_-9,"['SNR: -9']"
6476-57446-0035_0,"['SNR: 0']"
5789-57195-0014_-4,"['SNR: -4']"
7113-86041-0088_-14,"['SNR: -14']"
6836-61803-0017_-2,"['SNR: -2']"
1235-135883-0012_2,"['SNR: 2']"
1553-140048-0032_-14,"['SNR: -14']"
8425-246962-0019_9,"['SNR: 9']"
5104-33406-0021_6,"['SNR: 6']"
2989-138035-0045_-10,"['SNR: -10']"
4018-107312-0004_-12,"['SNR: -12']"
8770-295462-0016_-11,"['SNR: -11']"
5339-14134-0022_-2,"['SNR: -2']"
460-172359-0091_-14,"['SNR: -14']"
625-132112-0032_8,"['SNR: 8']"
1355-39947-0057_3,"['SNR: 3']"
6367-65536-0070_10,"['SNR: 10']"
8747-293952-0086_-5,"['SNR: -5']"
5750-100289-0052_-11,"['SNR: -11']"
1553-140048-0013_6,"['SNR: 6']"
3607-29116-0017_-10,"['SNR: -10']"
229-130880-0076_-1,"['SNR: -1']"
1737-148989-0033_7,"['SNR: 7']"
1334-135589-0003_6,"['SNR: 6']"
248-130697-0030_-7,"['SNR: -7']"
7067-76047-0007_-1,"['SNR: -1']"
8108-274318-0028_-13,"['SNR: -13']"
5049-25947-0102_-6,"['SNR: -6']"
3526-176651-0018_8,"['SNR: 8']"
7402-90848-0029_3,"['SNR: 3']"
5049-25947-0018_10,"['SNR: 10']"
7517-100437-0031_-13,"['SNR: -13']"
403-126855-0012_-8,"['SNR: -8']"
6000-86686-0013_6,"['SNR: 6']"
831-130739-0037_-5,"['SNR: -5']"
5561-41616-0014_3,"['SNR: 3']"
1970-28415-0001_-13,"['SNR: -13']"
6064-56168-0022_8,"['SNR: 8']"
8324-286682-0027_1,"['SNR: 1']"
125-121342-0004_7,"['SNR: 7']"
730-359-0006_8,"['SNR: 8']"
87-121553-0065_-2,"['SNR: -2']"
625-132112-0033_-7,"['SNR: -7']"
6454-120342-0003_9,"['SNR: 9']"
5750-100289-0049_10,"['SNR: 10']"
8797-294123-0021_8,"['SNR: 8']"
6000-86686-0016_10,"['SNR: 10']"
405-130894-0006_-3,"['SNR: -3']"
226-131532-0014_-11,"['SNR: -11']"
1992-141719-0015_-15,"['SNR: -15']"
2136-5147-0023_5,"['SNR: 5']"
87-121553-0035_6,"['SNR: 6']"
5339-14133-0044_6,"['SNR: 6']"
1263-141777-0019_-2,"['SNR: -2']"
8797-294123-0098_8,"['SNR: 8']"
5514-19193-0022_-3,"['SNR: -3']"
4853-29413-0008_-10,"['SNR: -10']"
250-142286-0019_2,"['SNR: 2']"
1246-124548-0007_-14,"['SNR: -14']"
8425-246962-0002_6,"['SNR: 6']"
1081-128618-0013_-13,"['SNR: -13']"
2289-152254-0022_5,"['SNR: 5']"
103-1240-0035_1,"['SNR: 1']"
7264-92314-0010_-13,"['SNR: -13']"
8324-286682-0014_0,"['SNR: 0']"
5456-62043-0005_0,"['SNR: 0']"
5192-19397-0054_0,"['SNR: 0']"
2391-145015-0074_-5,"['SNR: -5']"
5390-24512-0014_-8,"['SNR: -8']"
2817-142371-0031_1,"['SNR: 1']"
1578-6379-0020_7,"['SNR: 7']"
5778-54535-0048_0,"['SNR: 0']"
458-126294-0007_1,"['SNR: 1']"
8108-280359-0019_-3,"['SNR: -3']"
1594-135914-0099_-13,"['SNR: -13']"
2391-145015-0033_-14,"['SNR: -14']"
1116-132847-0003_-1,"['SNR: -1']"
405-130894-0060_-6,"['SNR: -6']"
911-128684-0062_-8,"['SNR: -8']"
19-227-0041_-8,"['SNR: -8']"
8975-270782-0020_-11,"['SNR: -11']"
5867-48852-0052_-6,"['SNR: -6']"
3112-9555-0050_7,"['SNR: 7']"
2989-138035-0036_-7,"['SNR: -7']"
3374-298032-0027_-11,"['SNR: -11']"
7505-258964-0014_-7,"['SNR: -7']"
1737-148989-0040_1,"['SNR: 1']"
1447-130551-0008_2,"['SNR: 2']"
4481-17499-0005_8,"['SNR: 8']"
1098-133695-0035_2,"['SNR: 2']"
87-121553-0002_6,"['SNR: 6']"
1841-150351-0006_-14,"['SNR: -14']"
3723-171631-0041_-3,"['SNR: -3']"
6367-65536-0033_-9,"['SNR: -9']"
3235-28433-0006_-11,"['SNR: -11']"
8088-284756-0064_1,"['SNR: 1']"
1743-142912-0008_-13,"['SNR: -13']"
5514-19192-0002_-3,"['SNR: -3']"
39-121916-0006_-2,"['SNR: -2']"
3526-176653-0054_-11,"['SNR: -11']"
6818-76332-0053_-14,"['SNR: -14']"
3723-171631-0033_-4,"['SNR: -4']"
3983-5331-0051_-5,"['SNR: -5']"
7367-86737-0111_-6,"['SNR: -6']"
1963-142393-0038_-5,"['SNR: -5']"
3240-131231-0005_-10,"['SNR: -10']"
3214-167606-0013_-13,"['SNR: -13']"
19-198-0037_-9,"['SNR: -9']"
8312-279790-0016_-15,"['SNR: -15']"
3374-298032-0035_8,"['SNR: 8']"
4853-27671-0001_-2,"['SNR: -2']"
103-1240-0003_4,"['SNR: 4']"
4640-19189-0025_-1,"['SNR: -1']"
226-131532-0027_-9,"['SNR: -9']"
40-121026-0000_3,"['SNR: 3']"
669-129074-0008_-12,"['SNR: -12']"
8609-283227-0063_8,"['SNR: 8']"
1867-148436-0004_-6,"['SNR: -6']"
83-9960-0006_-15,"['SNR: -15']"
19-227-0056_-6,"['SNR: -6']"
458-126305-0005_5,"['SNR: 5']"
5390-30096-0006_-10,"['SNR: -10']"
7067-76048-0051_-9,"['SNR: -9']"
302-123516-0007_-5,"['SNR: -5']"
3982-182255-0019_1,"['SNR: 1']"
5163-39921-0019_8,"['SNR: 8']"
6563-285357-0004_4,"['SNR: 4']"
2910-131096-0015_3,"['SNR: 3']"
332-128985-0037_0,"['SNR: 0']"
1963-142776-0001_9,"['SNR: 9']"
1081-125237-0077_5,"['SNR: 5']"
4267-72637-0019_1,"['SNR: 1']"
6529-62556-0018_-11,"['SNR: -11']"
3807-4955-0033_-7,"['SNR: -7']"
7226-86964-0016_-12,"['SNR: -12']"
39-121914-0050_-13,"['SNR: -13']"
2817-142371-0027_-4,"['SNR: -4']"
460-172357-0004_-14,"['SNR: -14']"
6078-54013-0018_-7,"['SNR: -7']"
1088-134315-0035_2,"['SNR: 2']"
8312-279791-0000_-12,"['SNR: -12']"
6848-76049-0003_-1,"['SNR: -1']"
2092-145706-0022_-15,"['SNR: -15']"
2002-139469-0068_-8,"['SNR: -8']"
6181-216552-0079_-6,"['SNR: -6']"
2436-2476-0020_10,"['SNR: 10']"
4813-248641-0050_-2,"['SNR: -2']"
1578-6379-0025_8,"['SNR: 8']"
1263-138246-0024_-15,"['SNR: -15']"
3486-166424-0061_-7,"['SNR: -7']"
4362-15663-0062_-4,"['SNR: -4']"
2002-139469-0024_-8,"['SNR: -8']"
1363-135842-0038_5,"['SNR: 5']"
5688-41232-0032_7,"['SNR: 7']"
6385-34669-0016_10,"['SNR: 10']"
625-132112-0046_-9,"['SNR: -9']"
6272-70171-0034_-12,"['SNR: -12']"
7148-59157-0030_-3,"['SNR: -3']"
4267-72637-0001_-10,"['SNR: -10']"
6437-66173-0052_-7,"['SNR: -7']"
2989-138035-0074_-6,"['SNR: -6']"
8312-279791-0030_-8,"['SNR: -8']"
8051-119902-0009_-9,"['SNR: -9']"
8051-295385-0035_-6,"['SNR: -6']"
8088-284756-0009_-9,"['SNR: -9']"
909-131044-0015_-8,"['SNR: -8']"
4788-91208-0027_7,"['SNR: 7']"
1116-132847-0026_-3,"['SNR: -3']"
4195-17507-0035_-8,"['SNR: -8']"
5463-39174-0022_-7,"['SNR: -7']"
3214-167607-0039_7,"['SNR: 7']"
2817-142371-0035_-3,"['SNR: -3']"
6476-57446-0023_-3,"['SNR: -3']"
6848-76049-0032_-1,"['SNR: -1']"
3374-298032-0032_-8,"['SNR: -8']"
6925-80680-0066_-9,"['SNR: -9']"
19-227-0008_-1,"['SNR: -1']"
3807-4955-0037_-5,"['SNR: -5']"
4441-76263-0038_7,"['SNR: 7']"
1723-141149-0057_1,"['SNR: 1']"
911-130578-0000_-2,"['SNR: -2']"
6563-63821-0020_-15,"['SNR: -15']"
3242-8112-0014_7,"['SNR: 7']"
19-227-0055_-14,"['SNR: -14']"
4362-15663-0102_-14,"['SNR: -14']"
5867-48852-0089_-4,"['SNR: -4']"
4051-10927-0007_-1,"['SNR: -1']"
887-123291-0006_9,"['SNR: 9']"
302-123504-0019_-7,"['SNR: -7']"
6272-70191-0037_-13,"['SNR: -13']"
1246-124548-0017_0,"['SNR: 0']"
8580-287363-0026_4,"['SNR: 4']"
887-123291-0009_-8,"['SNR: -8']"
2911-7601-0014_2,"['SNR: 2']"
2911-15084-0003_-8,"['SNR: -8']"
3440-171009-0062_-14,"['SNR: -14']"
3607-135982-0023_-10,"['SNR: -10']"
1594-135914-0071_7,"['SNR: 7']"
7447-91186-0008_-3,"['SNR: -3']"
4680-16026-0033_-7,"['SNR: -7']"
8238-274553-0021_-6,"['SNR: -6']"
200-126784-0026_-10,"['SNR: -10']"
6836-61803-0003_3,"['SNR: 3']"
405-130894-0000_9,"['SNR: 9']"
1081-125237-0005_-8,"['SNR: -8']"
8123-275209-0024_6,"['SNR: 6']"
481-123719-0000_-12,"['SNR: -12']"
200-126784-0017_-13,"['SNR: -13']"
587-54108-0048_-4,"['SNR: -4']"
2843-152918-0015_0,"['SNR: 0']"
6563-63821-0009_-7,"['SNR: -7']"
4051-11218-0045_-10,"['SNR: -10']"
4088-158077-0017_4,"['SNR: 4']"
83-9960-0037_10,"['SNR: 10']"
2416-152139-0034_10,"['SNR: 10']"
2384-152900-0087_-8,"['SNR: -8']"
1263-141777-0002_3,"['SNR: 3']"
8312-279790-0007_1,"['SNR: 1']"
6848-252323-0037_-12,"['SNR: -12']"
8063-274116-0030_4,"['SNR: 4']"
1088-134315-0006_8,"['SNR: 8']"
1183-128659-0018_-11,"['SNR: -11']"
60-121082-0053_-3,"['SNR: -3']"
1578-6379-0040_9,"['SNR: 9']"
1334-135589-0047_6,"['SNR: 6']"
587-54108-0015_10,"['SNR: 10']"
7278-91083-0008_10,"['SNR: 10']"
5390-24512-0046_7,"['SNR: 7']"
7302-86815-0065_-4,"['SNR: -4']"
332-128985-0052_-3,"['SNR: -3']"
3664-178355-0020_-4,"['SNR: -4']"
6531-61334-0085_-2,"['SNR: -2']"
3214-167606-0000_-11,"['SNR: -11']"
233-134440-0042_0,"['SNR: 0']"
3242-8112-0008_-10,"['SNR: -10']"
3857-182317-0019_-9,"['SNR: -9']"
3440-171009-0059_-11,"['SNR: -11']"
8088-284756-0004_-3,"['SNR: -3']"
1355-39947-0012_-1,"['SNR: -1']"
3242-67168-0034_0,"['SNR: 0']"
1898-145702-0008_-11,"['SNR: -11']"
669-129061-0000_-6,"['SNR: -6']"
7794-295948-0019_-10,"['SNR: -10']"
7278-104730-0035_-8,"['SNR: -8']"
40-121026-0003_5,"['SNR: 5']"
1723-141149-0091_-15,"['SNR: -15']"
3242-8112-0037_-3,"['SNR: -3']"
4014-186176-0043_5,"['SNR: 5']"
118-121721-0011_-6,"['SNR: -6']"
7078-271888-0102_-10,"['SNR: -10']"
1578-6379-0048_3,"['SNR: 3']"
1743-142914-0016_-7,"['SNR: -7']"
196-122152-0018_-13,"['SNR: -13']"
4297-13009-0059_-6,"['SNR: -6']"
1069-133709-0001_0,"['SNR: 0']"
669-129061-0079_-15,"['SNR: -15']"
78-368-0030_-5,"['SNR: -5']"
3214-167607-0027_-2,"['SNR: -2']"
911-130578-0002_-12,"['SNR: -12']"
198-126831-0023_-5,"['SNR: -5']"
150-126107-0010_-2,"['SNR: -2']"
481-123720-0041_-1,"['SNR: -1']"
887-123289-0025_-11,"['SNR: -11']"
3807-4955-0031_-1,"['SNR: -1']"
2952-408-0027_4,"['SNR: 4']"
4340-15220-0014_7,"['SNR: 7']"
8580-287363-0017_1,"['SNR: 1']"
19-227-0029_10,"['SNR: 10']"
6000-55211-0014_8,"['SNR: 8']"
8095-274346-0008_2,"['SNR: 2']"
229-130880-0054_-11,"['SNR: -11']"
7312-92432-0009_6,"['SNR: 6']"
226-131532-0007_-3,"['SNR: -3']"
5778-12761-0004_-8,"['SNR: -8']"
2764-36619-0037_-13,"['SNR: -13']"
1970-10594-0008_0,"['SNR: 0']"
8108-280354-0006_-8,"['SNR: -8']"
7113-86041-0029_6,"['SNR: 6']"
3486-166424-0031_2,"['SNR: 2']"
3699-47246-0019_5,"['SNR: 5']"
5456-24741-0004_7,"['SNR: 7']"
1246-124550-0027_10,"['SNR: 10']"
5652-39938-0065_0,"['SNR: 0']"
1926-147979-0015_-7,"['SNR: -7']"
3699-47246-0008_0,"['SNR: 0']"
8419-293473-0019_1,"['SNR: 1']"
4160-11550-0036_8,"['SNR: 8']"
8108-280359-0025_-6,"['SNR: -6']"
6000-55211-0035_-13,"['SNR: -13']"
1926-147979-0002_-3,"['SNR: -3']"
8425-287387-0020_-1,"['SNR: -1']"
19-227-0019_-14,"['SNR: -14']"
6147-34606-0027_-12,"['SNR: -12']"
5808-48608-0026_9,"['SNR: 9']"
1363-139304-0020_-9,"['SNR: -9']"
1363-135842-0045_-11,"['SNR: -11']"
8098-275181-0024_1,"['SNR: 1']"
6272-70171-0038_-13,"['SNR: -13']"
125-121342-0020_1,"['SNR: 1']"
7800-283478-0034_-9,"['SNR: -9']"
125-121342-0022_3,"['SNR: 3']"
4406-16882-0041_-14,"['SNR: -14']"
2436-2477-0030_-12,"['SNR: -12']"
1926-147979-0016_-4,"['SNR: -4']"
1455-134435-0035_5,"['SNR: 5']"
1447-130550-0016_-1,"['SNR: -1']"
298-126791-0058_1,"['SNR: 1']"
289-121665-0013_-7,"['SNR: -7']"
8312-279790-0011_-12,"['SNR: -12']"
3112-9555-0030_-2,"['SNR: -2']"
2092-145709-0017_-5,"['SNR: -5']"
211-122425-0066_9,"['SNR: 9']"
328-129766-0028_-6,"['SNR: -6']"
5463-39173-0063_-12,"['SNR: -12']"
3259-158083-0104_5,"['SNR: 5']"
8095-274345-0030_-1,"['SNR: -1']"
8051-119902-0010_-11,"['SNR: -11']"
196-122152-0003_-5,"['SNR: -5']"
446-123501-0003_2,"['SNR: 2']"
6078-54007-0012_-12,"['SNR: -12']"
1455-138263-0004_4,"['SNR: 4']"
2952-408-0029_6,"['SNR: 6']"
254-27760-0010_-1,"['SNR: -1']"
5456-24741-0014_9,"['SNR: 9']"
8747-293952-0108_8,"['SNR: 8']"
8095-274348-0002_-12,"['SNR: -12']"
6064-300880-0026_5,"['SNR: 5']"
5652-39938-0041_5,"['SNR: 5']"
4195-186237-0027_0,"['SNR: 0']"
6385-34669-0022_4,"['SNR: 4']"
226-131532-0003_-6,"['SNR: -6']"
8797-294123-0034_4,"['SNR: 4']"
4051-10927-0000_-4,"['SNR: -4']"
307-127539-0036_-6,"['SNR: -6']"
6415-116629-0014_6,"['SNR: 6']"
405-130894-0074_10,"['SNR: 10']"
3168-173565-0005_-8,"['SNR: -8']"
6272-70171-0019_-1,"['SNR: -1']"
2893-139322-0023_-1,"['SNR: -1']"
6081-41997-0001_-14,"['SNR: -14']"
298-126791-0023_10,"['SNR: 10']"
426-122819-0034_-5,"['SNR: -5']"
446-123502-0009_1,"['SNR: 1']"
6529-62556-0021_-1,"['SNR: -1']"
6019-3185-0087_-8,"['SNR: -8']"
3699-47246-0022_6,"['SNR: 6']"
3983-5331-0013_6,"['SNR: 6']"
87-121553-0088_-2,"['SNR: -2']"
6019-3185-0053_-6,"['SNR: -6']"
3374-298026-0014_-3,"['SNR: -3']"
8051-119902-0020_-8,"['SNR: -8']"
200-124139-0017_-13,"['SNR: -13']"
6415-111615-0030_-7,"['SNR: -7']"
103-1240-0005_-11,"['SNR: -11']"
6000-55211-0054_-5,"['SNR: -5']"
4481-17498-0044_6,"['SNR: 6']"
4214-7146-0028_9,"['SNR: 9']"
32-4137-0054_7,"['SNR: 7']"
3830-12530-0042_5,"['SNR: 5']"
201-127786-0006_9,"['SNR: 9']"
78-368-0025_-13,"['SNR: -13']"
163-121908-0011_-14,"['SNR: -14']"
4018-103416-0004_10,"['SNR: 10']"
226-131533-0032_4,"['SNR: 4']"
7264-92310-0005_-13,"['SNR: -13']"
5104-33406-0047_2,"['SNR: 2']"
322-124147-0063_-9,"['SNR: -9']"
587-41619-0015_-11,"['SNR: -11']"
2391-145015-0095_-11,"['SNR: -11']"
5456-62043-0016_5,"['SNR: 5']"
5652-19215-0061_-5,"['SNR: -5']"
7302-86814-0008_-8,"['SNR: -8']"
4195-186238-0011_-10,"['SNR: -10']"
8051-118101-0028_-10,"['SNR: -10']"
4859-26870-0002_-15,"['SNR: -15']"
3436-172162-0016_-5,"['SNR: -5']"
3168-173564-0018_-4,"['SNR: -4']"
4441-76263-0039_-1,"['SNR: -1']"
669-129061-0056_-6,"['SNR: -6']"
332-128985-0082_9,"['SNR: 9']"
2910-131096-0068_-9,"['SNR: -9']"
6181-216552-0059_-1,"['SNR: -1']"
4088-158077-0030_-15,"['SNR: -15']"
1926-143879-0044_-11,"['SNR: -11']"
5703-47212-0048_-10,"['SNR: -10']"
2691-156745-0028_-4,"['SNR: -4']"
5808-54425-0040_-12,"['SNR: -12']"
311-124404-0095_-4,"['SNR: -4']"
1594-135914-0065_8,"['SNR: 8']"
226-122538-0029_-12,"['SNR: -12']"
3436-172171-0046_-4,"['SNR: -4']"
1502-122619-0056_4,"['SNR: 4']"
311-124404-0101_-9,"['SNR: -9']"
7278-91083-0019_-2,"['SNR: -2']"
403-126855-0000_-14,"['SNR: -14']"
1737-142397-0026_-3,"['SNR: -3']"
5463-39174-0050_9,"['SNR: 9']"
3259-158083-0119_1,"['SNR: 1']"
4014-186176-0038_-4,"['SNR: -4']"
8468-294887-0024_-1,"['SNR: -1']"
2092-145706-0038_-10,"['SNR: -10']"
625-132112-0012_-7,"['SNR: -7']"
8838-298546-0029_4,"['SNR: 4']"
4014-186176-0029_8,"['SNR: 8']"
5561-41616-0010_1,"['SNR: 1']"
4830-25904-0010_-5,"['SNR: -5']"
6181-216552-0029_-7,"['SNR: -7']"
2289-152253-0002_3,"['SNR: 3']"
3374-298032-0005_-7,"['SNR: -7']"
6531-61334-0105_7,"['SNR: 7']"
4441-76263-0031_6,"['SNR: 6']"
201-127786-0081_-14,"['SNR: -14']"
2007-149877-0013_1,"['SNR: 1']"
4018-107312-0019_-12,"['SNR: -12']"
8095-274346-0028_7,"['SNR: 7']"
4406-16883-0010_-7,"['SNR: -7']"
2136-5143-0012_-8,"['SNR: -8']"
2691-156745-0010_-12,"['SNR: -12']"
4137-11702-0032_-4,"['SNR: -4']"
6454-93938-0021_-14,"['SNR: -14']"
6476-96661-0010_-13,"['SNR: -13']"
2911-15084-0007_7,"['SNR: 7']"
211-122442-0064_-9,"['SNR: -9']"
5778-54535-0006_1,"['SNR: 1']"
2289-152257-0002_-5,"['SNR: -5']"
3830-12535-0012_-5,"['SNR: -5']"
887-123291-0025_-13,"['SNR: -13']"
1970-10594-0007_3,"['SNR: 3']"
2911-12359-0025_-15,"['SNR: -15']"
2952-407-0002_-3,"['SNR: -3']"
6529-62556-0032_7,"['SNR: 7']"
3486-166424-0013_-11,"['SNR: -11']"
1963-142393-0003_10,"['SNR: 10']"
7780-274562-0029_6,"['SNR: 6']"
5163-18515-0009_-8,"['SNR: -8']"
3857-182317-0023_-6,"['SNR: -6']"
1355-39947-0042_-15,"['SNR: -15']"
254-127705-0017_0,"['SNR: 0']"
6147-34605-0013_-9,"['SNR: -9']"
445-123857-0018_4,"['SNR: 4']"
8629-261140-0025_-4,"['SNR: -4']"
8747-293952-0039_-8,"['SNR: -8']"
83-11691-0011_9,"['SNR: 9']"
322-124146-0031_-12,"['SNR: -12']"
3374-298026-0003_-4,"['SNR: -4']"
332-128985-0011_2,"['SNR: 2']"
374-180299-0031_-15,"['SNR: -15']"
3807-4923-0013_-9,"['SNR: -9']"
7402-90848-0042_-14,"['SNR: -14']"
4441-76262-0014_9,"['SNR: 9']"
8051-295385-0024_2,"['SNR: 2']"
6454-120342-0033_4,"['SNR: 4']"
696-92939-0028_-1,"['SNR: -1']"
2836-5354-0010_2,"['SNR: 2']"
1926-143879-0034_-12,"['SNR: -12']"
1455-134435-0018_-10,"['SNR: -10']"
200-124139-0001_-13,"['SNR: -13']"
481-123719-0039_-3,"['SNR: -3']"
2182-181173-0009_-2,"['SNR: -2']"
1737-142397-0032_-5,"['SNR: -5']"
909-131044-0028_6,"['SNR: 6']"
7800-283478-0009_-4,"['SNR: -4']"
87-121553-0011_-2,"['SNR: -2']"
3982-182255-0002_-7,"['SNR: -7']"
460-172359-0064_-12,"['SNR: -12']"
1926-143879-0004_2,"['SNR: 2']"
5390-30102-0005_-8,"['SNR: -8']"
7402-90848-0038_6,"['SNR: 6']"
2843-152918-0066_-1,"['SNR: -1']"
5049-25947-0024_-14,"['SNR: -14']"
3857-180923-0021_1,"['SNR: 1']"
4160-14187-0022_0,"['SNR: 0']"
730-358-0061_-10,"['SNR: -10']"
8425-292520-0028_-9,"['SNR: -9']"
1743-142912-0035_-11,"['SNR: -11']"
6209-34599-0018_-6,"['SNR: -6']"
3983-5371-0001_-8,"['SNR: -8']"
3879-174923-0040_-12,"['SNR: -12']"
4014-186176-0028_8,"['SNR: 8']"
6563-63821-0019_-13,"['SNR: -13']"
3664-178366-0034_-14,"['SNR: -14']"
32-4137-0024_-2,"['SNR: -2']"
3879-174923-0011_-14,"['SNR: -14']"
4406-16882-0038_-8,"['SNR: -8']"
3947-13262-0006_-5,"['SNR: -5']"
2910-131096-0091_-3,"['SNR: -3']"
250-142276-0031_7,"['SNR: 7']"
60-121082-0043_-4,"['SNR: -4']"
118-124588-0000_1,"['SNR: 1']"
7780-274562-0056_-12,"['SNR: -12']"
78-368-0028_-2,"['SNR: -2']"
83-9960-0051_-1,"['SNR: -1']"
4088-158077-0006_0,"['SNR: 0']"
4160-11549-0016_1,"['SNR: 1']"
5750-35690-0028_7,"['SNR: 7']"
1578-140045-0026_-3,"['SNR: -3']"
8312-279791-0013_3,"['SNR: 3']"
2007-149877-0020_8,"['SNR: 8']"
2514-149482-0050_-9,"['SNR: -9']"
1034-121119-0063_-11,"['SNR: -11']"
8226-274369-0039_-15,"['SNR: -15']"
7447-91186-0022_-14,"['SNR: -14']"
78-369-0056_-7,"['SNR: -7']"
4406-16882-0004_-11,"['SNR: -11']"
7859-102518-0026_-3,"['SNR: -3']"
8238-274553-0040_1,"['SNR: 1']"
5456-58161-0002_4,"['SNR: 4']"
8324-286682-0007_-13,"['SNR: -13']"
909-131045-0029_-7,"['SNR: -7']"
2989-138035-0050_-14,"['SNR: -14']"
4640-19187-0015_-15,"['SNR: -15']"
1723-141149-0023_-11,"['SNR: -11']"
5390-30102-0000_1,"['SNR: 1']"
8098-275181-0002_3,"['SNR: 3']"
89-219-0044_-11,"['SNR: -11']"
1723-141149-0028_-10,"['SNR: -10']"
3112-9555-0045_-9,"['SNR: -9']"
32-21625-0006_-7,"['SNR: -7']"
89-219-0021_-13,"['SNR: -13']"
32-21625-0010_6,"['SNR: 6']"
2514-149482-0094_7,"['SNR: 7']"
5104-33407-0030_4,"['SNR: 4']"
7635-105661-0025_-10,"['SNR: -10']"
8088-284756-0036_-1,"['SNR: -1']"
7402-90848-0053_-10,"['SNR: -10']"
7800-283478-0027_-12,"['SNR: -12']"
6081-41997-0010_0,"['SNR: 0']"
696-92939-0021_1,"['SNR: 1']"
7264-92314-0004_-15,"['SNR: -15']"
4137-11701-0005_1,"['SNR: 1']"
2092-145709-0010_-14,"['SNR: -14']"
1355-39947-0080_-12,"['SNR: -12']"
1246-124550-0008_1,"['SNR: 1']"
4853-27670-0009_-10,"['SNR: -10']"
8797-294123-0066_8,"['SNR: 8']"
7078-271888-0104_2,"['SNR: 2']"
4137-11701-0038_-2,"['SNR: -2']"
4859-29340-0007_2,"['SNR: 2']"
254-27760-0031_3,"['SNR: 3']"
1743-142913-0002_-10,"['SNR: -10']"
2007-132570-0060_-10,"['SNR: -10']"
6476-57446-0044_-14,"['SNR: -14']"
4406-16882-0051_8,"['SNR: 8']"
887-123291-0003_-14,"['SNR: -14']"
3947-13260-0039_6,"['SNR: 6']"
254-12312-0006_-10,"['SNR: -10']"
4397-15668-0031_-7,"['SNR: -7']"
196-122152-0001_-10,"['SNR: -10']"
5652-39938-0001_-7,"['SNR: -7']"
4362-15663-0040_-6,"['SNR: -6']"
2182-150130-0037_-11,"['SNR: -11']"
2092-145706-0000_-11,"['SNR: -11']"
6531-61334-0078_-10,"['SNR: -10']"
7067-76047-0000_10,"['SNR: 10']"
2836-5355-0042_1,"['SNR: 1']"
7078-271888-0074_5,"['SNR: 5']"
4813-248638-0025_-15,"['SNR: -15']"
3440-171009-0009_-15,"['SNR: -15']"
6437-66173-0008_1,"['SNR: 1']"
2989-138028-0010_4,"['SNR: 4']"
5022-29405-0012_-5,"['SNR: -5']"
6880-216547-0050_9,"['SNR: 9']"
4680-16041-0011_2,"['SNR: 2']"
2843-152918-0101_-3,"['SNR: -3']"
839-130898-0083_-6,"['SNR: -6']"
3259-158083-0088_8,"['SNR: 8']"
374-180299-0036_6,"['SNR: 6']"
6836-61804-0037_9,"['SNR: 9']"
1867-154075-0024_-9,"['SNR: -9']"
3374-298025-0001_-3,"['SNR: -3']"
4362-15663-0017_-1,"['SNR: -1']"
1992-141719-0002_-12,"['SNR: -12']"
2836-5355-0048_6,"['SNR: 6']"
4406-16882-0044_-4,"['SNR: -4']"
1455-134435-0053_-15,"['SNR: -15']"
7067-76048-0002_4,"['SNR: 4']"
2416-152139-0001_-4,"['SNR: -4']"
8226-274369-0033_0,"['SNR: 0']"
839-130898-0099_3,"['SNR: 3']"
8468-286673-0009_8,"['SNR: 8']"
1116-137572-0049_5,"['SNR: 5']"
2893-139322-0024_-2,"['SNR: -2']"
405-130894-0009_-12,"['SNR: -12']"
5322-7678-0031_-11,"['SNR: -11']"
4853-27671-0028_2,"['SNR: 2']"
8088-284756-0076_-2,"['SNR: -2']"
3982-182255-0030_-15,"['SNR: -15']"
250-142276-0041_7,"['SNR: 7']"
322-124146-0013_5,"['SNR: 5']"
163-122947-0011_10,"['SNR: 10']"
8419-286676-0006_-12,"['SNR: -12']"
5463-39173-0031_-9,"['SNR: -9']"
1363-135842-0021_7,"['SNR: 7']"
7800-283492-0031_-7,"['SNR: -7']"
8609-262281-0005_-1,"['SNR: -1']"
730-360-0019_-2,"['SNR: -2']"
4680-16042-0037_-15,"['SNR: -15']"
481-123720-0065_-11,"['SNR: -11']"
5339-14133-0049_-9,"['SNR: -9']"
3982-178459-0041_-12,"['SNR: -12']"
125-121342-0030_5,"['SNR: 5']"
730-358-0024_9,"['SNR: 9']"
4397-15678-0035_6,"['SNR: 6']"
1743-142913-0010_2,"['SNR: 2']"
1263-141777-0030_-8,"['SNR: -8']"
4340-15220-0100_-8,"['SNR: -8']"
2514-149482-0016_-10,"['SNR: -10']"
458-126305-0023_-13,"['SNR: -13']"
307-127535-0007_8,"['SNR: 8']"
7505-258958-0015_4,"['SNR: 4']"
7635-105409-0009_-12,"['SNR: -12']"
403-128339-0013_6,"['SNR: 6']"
200-126784-0010_-3,"['SNR: -3']"
5778-54535-0036_9,"['SNR: 9']"
4640-19187-0012_-13,"['SNR: -13']"
1081-125237-0036_5,"['SNR: 5']"
6454-107462-0005_4,"['SNR: 4']"
5463-39173-0018_-13,"['SNR: -13']"
2391-145015-0065_-4,"['SNR: -4']"
32-21631-0014_-10,"['SNR: -10']"
1898-145715-0003_-10,"['SNR: -10']"
445-123860-0006_6,"['SNR: 6']"
8051-295385-0013_-3,"['SNR: -3']"
460-172357-0022_-13,"['SNR: -13']"
5022-29411-0000_-15,"['SNR: -15']"
3947-13262-0029_5,"['SNR: 5']"
481-123719-0030_-2,"['SNR: -2']"
6078-54007-0034_-10,"['SNR: -10']"
2764-36616-0024_8,"['SNR: 8']"
1926-147979-0034_-5,"['SNR: -5']"
3436-172171-0008_-3,"['SNR: -3']"
1963-147036-0027_10,"['SNR: 10']"
2436-2477-0005_-15,"['SNR: -15']"
4362-15663-0104_-5,"['SNR: -5']"
2691-156745-0006_-12,"['SNR: -12']"
3983-5371-0052_-3,"['SNR: -3']"
5561-39621-0011_0,"['SNR: 0']"
4297-13009-0026_2,"['SNR: 2']"
328-129766-0069_7,"['SNR: 7']"
8838-298545-0047_-4,"['SNR: -4']"
3440-171006-0016_-8,"['SNR: -8']"
7059-88364-0014_-5,"['SNR: -5']"
7367-86737-0015_10,"['SNR: 10']"
831-130746-0020_-7,"['SNR: -7']"
2289-152253-0009_-1,"['SNR: -1']"
7278-91083-0012_-13,"['SNR: -13']"
5688-41232-0047_9,"['SNR: 9']"
2007-132570-0045_-15,"['SNR: -15']"
5652-39938-0045_1,"['SNR: 1']"
332-128985-0072_-5,"['SNR: -5']"
2518-154826-0033_-10,"['SNR: -10']"
89-218-0022_-9,"['SNR: -9']"
7278-246956-0014_-3,"['SNR: -3']"
3235-11599-0008_-15,"['SNR: -15']"
8063-274117-0018_-9,"['SNR: -9']"
8095-274346-0017_0,"['SNR: 0']"
1594-135914-0035_2,"['SNR: 2']"
7178-34644-0017_-14,"['SNR: -14']"
150-132655-0029_0,"['SNR: 0']"
6476-57446-0037_-1,"['SNR: -1']"
446-123502-0021_-12,"['SNR: -12']"
7402-59171-0031_7,"['SNR: 7']"
8580-287364-0039_-2,"['SNR: -2']"
6415-116629-0001_9,"['SNR: 9']"
89-218-0039_5,"['SNR: 5']"
2989-138028-0054_-14,"['SNR: -14']"
1235-135887-0003_1,"['SNR: 1']"
1116-137572-0051_-12,"['SNR: -12']"
198-209-0003_-9,"['SNR: -9']"
250-142286-0001_-14,"['SNR: -14']"
5808-48608-0049_-1,"['SNR: -1']"
2436-2476-0000_-9,"['SNR: -9']"
4640-19189-0010_-2,"['SNR: -2']"
2843-152918-0067_-12,"['SNR: -12']"
2136-5147-0025_4,"['SNR: 4']"
4481-17499-0024_-5,"['SNR: -5']"
6367-65536-0035_-8,"['SNR: -8']"
3440-171009-0072_-15,"['SNR: -15']"
7505-258964-0016_4,"['SNR: 4']"
5192-19397-0078_9,"['SNR: 9']"
460-172357-0011_10,"['SNR: 10']"
4340-15220-0088_-10,"['SNR: -10']"
1594-135914-0053_5,"['SNR: 5']"
3235-11599-0011_9,"['SNR: 9']"
5393-19219-0041_-2,"['SNR: -2']"
2764-36617-0032_-4,"['SNR: -4']"
5339-14134-0071_-4,"['SNR: -4']"
1743-142913-0015_10,"['SNR: 10']"
7780-274562-0014_2,"['SNR: 2']"
4088-158077-0070_-1,"['SNR: -1']"
4297-13009-0000_3,"['SNR: 3']"
4297-13009-0023_-5,"['SNR: -5']"
730-359-0007_0,"['SNR: 0']"
2436-2481-0007_6,"['SNR: 6']"
8838-298545-0044_-13,"['SNR: -13']"
302-123504-0028_2,"['SNR: 2']"
7264-92310-0015_0,"['SNR: 0']"
2391-145015-0035_-14,"['SNR: -14']"
5561-41616-0036_-9,"['SNR: -9']"
229-130880-0089_-7,"['SNR: -7']"
587-54108-0013_6,"['SNR: 6']"
7059-77897-0023_9,"['SNR: 9']"
2989-138028-0036_-12,"['SNR: -12']"
1040-133433-0070_-4,"['SNR: -4']"
4898-20016-0001_6,"['SNR: 6']"
7367-86737-0079_-10,"['SNR: -10']"
1578-140049-0027_-3,"['SNR: -3']"
60-121082-0048_-9,"['SNR: -9']"
2391-145015-0075_1,"['SNR: 1']"
6078-54007-0028_-14,"['SNR: -14']"
1183-133256-0023_-11,"['SNR: -11']"
6078-54007-0007_5,"['SNR: 5']"
909-131044-0032_3,"['SNR: 3']"
669-129074-0022_-2,"['SNR: -2']"
696-93314-0062_1,"['SNR: 1']"
669-129061-0025_-2,"['SNR: -2']"
4137-11702-0041_-1,"['SNR: -1']"
7367-86737-0096_-15,"['SNR: -15']"
118-47824-0013_-11,"['SNR: -11']"
6848-252322-0006_1,"['SNR: 1']"
6415-116629-0008_-6,"['SNR: -6']"
8838-298546-0002_-4,"['SNR: -4']"
5456-58161-0004_-12,"['SNR: -12']"
8419-293473-0007_-3,"['SNR: -3']"
5049-25947-0067_-8,"['SNR: -8']"
8051-295385-0020_0,"['SNR: 0']"
2136-5140-0000_-9,"['SNR: -9']"
5192-19397-0070_-15,"['SNR: -15']"
458-126290-0017_-14,"['SNR: -14']"
1737-148989-0009_-15,"['SNR: -15']"
1246-124548-0014_-13,"['SNR: -13']"
1263-141777-0031_5,"['SNR: 5']"
8975-270782-0055_-11,"['SNR: -11']"
1246-124548-0002_10,"['SNR: 10']"
1363-135842-0024_-10,"['SNR: -10']"
1723-141149-0036_1,"['SNR: 1']"
6476-96661-0015_1,"['SNR: 1']"
6078-54007-0001_-11,"['SNR: -11']"
7113-86041-0075_9,"['SNR: 9']"
460-172357-0013_8,"['SNR: 8']"
3259-158083-0067_-9,"['SNR: -9']"
4481-17498-0000_-15,"['SNR: -15']"
1743-142913-0026_3,"['SNR: 3']"
1578-6379-0005_-7,"['SNR: -7']"
6385-220959-0019_-9,"['SNR: -9']"
26-495-0085_-4,"['SNR: -4']"
446-123502-0022_-14,"['SNR: -14']"
7278-246956-0016_-5,"['SNR: -5']"
1578-6379-0019_0,"['SNR: 0']"
7635-105409-0062_-12,"['SNR: -12']"
6437-66173-0035_-1,"['SNR: -1']"
1502-122619-0008_-11,"['SNR: -11']"
32-4137-0019_3,"['SNR: 3']"
587-54108-0050_-6,"['SNR: -6']"
1098-133695-0091_-11,"['SNR: -11']"
248-130652-0017_9,"['SNR: 9']"
5322-7680-0019_1,"['SNR: 1']"
3807-4923-0005_7,"['SNR: 7']"
328-129766-0009_-5,"['SNR: -5']"
2691-156755-0008_-7,"['SNR: -7']"
2436-2477-0023_1,"['SNR: 1']"
2817-142371-0075_-2,"['SNR: -2']"
1992-141719-0048_-5,"['SNR: -5']"
1743-142914-0002_10,"['SNR: 10']"
8580-287363-0028_-13,"['SNR: -13']"
2952-408-0013_-12,"['SNR: -12']"
27-124992-0020_-10,"['SNR: -10']"
26-496-0012_-9,"['SNR: -9']"
8238-283452-0002_-4,"['SNR: -4']"
1355-39947-0052_9,"['SNR: 9']"
481-123719-0025_9,"['SNR: 9']"
1841-159771-0023_10,"['SNR: 10']"
5393-19219-0028_-12,"['SNR: -12']"
5688-41232-0010_-10,"['SNR: -10']"
2952-407-0021_-1,"['SNR: -1']"
5393-19219-0003_-14,"['SNR: -14']"
4362-15663-0002_-10,"['SNR: -10']"
4362-15663-0030_-5,"['SNR: -5']"
7113-86041-0095_-13,"['SNR: -13']"
8014-112586-0019_-10,"['SNR: -10']"
7226-86964-0002_10,"['SNR: 10']"
8609-283227-0010_1,"['SNR: 1']"
5022-29411-0040_-3,"['SNR: -3']"
8838-298546-0005_-5,"['SNR: -5']"
6529-62556-0045_-2,"['SNR: -2']"
4680-16041-0031_9,"['SNR: 9']"
250-140277-0003_-3,"['SNR: -3']"
4441-76263-0024_-7,"['SNR: -7']"
696-93314-0017_-10,"['SNR: -10']"
3526-176651-0022_-14,"['SNR: -14']"
196-122159-0004_-9,"['SNR: -9']"
198-129977-0008_-9,"['SNR: -9']"
89-218-0002_-7,"['SNR: -7']"
2989-138028-0069_7,"['SNR: 7']"
302-123523-0008_-5,"['SNR: -5']"
4088-158077-0008_-10,"['SNR: -10']"
6531-61334-0026_-3,"['SNR: -3']"
4813-248641-0024_4,"['SNR: 4']"
8238-274553-0061_-1,"['SNR: -1']"
5192-19396-0030_0,"['SNR: 0']"
7067-76048-0050_-12,"['SNR: -12']"
460-172357-0014_-12,"['SNR: -12']"
6064-300880-0036_1,"['SNR: 1']"
4853-29413-0005_-2,"['SNR: -2']"
4640-19187-0034_10,"['SNR: 10']"
1553-140047-0049_-10,"['SNR: -10']"
446-123502-0013_-8,"['SNR: -8']"
8088-284756-0030_-12,"['SNR: -12']"
289-121652-0009_0,"['SNR: 0']"
839-130898-0023_-12,"['SNR: -12']"
8312-279790-0034_5,"['SNR: 5']"
1088-134318-0012_0,"['SNR: 0']"
2289-152254-0007_-12,"['SNR: -12']"
2764-36616-0033_8,"['SNR: 8']"
2289-152253-0025_-3,"['SNR: -3']"
8629-261139-0014_0,"['SNR: 0']"
89-219-0052_1,"['SNR: 1']"
1034-121119-0081_-4,"['SNR: -4']"
27-124992-0044_-9,"['SNR: -9']"
8425-292520-0023_3,"['SNR: 3']"
5322-7679-0008_8,"['SNR: 8']"
87-121553-0092_1,"['SNR: 1']"
460-172359-0088_-3,"['SNR: -3']"
5456-24741-0018_8,"['SNR: 8']"
1867-148436-0030_0,"['SNR: 0']"
8975-270782-0091_-5,"['SNR: -5']"
3830-12529-0000_4,"['SNR: 4']"
8088-284756-0012_-13,"['SNR: -13']"
3168-173565-0004_-14,"['SNR: -14']"
3240-131232-0029_-6,"['SNR: -6']"
2136-5140-0034_2,"['SNR: 2']"
7278-104730-0032_-4,"['SNR: -4']"
1926-147987-0030_6,"['SNR: 6']"
2416-152139-0005_9,"['SNR: 9']"
8465-246940-0024_0,"['SNR: 0']"
8797-294123-0019_-8,"['SNR: -8']"
374-180298-0062_-7,"['SNR: -7']"
3947-13260-0000_-10,"['SNR: -10']"
1088-134315-0046_-7,"['SNR: -7']"
5322-7679-0015_9,"['SNR: 9']"
5778-12761-0026_5,"['SNR: 5']"
2092-145706-0071_3,"['SNR: 3']"
1455-138263-0017_7,"['SNR: 7']"
289-121665-0015_4,"['SNR: 4']"
7402-90848-0030_-7,"['SNR: -7']"
40-121026-0005_-11,"['SNR: -11']"
7148-7763-0020_-10,"['SNR: -10']"
6367-65536-0044_4,"['SNR: 4']"
196-122150-0023_-12,"['SNR: -12']"
8975-270782-0094_8,"['SNR: 8']"
6367-65536-0030_-15,"['SNR: -15']"
1098-133695-0064_-3,"['SNR: -3']"
32-4137-0042_-4,"['SNR: -4']"
3374-298025-0010_0,"['SNR: 0']"
4014-186176-0004_8,"['SNR: 8']"
1334-135589-0086_-15,"['SNR: -15']"
481-123720-0017_-2,"['SNR: -2']"
2136-5147-0012_-9,"['SNR: -9']"
7178-34645-0007_-4,"['SNR: -4']"
481-123720-0014_1,"['SNR: 1']"
3242-67153-0033_8,"['SNR: 8']"
7190-90542-0022_10,"['SNR: 10']"
1455-138263-0026_4,"['SNR: 4']"
1867-154075-0042_-14,"['SNR: -14']"
5750-35690-0029_-5,"['SNR: -5']"
7794-295947-0016_5,"['SNR: 5']"
211-122442-0044_-3,"['SNR: -3']"
587-54108-0010_-10,"['SNR: -10']"
4014-186175-0036_-9,"['SNR: -9']"
1970-10594-0010_-4,"['SNR: -4']"
211-122425-0017_3,"['SNR: 3']"
5750-100289-0014_-8,"['SNR: -8']"
8324-286683-0032_7,"['SNR: 7']"
6181-216552-0078_-8,"['SNR: -8']"
7226-86964-0017_5,"['SNR: 5']"
3830-12530-0030_3,"['SNR: 3']"
3259-158083-0121_-5,"['SNR: -5']"
7447-91187-0028_4,"['SNR: 4']"
19-227-0071_5,"['SNR: 5']"
2159-179157-0019_1,"['SNR: 1']"
2764-36617-0023_-8,"['SNR: -8']"
7178-34644-0009_0,"['SNR: 0']"
625-132112-0030_-11,"['SNR: -11']"
8419-286676-0018_9,"['SNR: 9']"
32-4137-0012_-10,"['SNR: -10']"
3235-28452-0030_-5,"['SNR: -5']"
3486-166424-0049_-2,"['SNR: -2']"
625-132118-0035_4,"['SNR: 4']"
78-368-0031_7,"['SNR: 7']"
5192-19397-0058_-2,"['SNR: -2']"
7780-274562-0022_6,"['SNR: 6']"
8088-284756-0057_2,"['SNR: 2']"
839-130898-0064_-13,"['SNR: -13']"
2436-2481-0027_-2,"['SNR: -2']"
201-127786-0020_-10,"['SNR: -10']"
4014-186183-0004_10,"['SNR: 10']"
200-124140-0018_-8,"['SNR: -8']"
7264-92310-0026_8,"['SNR: 8']"
201-127786-0005_-4,"['SNR: -4']"
8238-283452-0034_7,"['SNR: 7']"
27-123349-0029_-5,"['SNR: -5']"
8226-274371-0031_5,"['SNR: 5']"
6848-252322-0013_-14,"['SNR: -14']"
4898-28461-0046_-4,"['SNR: -4']"
5750-100289-0085_-10,"['SNR: -10']"
2182-181183-0017_-4,"['SNR: -4']"
2002-139469-0079_-1,"['SNR: -1']"
3983-5371-0039_-15,"['SNR: -15']"
2952-407-0025_-15,"['SNR: -15']"
3723-171631-0047_-14,"['SNR: -14']"
6563-63821-0034_1,"['SNR: 1']"
6181-216552-0112_-3,"['SNR: -3']"
5750-100289-0005_-2,"['SNR: -2']"
6848-252323-0021_3,"['SNR: 3']"
2989-138028-0004_6,"['SNR: 6']"
1578-140049-0025_-9,"['SNR: -9']"
163-122947-0089_-6,"['SNR: -6']"
4680-16042-0012_-8,"['SNR: -8']"
5456-62014-0018_-6,"['SNR: -6']"
5789-70653-0024_2,"['SNR: 2']"
3259-158083-0044_9,"['SNR: 9']"
1841-150351-0019_0,"['SNR: 0']"
5867-48852-0099_-12,"['SNR: -12']"
2196-170151-0005_-3,"['SNR: -3']"
6272-70168-0016_3,"['SNR: 3']"
7148-7763-0022_5,"['SNR: 5']"
8465-246942-0001_-5,"['SNR: -5']"
200-124140-0019_8,"['SNR: 8']"
3807-4923-0025_-13,"['SNR: -13']"
5393-19218-0030_2,"['SNR: 2']"
1355-39947-0084_3,"['SNR: 3']"
1447-17506-0009_-3,"['SNR: -3']"
7067-76048-0053_6,"['SNR: 6']"
7511-102419-0036_7,"['SNR: 7']"
426-122819-0012_2,"['SNR: 2']"
8226-274371-0011_-2,"['SNR: -2']"
5808-54425-0007_-10,"['SNR: -10']"
27-124992-0072_-15,"['SNR: -15']"
6078-54013-0009_2,"['SNR: 2']"
4680-16026-0010_2,"['SNR: 2']"
1040-133433-0003_-9,"['SNR: -9']"
730-359-0022_0,"['SNR: 0']"
909-131044-0027_3,"['SNR: 3']"
2092-145709-0009_4,"['SNR: 4']"
8770-295462-0034_-11,"['SNR: -11']"
1594-135914-0112_-8,"['SNR: -8']"
1737-142396-0016_-12,"['SNR: -12']"
2289-152258-0017_7,"['SNR: 7']"
8770-295465-0020_3,"['SNR: 3']"
4397-15668-0007_-14,"['SNR: -14']"
7635-105661-0022_10,"['SNR: 10']"
2911-12359-0022_-10,"['SNR: -10']"
3699-47246-0026_-5,"['SNR: -5']"
1246-124548-0023_-1,"['SNR: -1']"
8226-274369-0056_-8,"['SNR: -8']"
5339-14134-0055_-15,"['SNR: -15']"
5514-19192-0047_0,"['SNR: 0']"
2436-2481-0037_-14,"['SNR: -14']"
3983-5371-0037_0,"['SNR: 0']"
2911-15045-0015_-6,"['SNR: -6']"
8468-294887-0017_0,"['SNR: 0']"
5104-33407-0048_-5,"['SNR: -5']"
302-123516-0030_5,"['SNR: 5']"
226-131532-0013_-15,"['SNR: -15']"
3879-174923-0019_-7,"['SNR: -7']"
2691-156745-0044_0,"['SNR: 0']"
7447-91187-0034_-2,"['SNR: -2']"
1235-135884-0004_8,"['SNR: 8']"
4406-16883-0003_2,"['SNR: 2']"
3699-19402-0027_-5,"['SNR: -5']"
2384-152900-0072_8,"['SNR: 8']"
201-127786-0022_-1,"['SNR: -1']"
8095-274345-0002_10,"['SNR: 10']"
3436-172171-0013_1,"['SNR: 1']"
1867-154071-0039_-13,"['SNR: -13']"
2159-179154-0014_10,"['SNR: 10']"
4340-15220-0085_-15,"['SNR: -15']"
625-132118-0023_9,"['SNR: 9']"
19-198-0016_9,"['SNR: 9']"
7367-86737-0105_-12,"['SNR: -12']"
6437-66172-0028_5,"['SNR: 5']"
7067-76048-0060_-8,"['SNR: -8']"
7302-86815-0070_-9,"['SNR: -9']"
4340-15220-0056_-15,"['SNR: -15']"
5192-19397-0022_5,"['SNR: 5']"
5867-48852-0055_-6,"['SNR: -6']"
2289-152258-0039_8,"['SNR: 8']"
2159-179154-0000_-2,"['SNR: -2']"
8580-287364-0018_8,"['SNR: 8']"
7113-86041-0093_-1,"['SNR: -1']"
1081-125237-0008_8,"['SNR: 8']"
118-124588-0016_8,"['SNR: 8']"
4481-17498-0019_2,"['SNR: 2']"
2002-139469-0000_-8,"['SNR: -8']"
7859-102519-0044_8,"['SNR: 8']"
198-126831-0009_-1,"['SNR: -1']"
4813-248638-0001_-10,"['SNR: -10']"
5750-35690-0002_-8,"['SNR: -8']"
8468-295198-0028_-10,"['SNR: -10']"
1235-135884-0022_-15,"['SNR: -15']"
6147-34605-0035_8,"['SNR: 8']"
5322-7678-0033_-3,"['SNR: -3']"
6078-54007-0002_-2,"['SNR: -2']"
7148-7763-0025_-6,"['SNR: -6']"
6836-61803-0025_-9,"['SNR: -9']"
6880-216547-0029_-15,"['SNR: -15']"
163-122947-0066_-9,"['SNR: -9']"
8312-279790-0051_-13,"['SNR: -13']"
8051-119902-0038_-13,"['SNR: -13']"
4088-158079-0016_-4,"['SNR: -4']"
696-93314-0060_10,"['SNR: 10']"
2518-154826-0031_-13,"['SNR: -13']"
374-180299-0017_-14,"['SNR: -14']"
2691-156745-0041_-2,"['SNR: -2']"
254-27760-0020_4,"['SNR: 4']"
289-121652-0007_-8,"['SNR: -8']"
4160-11550-0028_-3,"['SNR: -3']"
6272-70171-0027_-5,"['SNR: -5']"
250-142276-0014_1,"['SNR: 1']"
4788-294466-0028_6,"['SNR: 6']"
19-227-0040_-13,"['SNR: -13']"
5390-30102-0029_0,"['SNR: 0']"
3699-19401-0018_9,"['SNR: 9']"
150-132655-0010_9,"['SNR: 9']"
2384-152900-0050_-2,"['SNR: -2']"
6454-107462-0036_-3,"['SNR: -3']"
4051-11218-0040_7,"['SNR: 7']"
250-142276-0006_-12,"['SNR: -12']"
405-130895-0022_8,"['SNR: 8']"
1069-133699-0033_6,"['SNR: 6']"
5652-19215-0010_-10,"['SNR: -10']"
6081-42010-0010_-11,"['SNR: -11']"
2817-142371-0014_-1,"['SNR: -1']"
3947-13262-0023_-8,"['SNR: -8']"
669-129061-0037_8,"['SNR: 8']"
125-121124-0087_-2,"['SNR: -2']"
78-368-0051_4,"['SNR: 4']"
2289-152258-0018_-9,"['SNR: -9']"
911-130578-0008_1,"['SNR: 1']"
163-122947-0054_0,"['SNR: 0']"
1963-142393-0056_3,"['SNR: 3']"
5789-57195-0032_5,"['SNR: 5']"
4898-20016-0007_3,"['SNR: 3']"
2952-410-0013_-7,"['SNR: -7']"
4362-15663-0016_-9,"['SNR: -9']"
5322-7678-0013_-13,"['SNR: -13']"
8419-286676-0026_4,"['SNR: 4']"
118-121721-0027_-3,"['SNR: -3']"
696-93314-0007_8,"['SNR: 8']"
1594-135914-0124_-2,"['SNR: -2']"
8324-286683-0034_2,"['SNR: 2']"
5192-19397-0012_-10,"['SNR: -10']"
7148-59157-0040_-8,"['SNR: -8']"
3374-298032-0007_-1,"['SNR: -1']"
2989-138035-0054_8,"['SNR: 8']"
2817-142371-0005_-7,"['SNR: -7']"
2910-131096-0026_9,"['SNR: 9']"
8088-284756-0109_-4,"['SNR: -4']"
4680-16026-0025_-12,"['SNR: -12']"
1263-138246-0019_6,"['SNR: 6']"
4397-15678-0016_-11,"['SNR: -11']"
6836-61803-0011_-1,"['SNR: -1']"
1081-125237-0003_1,"['SNR: 1']"
4830-25904-0023_-2,"['SNR: -2']"
163-121908-0004_-2,"['SNR: -2']"
696-93314-0032_-14,"['SNR: -14']"
3235-28433-0044_-2,"['SNR: -2']"
3440-171009-0018_8,"['SNR: 8']"
8095-274345-0027_-7,"['SNR: -7']"
4859-29340-0001_-3,"['SNR: -3']"
8629-261139-0024_0,"['SNR: 0']"
412-126975-0064_-10,"['SNR: -10']"
887-123289-0019_-11,"['SNR: -11']"
5778-54535-0015_-6,"['SNR: -6']"
5463-39174-0048_-8,"['SNR: -8']"
1334-135589-0021_-6,"['SNR: -6']"
5463-39174-0033_7,"['SNR: 7']"
7113-86041-0036_-7,"['SNR: -7']"
8014-112586-0004_1,"['SNR: 1']"
2384-152900-0012_-15,"['SNR: -15']"
5022-29405-0025_-9,"['SNR: -9']"
6880-216547-0091_-3,"['SNR: -3']"
7278-104730-0001_4,"['SNR: 4']"
403-216-0011_-6,"['SNR: -6']"
8108-274318-0033_6,"['SNR: 6']"
3112-9555-0085_-14,"['SNR: -14']"
7800-283492-0023_-12,"['SNR: -12']"
8095-274346-0007_-7,"['SNR: -7']"
2159-179157-0033_-15,"['SNR: -15']"
125-121124-0047_-3,"['SNR: -3']"
481-123720-0070_-8,"['SNR: -8']"
1235-135884-0013_9,"['SNR: 9']"
7780-274562-0070_6,"['SNR: 6']"
3607-29116-0026_-13,"['SNR: -13']"
5322-7680-0030_-9,"['SNR: -9']"
4214-7146-0026_-7,"['SNR: -7']"
6078-54007-0020_-11,"['SNR: -11']"
1723-141149-0014_-9,"['SNR: -9']"
4640-19187-0022_-7,"['SNR: -7']"
4898-28461-0059_6,"['SNR: 6']"
6147-34605-0033_0,"['SNR: 0']"
4853-27671-0014_-12,"['SNR: -12']"
1447-130550-0005_0,"['SNR: 0']"
7264-92314-0026_9,"['SNR: 9']"
6209-34601-0012_-10,"['SNR: -10']"
4640-19188-0019_9,"['SNR: 9']"
5390-24512-0042_-14,"['SNR: -14']"
19-198-0003_10,"['SNR: 10']"
3526-176653-0005_-13,"['SNR: -13']"
5339-14134-0063_6,"['SNR: 6']"
3983-5331-0006_3,"['SNR: 3']"
6019-3185-0021_3,"['SNR: 3']"
2092-145709-0012_1,"['SNR: 1']"
233-134440-0059_9,"['SNR: 9']"
7859-102518-0005_-10,"['SNR: -10']"
2817-142371-0019_-15,"['SNR: -15']"
7447-91187-0009_-14,"['SNR: -14']"
78-368-0003_5,"['SNR: 5']"
211-122425-0005_5,"['SNR: 5']"
730-360-0015_-11,"['SNR: -11']"
7067-76047-0046_-9,"['SNR: -9']"
8063-274115-0024_-6,"['SNR: -6']"
1081-125237-0087_5,"['SNR: 5']"
1235-135884-0031_-9,"['SNR: -9']"
7367-86737-0035_7,"['SNR: 7']"
6880-216547-0085_9,"['SNR: 9']"
8226-274371-0042_-6,"['SNR: -6']"
5678-43302-0025_-1,"['SNR: -1']"
374-180299-0013_-13,"['SNR: -13']"
6272-70191-0003_-6,"['SNR: -6']"
196-122150-0031_-5,"['SNR: -5']"
26-496-0005_7,"['SNR: 7']"
8123-275209-0001_5,"['SNR: 5']"
229-130880-0017_3,"['SNR: 3']"
3664-11714-0021_-14,"['SNR: -14']"
2514-149482-0031_-12,"['SNR: -12']"
198-209-0012_-5,"['SNR: -5']"
163-122947-0077_-8,"['SNR: -8']"
7178-34644-0036_4,"['SNR: 4']"
1088-129236-0018_6,"['SNR: 6']"
5688-15787-0025_-13,"['SNR: -13']"
7505-258964-0051_1,"['SNR: 1']"
8324-286682-0038_0,"['SNR: 0']"
8747-293952-0091_7,"['SNR: 7']"
3723-171115-0013_-4,"['SNR: -4']"
1355-39947-0029_7,"['SNR: 7']"
7517-100429-0030_-8,"['SNR: -8']"
2989-138028-0033_-8,"['SNR: -8']"
2518-154826-0035_10,"['SNR: 10']"
1355-39947-0068_-14,"['SNR: -14']"
229-130880-0010_-6,"['SNR: -6']"
125-121124-0082_-1,"['SNR: -1']"
307-127535-0037_-15,"['SNR: -15']"
1263-138246-0005_3,"['SNR: 3']"
405-130894-0001_6,"['SNR: 6']"
2893-139322-0009_-9,"['SNR: -9']"
6476-57446-0045_-7,"['SNR: -7']"
2416-152137-0015_-15,"['SNR: -15']"
7402-90848-0014_-3,"['SNR: -3']"
298-126791-0036_6,"['SNR: 6']"
1246-135815-0012_-5,"['SNR: -5']"
2817-142371-0023_0,"['SNR: 0']"
4018-103416-0033_8,"['SNR: 8']"
1594-135914-0087_-9,"['SNR: -9']"
1867-154071-0005_7,"['SNR: 7']"
89-218-0037_10,"['SNR: 10']"
6209-34601-0023_7,"['SNR: 7']"
8629-261140-0000_3,"['SNR: 3']"
6000-86686-0018_8,"['SNR: 8']"
3374-298026-0005_-12,"['SNR: -12']"
7511-102419-0008_-11,"['SNR: -11']"
229-130880-0038_2,"['SNR: 2']"
118-47824-0061_-3,"['SNR: -3']"
3374-298026-0033_0,"['SNR: 0']"
6019-3185-0055_5,"['SNR: 5']"
302-123523-0027_-9,"['SNR: -9']"
6848-252322-0007_9,"['SNR: 9']"
289-121665-0033_-11,"['SNR: -11']"
198-129977-0025_-15,"['SNR: -15']"
5049-25947-0038_1,"['SNR: 1']"
7148-59157-0028_-9,"['SNR: -9']"
2952-410-0045_8,"['SNR: 8']"
6818-76332-0007_-1,"['SNR: -1']"
118-47824-0076_5,"['SNR: 5']"
2002-139469-0089_8,"['SNR: 8']"
3879-174923-0045_-4,"['SNR: -4']"
7402-90848-0054_0,"['SNR: 0']"
4813-248638-0027_6,"['SNR: 6']"
3242-8112-0023_-9,"['SNR: -9']"
7511-102420-0016_3,"['SNR: 3']"
2391-145015-0070_-14,"['SNR: -14']"
1594-135914-0016_1,"['SNR: 1']"
1455-134435-0000_-9,"['SNR: -9']"
4830-25898-0002_5,"['SNR: 5']"
5514-19192-0012_-11,"['SNR: -11']"
3947-13260-0038_2,"['SNR: 2']"
6531-61334-0028_3,"['SNR: 3']"
6880-216547-0079_6,"['SNR: 6']"
1737-148989-0005_-8,"['SNR: -8']"
3879-174923-0042_-9,"['SNR: -9']"
2691-156755-0012_9,"['SNR: 9']"
4481-17499-0001_3,"['SNR: 3']"
2514-149482-0051_5,"['SNR: 5']"
2911-15045-0003_7,"['SNR: 7']"
125-121124-0065_-13,"['SNR: -13']"
3240-131232-0030_4,"['SNR: 4']"
163-122947-0020_-2,"['SNR: -2']"
8580-287364-0009_-12,"['SNR: -12']"
248-130697-0023_5,"['SNR: 5']"
8797-294123-0025_-3,"['SNR: -3']"
5652-39938-0015_-6,"['SNR: -6']"
911-130578-0016_-1,"['SNR: -1']"
6454-93938-0010_-5,"['SNR: -5']"
163-122947-0093_-4,"['SNR: -4']"
322-124147-0064_-13,"['SNR: -13']"
4195-186236-0013_-3,"['SNR: -3']"
7367-86737-0092_5,"['SNR: 5']"
328-129766-0024_6,"['SNR: 6']"
7312-92432-0018_2,"['SNR: 2']"
1926-147987-0019_-6,"['SNR: -6']"
78-369-0014_-5,"['SNR: -5']"
27-124992-0013_5,"['SNR: 5']"
229-130880-0065_-8,"['SNR: -8']"
7078-271888-0042_5,"['SNR: 5']"
3240-131231-0039_-11,"['SNR: -11']"
6818-76332-0017_-6,"['SNR: -6']"
5688-15787-0011_3,"['SNR: 3']"
5339-14134-0015_6,"['SNR: 6']"
5750-35690-0025_-4,"['SNR: -4']"
4397-15668-0004_-6,"['SNR: -6']"
298-126790-0010_2,"['SNR: 2']"
2136-5143-0003_10,"['SNR: 10']"
302-123523-0006_4,"['SNR: 4']"
7859-102518-0014_7,"['SNR: 7']"
4788-91208-0011_-11,"['SNR: -11']"
6081-41998-0013_-5,"['SNR: -5']"
1334-135589-0066_-12,"['SNR: -12']"
1116-132847-0033_9,"['SNR: 9']"
2836-5355-0013_-13,"['SNR: -13']"
6367-65536-0020_2,"['SNR: 2']"
229-130880-0012_-2,"['SNR: -2']"
40-222-0027_-9,"['SNR: -9']"
26-495-0087_3,"['SNR: 3']"
250-142286-0018_-1,"['SNR: -1']"
3857-182315-0021_2,"['SNR: 2']"
730-359-0031_9,"['SNR: 9']"
229-130880-0019_-1,"['SNR: -1']"
7367-86737-0054_9,"['SNR: 9']"
4051-11217-0002_5,"['SNR: 5']"
1334-135589-0054_-9,"['SNR: -9']"
3947-13260-0044_3,"['SNR: 3']"
8975-270782-0045_-12,"['SNR: -12']"
3664-178366-0036_-2,"['SNR: -2']"
6454-93938-0024_9,"['SNR: 9']"
7278-246956-0028_-13,"['SNR: -13']"
4267-78186-0023_-14,"['SNR: -14']"
4481-17498-0036_8,"['SNR: 8']"
1898-145724-0009_-6,"['SNR: -6']"
4481-17498-0043_-11,"['SNR: -11']"
6529-62554-0052_10,"['SNR: 10']"
3436-172171-0030_-15,"['SNR: -15']"
2952-408-0011_-11,"['SNR: -11']"
27-124992-0073_-3,"['SNR: -3']"
625-132118-0000_-9,"['SNR: -9']"
4014-186176-0016_7,"['SNR: 7']"
1334-135589-0083_2,"['SNR: 2']"
2952-410-0023_-1,"['SNR: -1']"
8324-286683-0002_10,"['SNR: 10']"
5163-18515-0003_-7,"['SNR: -7']"
8063-274116-0014_-8,"['SNR: -8']"
1867-154075-0012_0,"['SNR: 0']"
460-172359-0010_1,"['SNR: 1']"
5022-29411-0003_6,"['SNR: 6']"
405-130894-0069_2,"['SNR: 2']"
6000-55211-0045_2,"['SNR: 2']"
8123-275216-0027_-12,"['SNR: -12']"
8465-246940-0007_-14,"['SNR: -14']"
6081-41998-0015_-9,"['SNR: -9']"
6272-70171-0009_7,"['SNR: 7']"
2391-145015-0044_-14,"['SNR: -14']"
7402-90848-0026_6,"['SNR: 6']"
5022-29411-0022_-13,"['SNR: -13']"
4297-13009-0049_-5,"['SNR: -5']"
1263-138246-0018_0,"['SNR: 0']"
5322-7680-0007_-13,"['SNR: -13']"
2836-5354-0028_-13,"['SNR: -13']"
5703-47198-0014_-5,"['SNR: -5']"
5808-48608-0012_10,"['SNR: 10']"
6476-57446-0031_-4,"['SNR: -4']"
909-131045-0034_7,"['SNR: 7']"
40-222-0017_2,"['SNR: 2']"
118-47824-0077_-13,"['SNR: -13']"
229-130880-0005_-11,"['SNR: -11']"
4406-16882-0043_4,"['SNR: 4']"
625-132118-0030_4,"['SNR: 4']"
1098-133695-0010_-15,"['SNR: -15']"
1455-134435-0027_1,"['SNR: 1']"
1553-140047-0041_9,"['SNR: 9']"
426-122822-0008_-7,"['SNR: -7']"
6476-57446-0047_-12,"['SNR: -12']"
6385-220959-0016_-9,"['SNR: -9']"
2136-5147-0033_-13,"['SNR: -13']"
8629-261139-0065_4,"['SNR: 4']"
27-124992-0051_-9,"['SNR: -9']"
2893-139310-0053_-11,"['SNR: -11']"
2764-36619-0032_-12,"['SNR: -12']"
1081-125237-0088_2,"['SNR: 2']"
7312-92432-0007_-5,"['SNR: -5']"
4160-11549-0005_-3,"['SNR: -3']"
8226-274371-0032_-7,"['SNR: -7']"
8609-262281-0006_-14,"['SNR: -14']"
2092-145706-0044_0,"['SNR: 0']"
4853-27671-0000_-7,"['SNR: -7']"
19-227-0007_6,"['SNR: 6']"
4406-16883-0005_-10,"['SNR: -10']"
39-121915-0013_-7,"['SNR: -7']"
118-121721-0007_5,"['SNR: 5']"
4853-27671-0021_-14,"['SNR: -14']"
1723-141149-0107_-2,"['SNR: -2']"
4340-15220-0032_5,"['SNR: 5']"
2764-36616-0021_1,"['SNR: 1']"
730-358-0030_1,"['SNR: 1']"
7302-86815-0082_-11,"['SNR: -11']"
6531-61334-0018_-8,"['SNR: -8']"
3259-158083-0077_-2,"['SNR: -2']"
7302-86815-0007_2,"['SNR: 2']"
3879-174923-0037_-7,"['SNR: -7']"
198-209-0033_10,"['SNR: 10']"
7780-274562-0016_-5,"['SNR: -5']"
5678-43302-0013_-10,"['SNR: -10']"
6563-63821-0008_-5,"['SNR: -5']"
7059-77900-0009_4,"['SNR: 4']"
6531-61334-0009_-8,"['SNR: -8']"
6367-65536-0039_1,"['SNR: 1']"
2436-2476-0018_10,"['SNR: 10']"
3699-19402-0009_-7,"['SNR: -7']"
8226-274371-0026_7,"['SNR: 7']"
3723-171631-0046_-9,"['SNR: -9']"
233-155990-0016_-15,"['SNR: -15']"
3112-9555-0066_-10,"['SNR: -10']"
5778-12761-0037_6,"['SNR: 6']"
150-132655-0022_6,"['SNR: 6']"
60-121082-0090_-15,"['SNR: -15']"
5678-43303-0024_1,"['SNR: 1']"
3607-29116-0027_9,"['SNR: 9']"
3214-167607-0016_2,"['SNR: 2']"
5678-43303-0008_0,"['SNR: 0']"
298-126790-0007_-9,"['SNR: -9']"
481-123720-0035_-5,"['SNR: -5']"
8108-280359-0020_-6,"['SNR: -6']"
201-122255-0041_3,"['SNR: 3']"
298-126791-0049_-8,"['SNR: -8']"
226-122538-0009_-2,"['SNR: -2']"
2182-181183-0015_-14,"['SNR: -14']"
8609-283227-0051_9,"['SNR: 9']"
7367-86737-0060_0,"['SNR: 0']"
5163-39921-0029_9,"['SNR: 9']"
7800-283492-0022_5,"['SNR: 5']"
4441-76263-0005_-6,"['SNR: -6']"
1963-147036-0033_-2,"['SNR: -2']"
458-126305-0000_9,"['SNR: 9']"
7402-59171-0019_-8,"['SNR: -8']"
1743-142912-0004_7,"['SNR: 7']"
7078-271888-0077_2,"['SNR: 2']"
8123-275209-0027_-10,"['SNR: -10']"
1963-142393-0033_-12,"['SNR: -12']"
7226-86964-0057_-5,"['SNR: -5']"
8063-274112-0016_-10,"['SNR: -10']"
1898-145715-0040_5,"['SNR: 5']"
7635-105409-0044_-6,"['SNR: -6']"
298-126791-0048_-11,"['SNR: -11']"
7190-90543-0041_-5,"['SNR: -5']"
6454-120342-0027_-4,"['SNR: -4']"
1743-142912-0013_7,"['SNR: 7']"
32-21625-0008_-5,"['SNR: -5']"
1088-129236-0008_5,"['SNR: 5']"
5104-33406-0022_6,"['SNR: 6']"
163-122947-0084_0,"['SNR: 0']"
426-122821-0029_4,"['SNR: 4']"
1363-139304-0036_1,"['SNR: 1']"
78-368-0011_1,"['SNR: 1']"
6064-56165-0035_-9,"['SNR: -9']"
1447-130550-0027_7,"['SNR: 7']"
150-126112-0014_-6,"['SNR: -6']"
307-127540-0004_6,"['SNR: 6']"
405-130894-0044_-10,"['SNR: -10']"
5703-47212-0026_-15,"['SNR: -15']"
8609-283227-0002_10,"['SNR: 10']"
2416-152139-0030_-15,"['SNR: -15']"
6476-57446-0061_6,"['SNR: 6']"
6078-54013-0005_-7,"['SNR: -7']"
8238-283452-0035_-11,"['SNR: -11']"
60-121082-0034_0,"['SNR: 0']"
5514-19192-0028_9,"['SNR: 9']"
4088-158077-0078_-12,"['SNR: -12']"
2989-138028-0048_2,"['SNR: 2']"
1069-133709-0018_-5,"['SNR: -5']"
730-360-0027_-6,"['SNR: -6']"
625-132118-0006_-3,"['SNR: -3']"
7078-271888-0022_5,"['SNR: 5']"
5867-48852-0101_-10,"['SNR: -10']"
5049-25947-0045_-1,"['SNR: -1']"
4195-17507-0046_-9,"['SNR: -9']"
2911-7601-0022_7,"['SNR: 7']"
625-132112-0009_1,"['SNR: 1']"
5561-41616-0030_-2,"['SNR: -2']"
4137-11702-0036_-11,"['SNR: -11']"
4014-186175-0032_5,"['SNR: 5']"
1334-135589-0088_5,"['SNR: 5']"
307-127535-0032_-2,"['SNR: -2']"
4788-94904-0029_-1,"['SNR: -1']"
2391-145015-0015_1,"['SNR: 1']"
322-124147-0048_-4,"['SNR: -4']"
5049-25947-0073_-6,"['SNR: -6']"
1841-159771-0021_-10,"['SNR: -10']"
6415-100596-0014_-13,"['SNR: -13']"
254-127705-0018_-15,"['SNR: -15']"
4137-11701-0029_-14,"['SNR: -14']"
7148-7763-0019_-6,"['SNR: -6']"
3807-4955-0005_2,"['SNR: 2']"
3235-11599-0009_8,"['SNR: 8']"
3214-167606-0004_6,"['SNR: 6']"
19-227-0025_-5,"['SNR: -5']"
328-129766-0059_-10,"['SNR: -10']"
4813-248641-0014_-6,"['SNR: -6']"
26-495-0017_-6,"['SNR: -6']"
3857-182317-0018_-12,"['SNR: -12']"
200-124140-0038_-11,"['SNR: -11']"
2764-36617-0006_7,"['SNR: 7']"
5789-57158-0034_8,"['SNR: 8']"
2159-179156-0031_-5,"['SNR: -5']"
5678-43303-0000_-10,"['SNR: -10']"
374-180298-0006_10,"['SNR: 10']"
8465-246947-0027_-7,"['SNR: -7']"
125-121124-0016_-7,"['SNR: -7']"
405-130895-0020_7,"['SNR: 7']"
6272-70191-0019_-3,"['SNR: -3']"
1867-154075-0006_5,"['SNR: 5']"
8419-286676-0016_-7,"['SNR: -7']"
1363-139304-0030_-11,"['SNR: -11']"
6476-57446-0062_-2,"['SNR: -2']"
1723-141149-0046_8,"['SNR: 8']"
6367-74004-0007_5,"['SNR: 5']"
2843-152918-0096_-4,"['SNR: -4']"
7800-283478-0001_-9,"['SNR: -9']"
7859-102519-0048_-8,"['SNR: -8']"
6064-300880-0034_5,"['SNR: 5']"
89-219-0022_6,"['SNR: 6']"
831-130739-0027_-12,"['SNR: -12']"
8419-293469-0017_4,"['SNR: 4']"
5808-54425-0002_-8,"['SNR: -8']"
5808-48608-0024_8,"['SNR: 8']"
4853-27671-0012_-5,"['SNR: -5']"
1898-145724-0022_-10,"['SNR: -10']"
3526-176653-0015_-3,"['SNR: -3']"
7859-102521-0016_-14,"['SNR: -14']"
118-47824-0048_5,"['SNR: 5']"
2989-138028-0067_6,"['SNR: 6']"
6415-116629-0012_-15,"['SNR: -15']"
8609-283227-0027_4,"['SNR: 4']"
8014-112602-0007_-7,"['SNR: -7']"
4088-158079-0000_-10,"['SNR: -10']"
4195-17507-0043_1,"['SNR: 1']"
3664-178355-0008_-10,"['SNR: -10']"
412-126975-0025_-6,"['SNR: -6']"
4018-103416-0024_-8,"['SNR: -8']"
5322-7679-0005_4,"['SNR: 4']"
4898-28461-0038_-4,"['SNR: -4']"
7367-86737-0036_-13,"['SNR: -13']"
233-134440-0013_-11,"['SNR: -11']"
5163-18515-0035_10,"['SNR: 10']"
8465-246947-0025_-9,"['SNR: -9']"
8630-305213-0047_-9,"['SNR: -9']"
118-47824-0024_5,"['SNR: 5']"
3807-4923-0012_-14,"['SNR: -14']"
6563-285357-0025_8,"['SNR: 8']"
4195-17507-0018_-15,"['SNR: -15']"
4195-17507-0021_-7,"['SNR: -7']"
5163-18515-0014_-12,"['SNR: -12']"
441-128988-0025_-2,"['SNR: -2']"
2691-156750-0033_1,"['SNR: 1']"
3982-178459-0020_7,"['SNR: 7']"
32-21634-0003_-11,"['SNR: -11']"
460-172359-0095_10,"['SNR: 10']"
8238-283452-0007_-7,"['SNR: -7']"
332-128985-0000_-9,"['SNR: -9']"
8051-119902-0002_-2,"['SNR: -2']"
1183-133255-0012_8,"['SNR: 8']"
374-180299-0015_8,"['SNR: 8']"
1743-142914-0031_7,"['SNR: 7']"
6064-300880-0008_-13,"['SNR: -13']"
2289-152253-0030_-3,"['SNR: -3']"
4813-248641-0043_-10,"['SNR: -10']"
1970-10594-0022_-11,"['SNR: -11']"
307-127535-0036_8,"['SNR: 8']"
6000-55211-0015_-10,"['SNR: -10']"
87-121553-0034_-14,"['SNR: -14']"
412-126975-0057_-2,"['SNR: -2']"
696-92939-0011_6,"['SNR: 6']"
426-122822-0003_4,"['SNR: 4']"
6147-34605-0039_-3,"['SNR: -3']"
5789-57158-0013_-5,"['SNR: -5']"
60-121082-0035_-10,"['SNR: -10']"
8770-295462-0005_-11,"['SNR: -11']"
4680-16042-0021_8,"['SNR: 8']"
8312-279790-0001_-7,"['SNR: -7']"
3807-4955-0010_-14,"['SNR: -14']"
1235-135883-0042_6,"['SNR: 6']"
5688-15787-0027_2,"['SNR: 2']"
730-360-0028_-13,"['SNR: -13']"
3486-166446-0003_-15,"['SNR: -15']"
3436-172162-0030_-6,"['SNR: -6']"
7113-86041-0100_9,"['SNR: 9']"
1183-133255-0008_-12,"['SNR: -12']"
909-131041-0020_3,"['SNR: 3']"
39-121914-0011_-6,"['SNR: -6']"
4018-107338-0015_-11,"['SNR: -11']"
4397-15668-0015_-15,"['SNR: -15']"
3112-9555-0022_-2,"['SNR: -2']"
2002-139469-0037_2,"['SNR: 2']"
307-127540-0017_10,"['SNR: 10']"
4898-28461-0000_2,"['SNR: 2']"
839-130898-0033_-7,"['SNR: -7']"
3242-67168-0003_4,"['SNR: 4']"
3723-171115-0047_-14,"['SNR: -14']"
6476-96661-0017_-7,"['SNR: -7']"
5049-25947-0042_-1,"['SNR: -1']"
4898-28461-0007_-12,"['SNR: -12']"
4297-13006-0016_9,"['SNR: 9']"
426-122821-0035_-3,"['SNR: -3']"
1081-125237-0038_1,"['SNR: 1']"
8324-286683-0004_-14,"['SNR: -14']"
1578-140049-0028_-9,"['SNR: -9']"
1447-17506-0006_3,"['SNR: 3']"
3526-176653-0041_4,"['SNR: 4']"
19-227-0070_-15,"['SNR: -15']"
2817-142371-0072_4,"['SNR: 4']"
5022-29405-0033_0,"['SNR: 0']"
2893-139310-0052_-12,"['SNR: -12']"
27-123349-0039_-13,"['SNR: -13']"
3947-13260-0043_8,"['SNR: 8']"
4441-76250-0037_-13,"['SNR: -13']"
4214-7146-0021_-14,"['SNR: -14']"
374-180298-0012_-14,"['SNR: -14']"
4898-20016-0037_-9,"['SNR: -9']"
8838-298546-0040_-9,"['SNR: -9']"
481-123720-0040_-12,"['SNR: -12']"
302-123504-0025_-11,"['SNR: -11']"
1624-168623-0001_8,"['SNR: 8']"
8312-279791-0033_-4,"['SNR: -4']"
2391-145015-0039_-12,"['SNR: -12']"
6415-116629-0013_3,"['SNR: 3']"
26-495-0063_5,"['SNR: 5']"
4160-14187-0017_-1,"['SNR: -1']"
6385-34669-0019_-13,"['SNR: -13']"
1502-122619-0021_-13,"['SNR: -13']"
1334-135589-0030_-1,"['SNR: -1']"
3374-298026-0016_-7,"['SNR: -7']"
233-134440-0038_-13,"['SNR: -13']"
2289-152254-0019_-12,"['SNR: -12']"
211-122442-0029_-15,"['SNR: -15']"
3879-174923-0054_-15,"['SNR: -15']"
8051-118101-0025_2,"['SNR: 2']"
6925-80680-0028_-5,"['SNR: -5']"
3526-175658-0000_-15,"['SNR: -15']"
27-123349-0032_-13,"['SNR: -13']"
405-130895-0001_-13,"['SNR: -13']"
8629-261139-0020_4,"['SNR: 4']"
7505-258958-0024_6,"['SNR: 6']"
6531-61334-0072_6,"['SNR: 6']"
8419-293469-0002_-14,"['SNR: -14']"
445-123857-0008_4,"['SNR: 4']"
6563-63821-0045_9,"['SNR: 9']"
7078-271888-0016_-10,"['SNR: -10']"
26-495-0029_3,"['SNR: 3']"
4898-28461-0042_3,"['SNR: 3']"
1040-133433-0012_-3,"['SNR: -3']"
8063-274112-0025_3,"['SNR: 3']"
8098-278252-0012_-5,"['SNR: -5']"
4160-11549-0025_5,"['SNR: 5']"
2391-145015-0105_-7,"['SNR: -7']"
4088-158077-0018_-4,"['SNR: -4']"
8770-295463-0011_-12,"['SNR: -12']"
6272-70168-0023_9,"['SNR: 9']"
3699-19401-0021_-3,"['SNR: -3']"
5322-7679-0004_-13,"['SNR: -13']"
7367-86737-0057_5,"['SNR: 5']"
460-172359-0000_3,"['SNR: 3']"
7635-105409-0038_-6,"['SNR: -6']"
3436-172171-0059_-10,"['SNR: -10']"
730-359-0000_0,"['SNR: 0']"
8468-294887-0034_-7,"['SNR: -7']"
1898-145702-0001_-3,"['SNR: -3']"
2007-149877-0027_-6,"['SNR: -6']"
6064-56168-0006_6,"['SNR: 6']"
839-130898-0090_7,"['SNR: 7']"
3436-172171-0034_3,"['SNR: 3']"
5163-18515-0011_7,"['SNR: 7']"
7148-82991-0007_-12,"['SNR: -12']"
3857-180923-0020_-14,"['SNR: -14']"
1447-130551-0034_-9,"['SNR: -9']"
3983-5371-0058_-13,"['SNR: -13']"
1447-130551-0029_6,"['SNR: 6']"
3112-9555-0006_-10,"['SNR: -10']"
7859-102519-0043_6,"['SNR: 6']"
7635-105409-0025_0,"['SNR: 0']"
8419-286667-0002_7,"['SNR: 7']"
6476-96661-0002_-3,"['SNR: -3']"
3982-178459-0060_-14,"['SNR: -14']"
7264-92316-0024_-10,"['SNR: -10']"
481-123720-0050_7,"['SNR: 7']"
5808-54425-0006_-2,"['SNR: -2']"
6818-76332-0002_2,"['SNR: 2']"
4441-76263-0033_-1,"['SNR: -1']"
1040-133433-0023_3,"['SNR: 3']"
6209-34601-0037_7,"['SNR: 7']"
5789-57195-0004_-1,"['SNR: -1']"
426-122819-0018_9,"['SNR: 9']"
40-222-0067_-3,"['SNR: -3']"
8425-291444-0018_-15,"['SNR: -15']"
460-172359-0096_-1,"['SNR: -1']"
426-122819-0009_1,"['SNR: 1']"
446-123501-0043_5,"['SNR: 5']"
1502-122619-0025_5,"['SNR: 5']"
730-358-0017_6,"['SNR: 6']"
3242-67153-0035_10,"['SNR: 10']"
3879-173592-0043_5,"['SNR: 5']"
5022-29405-0042_-12,"['SNR: -12']"
78-368-0043_8,"['SNR: 8']"
8324-286681-0012_-2,"['SNR: -2']"
8609-262281-0040_-4,"['SNR: -4']"
298-126791-0009_-8,"['SNR: -8']"
3436-172171-0015_9,"['SNR: 9']"
3214-167607-0018_-14,"['SNR: -14']"
2764-36617-0025_-10,"['SNR: -10']"
3259-158083-0061_8,"['SNR: 8']"
6209-34599-0007_-8,"['SNR: -8']"
60-121082-0057_-7,"['SNR: -7']"
39-121916-0007_-10,"['SNR: -10']"
7447-91187-0055_7,"['SNR: 7']"
7800-283492-0000_1,"['SNR: 1']"
8238-274553-0033_-13,"['SNR: -13']"
4813-248638-0041_5,"['SNR: 5']"
6147-34606-0018_-3,"['SNR: -3']"
3112-9555-0034_10,"['SNR: 10']"
7067-76048-0038_-9,"['SNR: -9']"
4018-103416-0005_-3,"['SNR: -3']"
4680-16041-0030_-12,"['SNR: -12']"
2007-149877-0014_-10,"['SNR: -10']"
3436-172162-0031_4,"['SNR: 4']"
481-123720-0023_2,"['SNR: 2']"
6563-285357-0010_-15,"['SNR: -15']"
40-222-0038_10,"['SNR: 10']"
4397-15678-0019_-6,"['SNR: -6']"
6078-54013-0037_9,"['SNR: 9']"
4014-186179-0011_-12,"['SNR: -12']"
8226-274371-0001_6,"['SNR: 6']"
289-121665-0031_-15,"['SNR: -15']"
8609-283227-0019_9,"['SNR: 9']"
198-126831-0052_-4,"['SNR: -4']"
3983-5331-0005_3,"['SNR: 3']"
3374-298032-0009_-5,"['SNR: -5']"
3607-135982-0008_-5,"['SNR: -5']"
8747-293952-0032_-5,"['SNR: -5']"
1363-139304-0021_-11,"['SNR: -11']"
40-222-0034_-6,"['SNR: -6']"
2289-152257-0009_3,"['SNR: 3']"
7794-295947-0044_-5,"['SNR: -5']"
7067-76048-0057_8,"['SNR: 8']"
4813-248641-0032_-9,"['SNR: -9']"
3857-182315-0019_-10,"['SNR: -10']"
250-140277-0011_1,"['SNR: 1']"
730-360-0014_6,"['SNR: 6']"
8063-274115-0036_-7,"['SNR: -7']"
4406-16883-0053_7,"['SNR: 7']"
5808-54425-0013_1,"['SNR: 1']"
1841-179183-0022_-14,"['SNR: -14']"
5390-30096-0031_4,"['SNR: 4']"
446-123502-0024_-8,"['SNR: -8']"
4160-14187-0009_1,"['SNR: 1']"
6000-55211-0012_7,"['SNR: 7']"
7078-271888-0002_-3,"['SNR: -3']"
4340-15220-0099_-15,"['SNR: -15']"
6836-61804-0012_-9,"['SNR: -9']"
1263-141777-0017_5,"['SNR: 5']"
7113-86041-0021_-4,"['SNR: -4']"
6880-216547-0072_-4,"['SNR: -4']"
403-128339-0002_1,"['SNR: 1']"
8425-292520-0000_4,"['SNR: 4']"
5778-54535-0004_10,"['SNR: 10']"
7190-90542-0037_-15,"['SNR: -15']"
198-129977-0031_-8,"['SNR: -8']"
4195-17507-0034_-10,"['SNR: -10']"
4813-248641-0027_8,"['SNR: 8']"
696-92939-0031_-3,"['SNR: -3']"
3830-12530-0024_-1,"['SNR: -1']"
887-123289-0029_-8,"['SNR: -8']"
4397-15666-0011_1,"['SNR: 1']"
196-122150-0040_-10,"['SNR: -10']"
4195-186236-0011_-13,"['SNR: -13']"
446-123501-0055_-1,"['SNR: -1']"
8797-294123-0024_10,"['SNR: 10']"
2007-132570-0029_-5,"['SNR: -5']"
3982-178459-0040_6,"['SNR: 6']"
8312-279790-0040_-12,"['SNR: -12']"
5393-19218-0055_-12,"['SNR: -12']"
5688-15787-0007_3,"['SNR: 3']"
7302-86815-0050_10,"['SNR: 10']"
4051-10927-0019_-4,"['SNR: -4']"
1841-159771-0015_4,"['SNR: 4']"
3947-13262-0045_5,"['SNR: 5']"
2836-5354-0013_-15,"['SNR: -15']"
6367-65536-0004_-9,"['SNR: -9']"
1263-141777-0040_3,"['SNR: 3']"
1069-133709-0016_3,"['SNR: 3']"
831-130746-0028_-10,"['SNR: -10']"
1963-142393-0027_-9,"['SNR: -9']"
8609-283227-0039_4,"['SNR: 4']"
3214-167606-0030_-6,"['SNR: -6']"
7078-271888-0076_-10,"['SNR: -10']"
7067-76048-0052_10,"['SNR: 10']"
3240-131231-0085_6,"['SNR: 6']"
2002-139469-0018_0,"['SNR: 0']"
27-124992-0074_-6,"['SNR: -6']"
26-495-0049_-7,"['SNR: -7']"
1235-135883-0010_-3,"['SNR: -3']"
7226-86965-0023_-4,"['SNR: -4']"
8051-295385-0005_-14,"['SNR: -14']"
8014-112602-0023_9,"['SNR: 9']"
6078-54007-0009_-14,"['SNR: -14']"
2514-149482-0059_-7,"['SNR: -7']"
198-209-0017_6,"['SNR: 6']"
7113-86041-0024_5,"['SNR: 5']"
5104-33406-0061_-7,"['SNR: -7']"
7367-86737-0110_4,"['SNR: 4']"
7402-59171-0026_4,"['SNR: 4']"
2289-152258-0025_-8,"['SNR: -8']"
5339-14134-0056_2,"['SNR: 2']"
311-124404-0022_-6,"['SNR: -6']"
1624-168623-0017_2,"['SNR: 2']"
254-12312-0018_-11,"['SNR: -11']"
2952-407-0004_9,"['SNR: 9']"
2952-410-0005_6,"['SNR: 6']"
4014-186175-0038_-12,"['SNR: -12']"
6454-93938-0033_2,"['SNR: 2']"
426-122819-0030_9,"['SNR: 9']"
6437-66172-0040_-3,"['SNR: -3']"
2691-156745-0023_-2,"['SNR: -2']"
5652-39938-0046_2,"['SNR: 2']"
211-122442-0069_3,"['SNR: 3']"
1447-17506-0032_-5,"['SNR: -5']"
2952-408-0006_-12,"['SNR: -12']"
60-121082-0025_7,"['SNR: 7']"
19-227-0001_-1,"['SNR: -1']"
8580-287364-0014_6,"['SNR: 6']"
83-3054-0003_10,"['SNR: 10']"
200-124139-0036_2,"['SNR: 2']"
8419-293473-0001_-10,"['SNR: -10']"
1867-154071-0025_4,"['SNR: 4']"
6531-61334-0066_2,"['SNR: 2']"
6415-100596-0021_4,"['SNR: 4']"
5703-47212-0019_3,"['SNR: 3']"
3440-171009-0023_-15,"['SNR: -15']"
298-126791-0002_10,"['SNR: 10']"
89-218-0032_-13,"['SNR: -13']"
5808-48608-0005_-4,"['SNR: -4']"
5867-48852-0024_-2,"['SNR: -2']"
7302-86814-0009_3,"['SNR: 3']"
8088-284756-0043_0,"['SNR: 0']"
4195-186236-0010_-1,"['SNR: -1']"
5322-7680-0011_10,"['SNR: 10']"
6064-300880-0010_-4,"['SNR: -4']"
3723-171631-0045_-2,"['SNR: -2']"
3857-182317-0027_-7,"['SNR: -7']"
2989-138028-0023_-11,"['SNR: -11']"
1502-122619-0039_6,"['SNR: 6']"
6415-100596-0018_-13,"['SNR: -13']"
4051-11217-0004_-2,"['SNR: -2']"
8425-291444-0001_-7,"['SNR: -7']"
3982-178459-0001_-1,"['SNR: -1']"
4014-186183-0022_-15,"['SNR: -15']"
302-123504-0031_-4,"['SNR: -4']"
3259-158083-0122_-2,"['SNR: -2']"
1116-132847-0031_-8,"['SNR: -8']"
2182-181173-0017_-3,"['SNR: -3']"
8312-279791-0001_6,"['SNR: 6']"
7800-283478-0021_5,"['SNR: 5']"
3879-174923-0003_-12,"['SNR: -12']"
6848-252323-0022_3,"['SNR: 3']"
4406-16882-0003_-11,"['SNR: -11']"
1624-142933-0023_7,"['SNR: 7']"
7059-77897-0018_-14,"['SNR: -14']"
1737-142397-0041_-3,"['SNR: -3']"
250-142276-0033_-6,"['SNR: -6']"
3983-5331-0044_-8,"['SNR: -8']"
426-122821-0041_-5,"['SNR: -5']"
4014-186183-0005_10,"['SNR: 10']"
4088-158077-0074_4,"['SNR: 4']"
696-93314-0020_-1,"['SNR: -1']"
2136-5140-0022_-6,"['SNR: -6']"
2196-174172-0033_5,"['SNR: 5']"
5678-43303-0001_4,"['SNR: 4']"
2289-152258-0015_-9,"['SNR: -9']"
1334-135589-0073_-10,"['SNR: -10']"
1034-121119-0054_7,"['SNR: 7']"
2159-179157-0011_-3,"['SNR: -3']"
5322-7678-0002_-5,"['SNR: -5']"
4051-11217-0018_-4,"['SNR: -4']"
40-222-0035_-13,"['SNR: -13']"
3879-174923-0056_-8,"['SNR: -8']"
2136-5140-0025_2,"['SNR: 2']"
8797-294123-0084_-6,"['SNR: -6']"
8108-280354-0011_5,"['SNR: 5']"
3664-11714-0000_-3,"['SNR: -3']"
2416-152137-0034_-5,"['SNR: -5']"
7402-59171-0028_-7,"['SNR: -7']"
5192-19396-0018_-6,"['SNR: -6']"
7447-91187-0037_-13,"['SNR: -13']"
5390-30102-0025_9,"['SNR: 9']"
5049-25947-0077_-10,"['SNR: -10']"
6078-54007-0000_-5,"['SNR: -5']"
4830-25898-0031_-8,"['SNR: -8']"
1447-130551-0007_-8,"['SNR: -8']"
1898-145715-0048_3,"['SNR: 3']"
6147-34606-0020_-3,"['SNR: -3']"
8324-286683-0008_10,"['SNR: 10']"
7859-102521-0002_-10,"['SNR: -10']"
307-127540-0026_-10,"['SNR: -10']"
7517-100437-0020_2,"['SNR: 2']"
7800-283478-0030_7,"['SNR: 7']"
3879-173592-0039_-7,"['SNR: -7']"
4195-186238-0013_-1,"['SNR: -1']"
7505-83618-0014_1,"['SNR: 1']"
4014-186179-0015_3,"['SNR: 3']"
5867-48852-0026_10,"['SNR: 10']"
5463-39173-0047_-7,"['SNR: -7']"
4267-78186-0004_-11,"['SNR: -11']"
5322-7678-0021_7,"['SNR: 7']"
2989-138028-0020_2,"['SNR: 2']"
1502-122615-0016_-10,"['SNR: -10']"
7517-100442-0002_6,"['SNR: 6']"
103-1240-0040_-2,"['SNR: -2']"
3440-171009-0078_-3,"['SNR: -3']"
3699-47246-0025_6,"['SNR: 6']"
1088-134315-0012_-2,"['SNR: -2']"
5808-48608-0028_-5,"['SNR: -5']"
322-124146-0030_-10,"['SNR: -10']"
196-122150-0016_-7,"['SNR: -7']"
4813-248638-0034_4,"['SNR: 4']"
839-130898-0019_-1,"['SNR: -1']"
8238-274553-0053_-15,"['SNR: -15']"
60-121082-0046_2,"['SNR: 2']"
3112-9555-0001_7,"['SNR: 7']"
5678-43303-0032_1,"['SNR: 1']"
7190-90543-0011_3,"['SNR: 3']"
60-121082-0055_-15,"['SNR: -15']"
5022-29411-0007_4,"['SNR: 4']"
2952-408-0001_-1,"['SNR: -1']"
7059-77900-0017_-2,"['SNR: -2']"
2391-145015-0087_6,"['SNR: 6']"
4051-11217-0017_5,"['SNR: 5']"
6385-34655-0007_-12,"['SNR: -12']"
403-128339-0017_-7,"['SNR: -7']"
5778-54535-0031_10,"['SNR: 10']"
7302-86814-0040_4,"['SNR: 4']"
2196-170379-0007_3,"['SNR: 3']"
625-132112-0002_-5,"['SNR: -5']"
5104-33407-0015_5,"['SNR: 5']"
3830-12531-0019_8,"['SNR: 8']"
8123-275216-0015_7,"['SNR: 7']"
8014-112602-0030_-7,"['SNR: -7']"
403-128339-0010_-13,"['SNR: -13']"
4137-11701-0022_0,"['SNR: 0']"
4680-16041-0017_-7,"['SNR: -7']"
1081-125237-0053_1,"['SNR: 1']"
5789-70653-0033_-3,"['SNR: -3']"
8123-275209-0013_5,"['SNR: 5']"
7278-246956-0006_-13,"['SNR: -13']"
1841-150351-0028_-1,"['SNR: -1']"
1334-135589-0065_10,"['SNR: 10']"
229-130880-0072_6,"['SNR: 6']"
1355-39947-0087_-13,"['SNR: -13']"
6818-68772-0021_-10,"['SNR: -10']"
8419-286667-0007_4,"['SNR: 4']"
412-126975-0002_-11,"['SNR: -11']"
1235-135887-0024_1,"['SNR: 1']"
8465-246943-0026_-14,"['SNR: -14']"
8226-274371-0044_2,"['SNR: 2']"
839-130898-0076_-8,"['SNR: -8']"
254-127705-0019_-8,"['SNR: -8']"
1081-125237-0093_-4,"['SNR: -4']"
150-126107-0021_9,"['SNR: 9']"
5022-29405-0015_10,"['SNR: 10']"
4441-76250-0025_-15,"['SNR: -15']"
4830-25898-0039_-14,"['SNR: -14']"
2911-7601-0044_6,"['SNR: 6']"
5339-14133-0008_-8,"['SNR: -8']"
2764-36617-0035_-10,"['SNR: -10']"
5104-33407-0042_-7,"['SNR: -7']"
1034-121119-0064_1,"['SNR: 1']"
78-369-0016_-3,"['SNR: -3']"
1898-145715-0034_-5,"['SNR: -5']"
1926-147979-0000_6,"['SNR: 6']"
5049-25947-0123_0,"['SNR: 0']"
2836-5354-0026_-6,"['SNR: -6']"
229-130880-0080_-9,"['SNR: -9']"
39-121915-0017_-3,"['SNR: -3']"
405-130894-0032_-6,"['SNR: -6']"
1088-129236-0026_2,"['SNR: 2']"
322-124147-0015_2,"['SNR: 2']"
200-124139-0008_-7,"['SNR: -7']"
7078-271888-0055_-9,"['SNR: -9']"
2989-138028-0061_-6,"['SNR: -6']"
2416-152139-0040_10,"['SNR: 10']"
2989-138028-0075_8,"['SNR: 8']"
460-172359-0051_-5,"['SNR: -5']"
3436-172171-0027_-8,"['SNR: -8']"
3240-131232-0028_-11,"['SNR: -11']"
7226-86964-0030_6,"['SNR: 6']"
26-496-0026_-1,"['SNR: -1']"
89-219-0008_-5,"['SNR: -5']"
311-124404-0020_7,"['SNR: 7']"
441-130108-0018_-11,"['SNR: -11']"
4195-186237-0010_-3,"['SNR: -3']"
322-124146-0033_-5,"['SNR: -5']"
4160-14187-0001_-3,"['SNR: -3']"
3259-158083-0024_1,"['SNR: 1']"
3723-171631-0023_-8,"['SNR: -8']"
7113-86041-0034_4,"['SNR: 4']"
2514-149482-0006_-6,"['SNR: -6']"
6000-55211-0001_-15,"['SNR: -15']"
1502-122619-0050_-6,"['SNR: -6']"
289-121665-0026_9,"['SNR: 9']"
587-54108-0009_-5,"['SNR: -5']"
8770-295462-0003_3,"['SNR: 3']"
8419-293469-0013_3,"['SNR: 3']"
87-121553-0094_-10,"['SNR: -10']"
328-129766-0005_7,"['SNR: 7']"
200-124139-0027_-3,"['SNR: -3']"
3240-131232-0006_-15,"['SNR: -15']"
3857-182315-0038_8,"['SNR: 8']"
7635-105661-0021_-7,"['SNR: -7']"
2691-156750-0030_-11,"['SNR: -11']"
4267-72637-0023_0,"['SNR: 0']"
1963-142776-0023_-11,"['SNR: -11']"
8324-286681-0010_-4,"['SNR: -4']"
7447-91187-0040_-7,"['SNR: -7']"
1263-139804-0023_5,"['SNR: 5']"
40-121026-0006_2,"['SNR: 2']"
730-359-0030_-14,"['SNR: -14']"
8324-286681-0015_4,"['SNR: 4']"
8226-274369-0032_-11,"['SNR: -11']"
254-127705-0023_1,"['SNR: 1']"
5339-14134-0041_4,"['SNR: 4']"
3436-172162-0006_3,"['SNR: 3']"
6880-216547-0041_7,"['SNR: 7']"
8468-294887-0033_-4,"['SNR: -4']"
4297-13009-0045_-2,"['SNR: -2']"
831-130746-0019_9,"['SNR: 9']"
83-9960-0050_8,"['SNR: 8']"
7067-76047-0019_-8,"['SNR: -8']"
3214-167602-0030_-4,"['SNR: -4']"
8609-283227-0068_2,"['SNR: 2']"
8747-293952-0052_-3,"['SNR: -3']"
6367-65536-0050_1,"['SNR: 1']"
4406-16882-0053_1,"['SNR: 1']"
4088-158079-0004_-7,"['SNR: -7']"
211-122442-0031_2,"['SNR: 2']"
7780-274562-0080_2,"['SNR: 2']"
7794-295947-0017_0,"['SNR: 0']"
3259-158083-0108_3,"['SNR: 3']"
1034-121119-0051_-5,"['SNR: -5']"
1040-133433-0047_5,"['SNR: 5']"
3879-173592-0031_-10,"['SNR: -10']"
5561-39621-0009_-9,"['SNR: -9']"
5514-19192-0042_10,"['SNR: 10']"
2764-36619-0022_2,"['SNR: 2']"
7505-83618-0011_3,"['SNR: 3']"
1723-141149-0096_7,"['SNR: 7']"
8838-298546-0009_7,"['SNR: 7']"
3486-166446-0004_6,"['SNR: 6']"
5104-33406-0004_-14,"['SNR: -14']"
78-369-0006_-15,"['SNR: -15']"
7067-76048-0026_-5,"['SNR: -5']"
196-122159-0017_6,"['SNR: 6']"
5750-100289-0024_-13,"['SNR: -13']"
2391-145015-0100_9,"['SNR: 9']"
103-1241-0036_-2,"['SNR: -2']"
7794-295955-0002_-5,"['SNR: -5']"
2182-150130-0004_3,"['SNR: 3']"
441-128982-0008_-7,"['SNR: -7']"
250-142286-0020_-14,"['SNR: -14']"
2911-15045-0029_-5,"['SNR: -5']"
78-369-0032_-6,"['SNR: -6']"
1723-141149-0026_5,"['SNR: 5']"
7178-34645-0032_-2,"['SNR: -2']"
4898-28461-0040_9,"['SNR: 9']"
8770-295465-0025_-13,"['SNR: -13']"
78-368-0023_0,"['SNR: 0']"
8123-275216-0008_-9,"['SNR: -9']"
118-121721-0001_-6,"['SNR: -6']"
8975-270782-0072_8,"['SNR: 8']"
118-47824-0078_-8,"['SNR: -8']"
2817-142380-0020_6,"['SNR: 6']"
3983-5371-0049_-2,"['SNR: -2']"
4680-16042-0009_2,"['SNR: 2']"
4267-78186-0001_9,"['SNR: 9']"
6531-61334-0047_-12,"['SNR: -12']"
5514-19192-0017_-8,"['SNR: -8']"
403-216-0013_-13,"['SNR: -13']"
7190-90542-0056_-1,"['SNR: -1']"
887-123289-0003_-4,"['SNR: -4']"
83-9960-0044_-5,"['SNR: -5']"
311-124404-0066_-4,"['SNR: -4']"
1455-134435-0032_-13,"['SNR: -13']"
5561-41615-0044_-11,"['SNR: -11']"
3168-173564-0015_5,"['SNR: 5']"
2514-149482-0081_-14,"['SNR: -14']"
7447-91186-0002_-15,"['SNR: -15']"
1447-17506-0008_3,"['SNR: 3']"
481-123720-0013_6,"['SNR: 6']"
118-124588-0015_-8,"['SNR: -8']"
8580-287364-0029_-15,"['SNR: -15']"
1040-133433-0001_-4,"['SNR: -4']"
89-219-0045_-13,"['SNR: -13']"
2764-36617-0016_-8,"['SNR: -8']"
4362-15663-0000_-3,"['SNR: -3']"
4680-16042-0029_5,"['SNR: 5']"
1553-140047-0048_0,"['SNR: 0']"
4214-7146-0048_4,"['SNR: 4']"
2391-145015-0013_-3,"['SNR: -3']"
5049-25947-0095_0,"['SNR: 0']"
6476-96661-0003_-15,"['SNR: -15']"
6209-34599-0026_-14,"['SNR: -14']"
426-122821-0010_6,"['SNR: 6']"
8324-286682-0044_6,"['SNR: 6']"
32-21631-0008_9,"['SNR: 9']"
2136-5143-0043_-1,"['SNR: -1']"
2182-150130-0013_-8,"['SNR: -8']"
2384-152900-0061_-9,"['SNR: -9']"
1898-145715-0000_-13,"['SNR: -13']"
7635-105409-0054_-5,"['SNR: -5']"
7278-91083-0003_-1,"['SNR: -1']"
7148-82991-0031_9,"['SNR: 9']"
2514-149482-0079_-8,"['SNR: -8']"
1334-135589-0061_4,"['SNR: 4']"
4267-72637-0018_5,"['SNR: 5']"
446-123502-0036_2,"['SNR: 2']"
4088-158079-0007_-2,"['SNR: -2']"
1455-138263-0046_9,"['SNR: 9']"
2518-154826-0025_0,"['SNR: 0']"
211-122442-0032_-1,"['SNR: -1']"
7302-86815-0035_-11,"['SNR: -11']"
5561-41615-0039_-2,"['SNR: -2']"
7067-76048-0001_5,"['SNR: 5']"
8324-286682-0010_-6,"['SNR: -6']"
1841-150351-0004_-5,"['SNR: -5']"
7517-100437-0001_-14,"['SNR: -14']"
4830-25898-0022_10,"['SNR: 10']"
6848-252322-0024_-3,"['SNR: -3']"
6563-285357-0041_-8,"['SNR: -8']"
1867-154071-0001_-4,"['SNR: -4']"
4160-14187-0028_-1,"['SNR: -1']"
7517-100429-0011_0,"['SNR: 0']"
1246-124548-0025_10,"['SNR: 10']"
374-180298-0034_-14,"['SNR: -14']"
2910-131096-0022_-13,"['SNR: -13']"
8324-286682-0002_-5,"['SNR: -5']"
4297-13009-0062_10,"['SNR: 10']"
3112-9555-0080_-2,"['SNR: -2']"
7780-274562-0060_4,"['SNR: 4']"
6272-70171-0000_2,"['SNR: 2']"
1624-142933-0046_6,"['SNR: 6']"
1235-135887-0022_-8,"['SNR: -8']"
5688-41232-0008_3,"['SNR: 3']"
1926-143879-0041_-10,"['SNR: -10']"
3723-171631-0012_-1,"['SNR: -1']"
3259-158083-0092_-8,"['SNR: -8']"
3830-12530-0021_-10,"['SNR: -10']"
730-360-0036_-4,"['SNR: -4']"
3486-166424-0057_-13,"['SNR: -13']"
911-128684-0043_-12,"['SNR: -12']"
7178-34644-0030_-10,"['SNR: -10']"
6880-216547-0115_-12,"['SNR: -12']"
374-180298-0051_-1,"['SNR: -1']"
3879-174923-0033_-13,"['SNR: -13']"
3879-173592-0032_10,"['SNR: 10']"
201-127786-0055_5,"['SNR: 5']"
460-172357-0023_8,"['SNR: 8']"
1098-133695-0048_-13,"['SNR: -13']"
6209-34600-0024_-10,"['SNR: -10']"
2384-152900-0000_8,"['SNR: 8']"
7794-295947-0036_9,"['SNR: 9']"
4680-16042-0004_9,"['SNR: 9']"
1034-121119-0033_7,"['SNR: 7']"
5778-12761-0041_0,"['SNR: 0']"
374-180299-0019_10,"['SNR: 10']"
7226-86965-0009_-6,"['SNR: -6']"
6880-216547-0103_-1,"['SNR: -1']"
4051-11218-0043_-13,"['SNR: -13']"
2289-152257-0026_4,"['SNR: 4']"
6531-61334-0038_10,"['SNR: 10']"
83-9960-0019_6,"['SNR: 6']"
7190-90542-0069_0,"['SNR: 0']"
3242-67153-0013_-4,"['SNR: -4']"
8580-287364-0044_3,"['SNR: 3']"
460-172359-0007_-13,"['SNR: -13']"
87-121553-0060_-12,"['SNR: -12']"
887-123290-0010_-6,"['SNR: -6']"
4640-19189-0006_-3,"['SNR: -3']"
481-123720-0057_-7,"['SNR: -7']"
328-129766-0003_10,"['SNR: 10']"
8108-280359-0021_8,"['SNR: 8']"
2514-149482-0026_-12,"['SNR: -12']"
118-121721-0015_-7,"['SNR: -7']"
6081-42010-0014_-15,"['SNR: -15']"
150-126107-0012_-11,"['SNR: -11']"
8088-284756-0042_5,"['SNR: 5']"
5867-48852-0061_-5,"['SNR: -5']"
40-222-0045_0,"['SNR: 0']"
4088-158077-0033_0,"['SNR: 0']"
2518-154825-0011_5,"['SNR: 5']"
6563-63821-0038_3,"['SNR: 3']"
4859-29340-0035_-6,"['SNR: -6']"
1502-122619-0047_10,"['SNR: 10']"
8425-291444-0003_9,"['SNR: 9']"
1841-159771-0028_5,"['SNR: 5']"
83-9960-0007_-12,"['SNR: -12']"
6272-70191-0027_-14,"['SNR: -14']"
1970-10594-0020_-7,"['SNR: -7']"
5393-19219-0061_-13,"['SNR: -13']"
6147-34606-0011_3,"['SNR: 3']"
2514-149482-0087_2,"['SNR: 2']"
7517-100437-0015_4,"['SNR: 4']"
5778-12761-0021_10,"['SNR: 10']"
403-128339-0048_10,"['SNR: 10']"
6531-61334-0121_8,"['SNR: 8']"
5104-33406-0025_2,"['SNR: 2']"
8468-294887-0007_-4,"['SNR: -4']"
1447-130551-0006_9,"['SNR: 9']"
150-126107-0020_-1,"['SNR: -1']"
233-134440-0047_0,"['SNR: 0']"
2952-410-0001_-2,"['SNR: -2']"
2182-150130-0006_-3,"['SNR: -3']"
2764-36616-0030_-8,"['SNR: -8']"
19-198-0030_2,"['SNR: 2']"
8108-274318-0034_0,"['SNR: 0']"
198-129977-0018_8,"['SNR: 8']"
7800-283493-0010_-1,"['SNR: -1']"
8609-283227-0053_1,"['SNR: 1']"
3830-12531-0031_-5,"['SNR: -5']"
6181-216552-0048_-15,"['SNR: -15']"
7302-86815-0024_6,"['SNR: 6']"
150-126112-0027_-6,"['SNR: -6']"
3982-182255-0023_0,"['SNR: 0']"
3112-9555-0025_-10,"['SNR: -10']"
211-122425-0023_-4,"['SNR: -4']"
4813-248638-0047_-10,"['SNR: -10']"
26-495-0090_-1,"['SNR: -1']"
1867-154075-0028_-14,"['SNR: -14']"
19-198-0029_-14,"['SNR: -14']"
8051-119902-0005_10,"['SNR: 10']"
4481-17498-0025_2,"['SNR: 2']"
2836-5354-0012_-4,"['SNR: -4']"
3240-131232-0011_3,"['SNR: 3']"
3947-13260-0047_-15,"['SNR: -15']"
289-121665-0009_10,"['SNR: 10']"
226-131532-0005_-8,"['SNR: -8']"
4214-7146-0023_6,"['SNR: 6']"
5867-48852-0100_-11,"['SNR: -11']"
831-130739-0026_4,"['SNR: 4']"
1723-141149-0102_-11,"['SNR: -11']"
909-131041-0024_4,"['SNR: 4']"
3723-171115-0044_-14,"['SNR: -14']"
5678-43303-0018_-9,"['SNR: -9']"
2007-132570-0041_9,"['SNR: 9']"
5688-41232-0038_-4,"['SNR: -4']"
8098-278252-0027_0,"['SNR: 0']"
39-121914-0046_6,"['SNR: 6']"
7190-90542-0033_-15,"['SNR: -15']"
481-123719-0035_8,"['SNR: 8']"
8797-294123-0056_-14,"['SNR: -14']"
6064-300880-0007_9,"['SNR: 9']"
7067-76047-0044_2,"['SNR: 2']"
8226-274371-0023_8,"['SNR: 8']"
5049-25947-0099_-7,"['SNR: -7']"
839-130898-0082_0,"['SNR: 0']"
7148-59157-0002_7,"['SNR: 7']"
3947-13260-0021_3,"['SNR: 3']"
7264-92314-0009_-3,"['SNR: -3']"
6019-3185-0109_-4,"['SNR: -4']"
481-123720-0006_-15,"['SNR: -15']"
8629-261140-0013_-7,"['SNR: -7']"
7264-92314-0001_5,"['SNR: 5']"
5049-25947-0005_7,"['SNR: 7']"
4830-25898-0042_0,"['SNR: 0']"
403-216-0020_3,"['SNR: 3']"
2182-181183-0004_1,"['SNR: 1']"
78-368-0045_-8,"['SNR: -8']"
5463-39173-0022_-8,"['SNR: -8']"
3374-298025-0008_5,"['SNR: 5']"
3242-67168-0026_-1,"['SNR: -1']"
8975-270782-0109_-5,"['SNR: -5']"
2893-139322-0027_-5,"['SNR: -5']"
163-122947-0052_-7,"['SNR: -7']"
458-126290-0008_0,"['SNR: 0']"
3240-131231-0026_-13,"['SNR: -13']"
6454-93938-0032_-11,"['SNR: -11']"
6454-120342-0004_6,"['SNR: 6']"
3947-13262-0022_6,"['SNR: 6']"
4640-19187-0020_8,"['SNR: 8']"
211-122442-0067_9,"['SNR: 9']"
8797-294123-0007_8,"['SNR: 8']"
3807-4923-0001_-11,"['SNR: -11']"
441-130108-0005_-1,"['SNR: -1']"
1926-147979-0041_-4,"['SNR: -4']"
2817-142371-0028_-6,"['SNR: -6']"
6385-34655-0022_-8,"['SNR: -8']"
1355-39947-0078_-2,"['SNR: -2']"
8095-274346-0048_1,"['SNR: 1']"
4160-11549-0031_-4,"['SNR: -4']"
1069-133709-0031_-15,"['SNR: -15']"
4853-27670-0025_2,"['SNR: 2']"
696-93314-0059_-9,"['SNR: -9']"
6531-61334-0097_-9,"['SNR: -9']"
248-130644-0026_7,"['SNR: 7']"
8468-286673-0023_-14,"['SNR: -14']"
5104-33406-0024_-14,"['SNR: -14']"
2182-181173-0004_9,"['SNR: 9']"
3947-13262-0026_-12,"['SNR: -12']"
4088-158079-0003_6,"['SNR: 6']"
2092-145706-0025_7,"['SNR: 7']"
6454-93938-0001_9,"['SNR: 9']"
7302-86815-0004_-1,"['SNR: -1']"
3168-173565-0023_-4,"['SNR: -4']"
587-54108-0011_-8,"['SNR: -8']"
302-123504-0013_6,"['SNR: 6']"
5688-41232-0057_-11,"['SNR: -11']"
2817-142371-0050_-6,"['SNR: -6']"
6064-56165-0027_6,"['SNR: 6']"
3879-174923-0027_-3,"['SNR: -3']"
3240-131232-0002_-5,"['SNR: -5']"
6064-56168-0031_-12,"['SNR: -12']"
311-124404-0098_-7,"['SNR: -7']"
4051-11218-0022_9,"['SNR: 9']"
201-127786-0009_2,"['SNR: 2']"
4859-29340-0005_-12,"['SNR: -12']"
229-130880-0063_-4,"['SNR: -4']"
405-130894-0043_-8,"['SNR: -8']"
5049-25947-0082_-13,"['SNR: -13']"
5049-25947-0034_-13,"['SNR: -13']"
87-121553-0078_7,"['SNR: 7']"
730-360-0029_-5,"['SNR: -5']"
5322-7679-0037_-5,"['SNR: -5']"
8770-295462-0040_-6,"['SNR: -6']"
103-1240-0017_9,"['SNR: 9']"
7635-105661-0005_-13,"['SNR: -13']"
118-47824-0032_-15,"['SNR: -15']"
5192-19397-0004_-13,"['SNR: -13']"
250-142276-0018_8,"['SNR: 8']"
2764-36616-0012_-6,"['SNR: -6']"
8609-262281-0002_-9,"['SNR: -9']"
911-128684-0014_-9,"['SNR: -9']"
6925-80680-0073_-1,"['SNR: -1']"
2910-131096-0034_5,"['SNR: 5']"
2843-152918-0104_-12,"['SNR: -12']"
3830-12531-0007_-10,"['SNR: -10']"
3440-171009-0054_-11,"['SNR: -11']"
1034-121119-0007_4,"['SNR: 4']"
8468-295198-0018_8,"['SNR: 8']"
1624-168623-0019_3,"['SNR: 3']"
2989-138035-0071_-9,"['SNR: -9']"
5561-41615-0018_-15,"['SNR: -15']"
8108-274318-0047_-6,"['SNR: -6']"
2911-7601-0034_6,"['SNR: 6']"
1455-134435-0059_1,"['SNR: 1']"
6367-65536-0054_-8,"['SNR: -8']"
200-126784-0003_-4,"['SNR: -4']"
39-121914-0023_8,"['SNR: 8']"
3374-298025-0009_1,"['SNR: 1']"
2514-149482-0018_10,"['SNR: 10']"
5163-18515-0042_9,"['SNR: 9']"
2518-154825-0010_-4,"['SNR: -4']"
5022-29411-0041_-9,"['SNR: -9']"
3235-28433-0027_8,"['SNR: 8']"
4481-17499-0046_8,"['SNR: 8']"
2691-156750-0031_-13,"['SNR: -13']"
6836-76549-0012_-13,"['SNR: -13']"
1737-142397-0031_-12,"['SNR: -12']"
6078-54013-0042_-4,"['SNR: -4']"
405-130894-0031_7,"['SNR: 7']"
7517-100429-0009_-3,"['SNR: -3']"
2136-5147-0035_7,"['SNR: 7']"
3242-67168-0016_0,"['SNR: 0']"
78-368-0042_9,"['SNR: 9']"
4051-11217-0021_7,"['SNR: 7']"
4830-25904-0007_5,"['SNR: 5']"
730-360-0033_-2,"['SNR: -2']"
1970-28415-0021_7,"['SNR: 7']"
4640-19187-0003_1,"['SNR: 1']"
6081-41997-0016_-2,"['SNR: -2']"
669-129061-0041_-13,"['SNR: -13']"
1926-147979-0019_-15,"['SNR: -15']"
5808-48608-0034_-9,"['SNR: -9']"
831-130739-0060_0,"['SNR: 0']"
1263-138246-0008_-3,"['SNR: -3']"
311-124404-0031_-11,"['SNR: -11']"
226-131533-0016_-6,"['SNR: -6']"
4340-15220-0040_-13,"['SNR: -13']"
5750-35690-0009_2,"['SNR: 2']"
1455-138263-0018_-7,"['SNR: -7']"
6019-3185-0107_6,"['SNR: 6']"
460-172359-0029_-2,"['SNR: -2']"
8063-274116-0027_0,"['SNR: 0']"
4014-186176-0021_-9,"['SNR: -9']"
196-122150-0018_9,"['SNR: 9']"
4481-17499-0010_-10,"['SNR: -10']"
1723-141149-0074_7,"['SNR: 7']"
83-9960-0054_6,"['SNR: 6']"
6531-61334-0087_-3,"['SNR: -3']"
5678-43303-0034_-8,"['SNR: -8']"
233-134440-0018_4,"['SNR: 4']"
4014-186175-0041_-2,"['SNR: -2']"
5688-41232-0023_2,"['SNR: 2']"
6147-34605-0026_-13,"['SNR: -13']"
4813-248638-0026_10,"['SNR: 10']"
302-123516-0009_7,"['SNR: 7']"
150-126107-0007_3,"['SNR: 3']"
2007-149877-0006_-11,"['SNR: -11']"
211-122442-0001_10,"['SNR: 10']"
7302-86815-0021_-12,"['SNR: -12']"
1970-26100-0033_-4,"['SNR: -4']"
6181-216552-0087_7,"['SNR: 7']"
7859-102519-0039_-11,"['SNR: -11']"
3723-171631-0030_-3,"['SNR: -3']"
2910-131096-0074_1,"['SNR: 1']"
412-126975-0050_5,"['SNR: 5']"
4481-17499-0033_-12,"['SNR: -12']"
5561-39621-0023_6,"['SNR: 6']"
118-47824-0066_-11,"['SNR: -11']"
1040-133433-0051_-15,"['SNR: -15']"
5703-47198-0009_-1,"['SNR: -1']"
3440-171006-0026_9,"['SNR: 9']"
5049-25947-0002_2,"['SNR: 2']"
8014-112586-0007_-3,"['SNR: -3']"
3723-171115-0021_8,"['SNR: 8']"
460-172359-0037_-2,"['SNR: -2']"
196-122152-0017_4,"['SNR: 4']"
6415-116629-0016_6,"['SNR: 6']"
3112-9555-0005_-10,"['SNR: -10']"
2007-132570-0036_0,"['SNR: 0']"
229-130880-0078_10,"['SNR: 10']"
5652-19215-0007_-2,"['SNR: -2']"
5456-62043-0006_-13,"['SNR: -13']"
2518-154826-0040_-12,"['SNR: -12']"
1970-28415-0025_-8,"['SNR: -8']"
8465-246943-0018_-13,"['SNR: -13']"
5867-48852-0021_0,"['SNR: 0']"
4195-186237-0011_0,"['SNR: 0']"
6078-54013-0016_-11,"['SNR: -11']"
4088-158079-0011_-9,"['SNR: -9']"
1034-121119-0085_-13,"['SNR: -13']"
405-130894-0046_-5,"['SNR: -5']"
3699-19402-0001_0,"['SNR: 0']"
4640-19189-0041_1,"['SNR: 1']"
4051-11218-0016_1,"['SNR: 1']"
6209-34601-0003_8,"['SNR: 8']"
1263-138246-0002_-14,"['SNR: -14']"
8629-261140-0047_-11,"['SNR: -11']"
5703-47198-0032_-3,"['SNR: -3']"
5322-7679-0001_-13,"['SNR: -13']"
78-368-0010_-9,"['SNR: -9']"
8629-261139-0000_-11,"['SNR: -11']"
460-172359-0083_-13,"['SNR: -13']"
89-219-0055_-2,"['SNR: -2']"
4853-27670-0007_3,"['SNR: 3']"
7302-86815-0084_1,"['SNR: 1']"
4406-16882-0026_-13,"['SNR: -13']"
831-130746-0033_-6,"['SNR: -6']"
5703-47198-0022_-14,"['SNR: -14']"
19-198-0006_8,"['SNR: 8']"
1723-141149-0069_3,"['SNR: 3']"
5163-39921-0012_-13,"['SNR: -13']"
5104-33406-0041_-9,"['SNR: -9']"
6000-86686-0001_2,"['SNR: 2']"
4018-107312-0001_5,"['SNR: 5']"
426-122822-0002_8,"['SNR: 8']"
2289-152258-0004_-10,"['SNR: -10']"
5789-57195-0030_-12,"['SNR: -12']"
4340-15220-0028_-13,"['SNR: -13']"
2136-5143-0004_6,"['SNR: 6']"
1737-142397-0030_-1,"['SNR: -1']"
4340-15220-0045_4,"['SNR: 4']"
7264-92316-0029_-15,"['SNR: -15']"
3440-171009-0003_-14,"['SNR: -14']"
298-126790-0027_10,"['SNR: 10']"
6925-80680-0006_9,"['SNR: 9']"
5339-14133-0052_-2,"['SNR: -2']"
8770-295465-0021_10,"['SNR: 10']"
6078-54007-0045_3,"['SNR: 3']"
211-122442-0023_0,"['SNR: 0']"
6818-76332-0012_-7,"['SNR: -7']"
7302-86815-0060_9,"['SNR: 9']"
103-1241-0001_0,"['SNR: 0']"
4640-19189-0042_-7,"['SNR: -7']"
248-130697-0004_-9,"['SNR: -9']"
7264-92316-0023_6,"['SNR: 6']"
1069-133699-0016_-12,"['SNR: -12']"
6415-100596-0004_6,"['SNR: 6']"
298-126790-0042_0,"['SNR: 0']"
4137-11702-0001_-2,"['SNR: -2']"
2518-154826-0008_-12,"['SNR: -12']"
4195-17507-0000_-10,"['SNR: -10']"
2289-152253-0000_8,"['SNR: 8']"
8088-284756-0001_-14,"['SNR: -14']"
1040-133433-0074_-6,"['SNR: -6']"
2002-139469-0039_4,"['SNR: 4']"
5561-39621-0021_-13,"['SNR: -13']"
298-126790-0014_4,"['SNR: 4']"
6531-61334-0102_0,"['SNR: 0']"
8630-305213-0015_8,"['SNR: 8']"
7505-258964-0030_9,"['SNR: 9']"
6081-42010-0030_-10,"['SNR: -10']"
8238-274553-0063_2,"['SNR: 2']"
2182-181173-0025_9,"['SNR: 9']"
6476-57446-0030_-4,"['SNR: -4']"
6209-34601-0006_3,"['SNR: 3']"
2911-15084-0002_-15,"['SNR: -15']"
7312-92432-0024_-13,"['SNR: -13']"
5678-43301-0012_-14,"['SNR: -14']"
125-121124-0037_7,"['SNR: 7']"
118-47824-0022_-12,"['SNR: -12']"
1069-133699-0021_10,"['SNR: 10']"
8014-112602-0009_-12,"['SNR: -12']"
3947-13260-0036_-11,"['SNR: -11']"
5808-48608-0047_-12,"['SNR: -12']"
2002-139469-0072_-4,"['SNR: -4']"
250-142276-0017_10,"['SNR: 10']"
3664-11714-0029_-2,"['SNR: -2']"
19-198-0012_-14,"['SNR: -14']"
125-121124-0053_-3,"['SNR: -3']"
6385-220959-0037_5,"['SNR: 5']"
1183-124566-0000_-5,"['SNR: -5']"
7505-83618-0022_8,"['SNR: 8']"
2196-174172-0007_-6,"['SNR: -6']"
2289-152257-0007_0,"['SNR: 0']"
1034-121119-0010_-10,"['SNR: -10']"
196-122150-0027_-9,"['SNR: -9']"
4640-19188-0038_5,"['SNR: 5']"
8014-112602-0015_-7,"['SNR: -7']"
2289-152254-0014_-13,"['SNR: -13']"
7511-102420-0018_0,"['SNR: 0']"
1334-135589-0075_-1,"['SNR: -1']"
5778-54535-0000_-11,"['SNR: -11']"
2817-142371-0051_-6,"['SNR: -6']"
446-123501-0045_5,"['SNR: 5']"
196-122150-0029_-2,"['SNR: -2']"
233-134440-0016_6,"['SNR: 6']"
3240-131231-0060_-3,"['SNR: -3']"
1841-150351-0018_8,"['SNR: 8']"
5104-33407-0036_7,"['SNR: 7']"
2136-5140-0030_-7,"['SNR: -7']"
6848-252323-0031_0,"['SNR: 0']"
3112-9554-0016_-1,"['SNR: -1']"
211-122425-0008_-6,"['SNR: -6']"
2893-139322-0014_-12,"['SNR: -12']"
3807-4923-0050_-7,"['SNR: -7']"
5652-19215-0037_-9,"['SNR: -9']"
8063-274112-0018_-10,"['SNR: -10']"
7302-86815-0040_3,"['SNR: 3']"
307-127540-0032_1,"['SNR: 1']"
5463-39174-0000_5,"['SNR: 5']"
2514-149482-0106_-11,"['SNR: -11']"
8063-274112-0008_0,"['SNR: 0']"
4898-28461-0025_-7,"['SNR: -7']"
198-129977-0000_-5,"['SNR: -5']"
2182-181183-0005_-3,"['SNR: -3']"
7780-274562-0063_-13,"['SNR: -13']"
441-128982-0011_-5,"['SNR: -5']"
226-131532-0021_-4,"['SNR: -4']"
5463-39173-0055_-8,"['SNR: -8']"
1355-39947-0059_-14,"['SNR: -14']"
4830-25898-0005_-3,"['SNR: -3']"
1553-140048-0029_-4,"['SNR: -4']"
2817-142371-0011_4,"['SNR: 4']"
19-227-0052_9,"['SNR: 9']"
6209-34599-0033_9,"['SNR: 9']"
6925-80680-0047_-7,"['SNR: -7']"
2817-142380-0042_2,"['SNR: 2']"
587-54108-0030_-8,"['SNR: -8']"
3947-13262-0003_-4,"['SNR: -4']"
7148-82991-0005_7,"['SNR: 7']"
3879-174923-0018_-4,"['SNR: -4']"
1081-125237-0032_6,"['SNR: 6']"
7148-7763-0016_-3,"['SNR: -3']"
2136-5143-0020_-8,"['SNR: -8']"
5322-7678-0012_8,"['SNR: 8']"
6415-111615-0020_-11,"['SNR: -11']"
4853-29413-0007_6,"['SNR: 6']"
3259-158083-0010_8,"['SNR: 8']"
3983-5371-0010_7,"['SNR: 7']"
1069-133709-0026_-6,"['SNR: -6']"
7859-102518-0022_-10,"['SNR: -10']"
7635-105409-0014_7,"['SNR: 7']"
1334-135589-0002_10,"['SNR: 10']"
625-132112-0014_-12,"['SNR: -12']"
8063-274116-0039_10,"['SNR: 10']"
7264-92314-0013_-7,"['SNR: -7']"
1363-139304-0042_-8,"['SNR: -8']"
4160-11550-0023_-11,"['SNR: -11']"
2092-145706-0070_-3,"['SNR: -3']"
4014-186179-0007_-12,"['SNR: -12']"
6563-63821-0000_-4,"['SNR: -4']"
7859-102518-0031_0,"['SNR: 0']"
2391-145015-0014_3,"['SNR: 3']"
6019-3185-0070_-5,"['SNR: -5']"
6019-3185-0006_-1,"['SNR: -1']"
1578-140045-0003_-1,"['SNR: -1']"
3168-173565-0041_9,"['SNR: 9']"
1081-125237-0084_-7,"['SNR: -7']"
3982-178459-0032_-8,"['SNR: -8']"
289-121652-0019_4,"['SNR: 4']"
2416-152139-0060_-8,"['SNR: -8']"
2893-139310-0033_-6,"['SNR: -6']"
5393-19219-0046_-13,"['SNR: -13']"
2514-149482-0069_-11,"['SNR: -11']"
412-126975-0091_-15,"['SNR: -15']"
1743-142912-0005_-10,"['SNR: -10']"
460-172359-0032_-12,"['SNR: -12']"
403-128339-0006_-15,"['SNR: -15']"
374-180299-0020_1,"['SNR: 1']"
5049-25947-0085_8,"['SNR: 8']"
4830-25898-0010_7,"['SNR: 7']"
87-121553-0058_-1,"['SNR: -1']"
5678-43301-0001_7,"['SNR: 7']"
7447-91187-0029_-12,"['SNR: -12']"
211-122425-0075_-5,"['SNR: -5']"
6848-76049-0006_-10,"['SNR: -10']"
839-130898-0052_-14,"['SNR: -14']"
7800-283492-0010_8,"['SNR: 8']"
1034-121119-0021_3,"['SNR: 3']"
8629-261140-0003_-5,"['SNR: -5']"
8468-286673-0008_-15,"['SNR: -15']"
5163-18515-0031_-14,"['SNR: -14']"
6925-80680-0083_-15,"['SNR: -15']"
4195-17507-0023_2,"['SNR: 2']"
4160-11549-0012_7,"['SNR: 7']"
4014-186175-0011_-1,"['SNR: -1']"
1970-28415-0010_5,"['SNR: 5']"
8312-279790-0003_-7,"['SNR: -7']"
3699-175950-0024_1,"['SNR: 1']"
6529-62554-0025_-14,"['SNR: -14']"
1235-135887-0030_9,"['SNR: 9']"
5703-47212-0035_4,"['SNR: 4']"
1970-10594-0024_-3,"['SNR: -3']"
3112-9555-0017_6,"['SNR: 6']"
328-129766-0045_8,"['SNR: 8']"
6064-300880-0023_-8,"['SNR: -8']"
2391-145015-0061_3,"['SNR: 3']"
3214-167602-0033_-3,"['SNR: -3']"
1455-134435-0061_-13,"['SNR: -13']"
1363-135842-0015_-9,"['SNR: -9']"
1867-154071-0007_2,"['SNR: 2']"
6367-74004-0030_9,"['SNR: 9']"
3699-19402-0029_-15,"['SNR: -15']"
2691-156750-0005_-2,"['SNR: -2']"
5390-24512-0008_3,"['SNR: 3']"
2196-174172-0041_-1,"['SNR: -1']"
1034-121119-0068_4,"['SNR: 4']"
298-126791-0046_-4,"['SNR: -4']"
6454-93938-0030_9,"['SNR: 9']"
4195-186237-0012_-13,"['SNR: -13']"
4297-13006-0040_-1,"['SNR: -1']"
1447-130552-0011_4,"['SNR: 4']"
4788-294466-0022_7,"['SNR: 7']"
403-128339-0031_-2,"['SNR: -2']"
4830-25898-0046_4,"['SNR: 4']"
289-121665-0027_1,"['SNR: 1']"
1594-135914-0030_-10,"['SNR: -10']"
8063-274116-0005_9,"['SNR: 9']"
6848-252322-0021_7,"['SNR: 7']"
8108-274318-0022_-1,"['SNR: -1']"
5022-29411-0006_7,"['SNR: 7']"
4137-11702-0016_-14,"['SNR: -14']"
8088-284756-0071_-7,"['SNR: -7']"
4853-29413-0004_-2,"['SNR: -2']"
6531-61334-0062_-12,"['SNR: -12']"
8014-112586-0003_9,"['SNR: 9']"
6000-86686-0017_-11,"['SNR: -11']"
125-121342-0040_-13,"['SNR: -13']"
2518-154825-0030_1,"['SNR: 1']"
83-9960-0010_7,"['SNR: 7']"
322-124147-0075_-6,"['SNR: -6']"
307-127540-0005_-2,"['SNR: -2']"
200-124140-0000_-3,"['SNR: -3']"
3526-176653-0006_-15,"['SNR: -15']"
2817-142380-0018_9,"['SNR: 9']"
5750-35690-0024_-6,"['SNR: -6']"
5778-12761-0024_-7,"['SNR: -7']"
298-126790-0041_-4,"['SNR: -4']"
2518-154825-0014_-6,"['SNR: -6']"
103-1241-0011_6,"['SNR: 6']"
163-122947-0086_-7,"['SNR: -7']"
311-124404-0069_3,"['SNR: 3']"
40-222-0004_8,"['SNR: 8']"
7635-105409-0003_7,"['SNR: 7']"
3486-166424-0002_4,"['SNR: 4']"
5703-47198-0045_-14,"['SNR: -14']"
6415-111615-0026_5,"['SNR: 5']"
7367-86737-0112_5,"['SNR: 5']"
211-122442-0018_-9,"['SNR: -9']"
6848-76049-0021_7,"['SNR: 7']"
1088-129236-0009_9,"['SNR: 9']"
5808-48608-0013_1,"['SNR: 1']"
78-368-0037_-7,"['SNR: -7']"
4088-158079-0002_6,"['SNR: 6']"
2182-150130-0029_6,"['SNR: 6']"
3699-175950-0005_-6,"['SNR: -6']"
1502-122619-0005_-4,"['SNR: -4']"
696-92939-0033_9,"['SNR: 9']"
2817-142380-0001_2,"['SNR: 2']"
5778-54535-0013_4,"['SNR: 4']"
1363-139304-0037_-3,"['SNR: -3']"
5808-48608-0056_-11,"['SNR: -11']"
1081-125237-0050_1,"['SNR: 1']"
4680-16026-0011_-10,"['SNR: -10']"
2007-132570-0054_-15,"['SNR: -15']"
8419-286676-0019_-14,"['SNR: -14']"
5750-100289-0050_-8,"['SNR: -8']"
8609-262281-0013_5,"['SNR: 5']"
2159-179154-0020_6,"['SNR: 6']"
8609-283227-0029_0,"['SNR: 0']"
6019-3185-0025_-2,"['SNR: -2']"
2952-407-0015_-15,"['SNR: -15']"
8425-291444-0016_-15,"['SNR: -15']"
7067-76047-0036_-10,"['SNR: -10']"
118-121721-0006_-2,"['SNR: -2']"
5339-14133-0005_-6,"['SNR: -6']"
7113-86041-0068_-14,"['SNR: -14']"
322-124146-0036_7,"['SNR: 7']"
6836-76549-0018_0,"['SNR: 0']"
3259-158083-0037_7,"['SNR: 7']"
27-123349-0042_8,"['SNR: 8']"
4340-15220-0055_-5,"['SNR: -5']"
5789-57158-0022_-11,"['SNR: -11']"
1263-139804-0025_-4,"['SNR: -4']"
8747-293952-0051_-8,"['SNR: -8']"
200-124140-0030_-9,"['SNR: -9']"
125-121342-0009_-2,"['SNR: -2']"
8629-261139-0004_-2,"['SNR: -2']"
909-131041-0016_-15,"['SNR: -15']"
441-128982-0002_-6,"['SNR: -6']"
1578-6379-0024_-8,"['SNR: -8']"
229-130880-0083_1,"['SNR: 1']"
19-227-0059_-9,"['SNR: -9']"
2911-7601-0007_-14,"['SNR: -14']"
7278-91083-0040_6,"['SNR: 6']"
730-359-0018_5,"['SNR: 5']"
8098-278252-0004_6,"['SNR: 6']"
8975-270782-0033_-13,"['SNR: -13']"
4195-186238-0001_-5,"['SNR: -5']"
5192-19397-0071_7,"['SNR: 7']"
1578-6379-0046_3,"['SNR: 3']"
8226-274369-0060_-9,"['SNR: -9']"
6385-34669-0024_6,"['SNR: 6']"
5778-54535-0039_-12,"['SNR: -12']"
6415-116629-0003_-4,"['SNR: -4']"
1898-145702-0013_-14,"['SNR: -14']"
8838-298545-0029_7,"['SNR: 7']"
2416-152137-0028_-12,"['SNR: -12']"
7067-76048-0035_4,"['SNR: 4']"
6081-41998-0027_9,"['SNR: 9']"
3168-173564-0044_2,"['SNR: 2']"
1183-133256-0004_-11,"['SNR: -11']"
403-128339-0050_-14,"['SNR: -14']"
5339-14134-0012_-4,"['SNR: -4']"
4137-11702-0053_9,"['SNR: 9']"
4088-158077-0041_-6,"['SNR: -6']"
2989-138028-0018_-13,"['SNR: -13']"
1594-135914-0036_-11,"['SNR: -11']"
1088-134315-0036_-11,"['SNR: -11']"
2182-181173-0023_-3,"['SNR: -3']"
8063-274115-0007_0,"['SNR: 0']"
2289-152258-0022_-12,"['SNR: -12']"
1624-168623-0025_-4,"['SNR: -4']"
302-123504-0026_-14,"['SNR: -14']"
1098-133695-0090_-11,"['SNR: -11']"
1363-139304-0015_-11,"['SNR: -11']"
7078-271888-0048_-11,"['SNR: -11']"
7113-86041-0008_6,"['SNR: 6']"
5652-19215-0018_9,"['SNR: 9']"
5339-14133-0040_-7,"['SNR: -7']"
6078-54007-0047_-7,"['SNR: -7']"
5163-18515-0037_0,"['SNR: 0']"
1235-135883-0008_-9,"['SNR: -9']"
5163-18515-0019_3,"['SNR: 3']"
1723-141149-0099_3,"['SNR: 3']"
1594-135914-0113_8,"['SNR: 8']"
412-126975-0017_-1,"['SNR: -1']"
3857-182317-0016_-5,"['SNR: -5']"
8095-274345-0005_-2,"['SNR: -2']"
5390-30102-0031_-14,"['SNR: -14']"
374-180298-0029_-3,"['SNR: -3']"
5339-14133-0032_9,"['SNR: 9']"
4297-13006-0003_-11,"['SNR: -11']"
6078-54007-0006_-6,"['SNR: -6']"
5789-70653-0034_10,"['SNR: 10']"
6385-220959-0005_7,"['SNR: 7']"
4788-94904-0014_1,"['SNR: 1']"
374-180298-0041_-4,"['SNR: -4']"
196-122150-0039_-10,"['SNR: -10']"
1069-133699-0013_1,"['SNR: 1']"
831-130746-0017_2,"['SNR: 2']"
5688-41232-0029_1,"['SNR: 1']"
6848-252323-0001_2,"['SNR: 2']"
3807-4955-0004_-8,"['SNR: -8']"
7113-86041-0078_9,"['SNR: 9']"
1447-17506-0018_10,"['SNR: 10']"
3983-5371-0041_-14,"['SNR: -14']"
3983-5331-0052_-8,"['SNR: -8']"
8465-246943-0028_10,"['SNR: 10']"
909-131044-0005_-5,"['SNR: -5']"
4137-11701-0006_-6,"['SNR: -6']"
103-1240-0050_-5,"['SNR: -5']"
2989-138035-0025_-1,"['SNR: -1']"
4297-13006-0031_4,"['SNR: 4']"
298-126791-0039_-11,"['SNR: -11']"
2518-154825-0032_-15,"['SNR: -15']"
6147-34607-0028_-11,"['SNR: -11']"
1502-122619-0093_6,"['SNR: 6']"
6181-216552-0096_4,"['SNR: 4']"
481-123720-0043_-1,"['SNR: -1']"
6836-76549-0017_3,"['SNR: 3']"
311-124404-0045_-7,"['SNR: -7']"
3607-29116-0003_-8,"['SNR: -8']"
5322-7679-0012_2,"['SNR: 2']"
1624-142933-0043_-2,"['SNR: -2']"
125-121342-0026_1,"['SNR: 1']"
3983-5371-0051_-4,"['SNR: -4']"
2518-154826-0003_10,"['SNR: 10']"
3982-182255-0005_-10,"['SNR: -10']"
8468-295198-0020_4,"['SNR: 4']"
4680-16041-0020_-2,"['SNR: -2']"
196-122150-0005_1,"['SNR: 1']"
2843-152918-0010_-8,"['SNR: -8']"
8630-305212-0028_9,"['SNR: 9']"
5463-39174-0008_0,"['SNR: 0']"
2836-5354-0036_0,"['SNR: 0']"
1594-135914-0038_-1,"['SNR: -1']"
5789-70653-0018_-15,"['SNR: -15']"
3486-166424-0048_6,"['SNR: 6']"
2893-139310-0042_-9,"['SNR: -9']"
4137-11702-0021_-6,"['SNR: -6']"
8226-274371-0021_7,"['SNR: 7']"
1970-10594-0021_2,"['SNR: 2']"
89-219-0013_0,"['SNR: 0']"
8226-274371-0025_9,"['SNR: 9']"
5808-48608-0015_-1,"['SNR: -1']"
1553-140048-0006_-1,"['SNR: -1']"
6000-86686-0014_10,"['SNR: 10']"
7078-271888-0113_-12,"['SNR: -12']"
7511-102419-0038_2,"['SNR: 2']"
3664-178366-0008_-3,"['SNR: -3']"
441-128988-0035_-12,"['SNR: -12']"
4214-7146-0060_-2,"['SNR: -2']"
1098-133695-0007_2,"['SNR: 2']"
405-130894-0021_6,"['SNR: 6']"
5049-25947-0116_7,"['SNR: 7']"
696-93314-0016_7,"['SNR: 7']"
5867-48852-0017_-11,"['SNR: -11']"
4088-158077-0094_2,"['SNR: 2']"
8580-287363-0008_-15,"['SNR: -15']"
4813-248638-0013_-12,"['SNR: -12']"
3259-158083-0040_-14,"['SNR: -14']"
3486-166424-0063_-15,"['SNR: -15']"
7178-34644-0068_2,"['SNR: 2']"
3240-131231-0008_3,"['SNR: 3']"
2911-7601-0006_-3,"['SNR: -3']"
8312-279790-0044_-11,"['SNR: -11']"
3235-28433-0022_10,"['SNR: 10']"
8770-295462-0028_-12,"['SNR: -12']"
8419-293469-0019_2,"['SNR: 2']"
5049-25947-0006_-8,"['SNR: -8']"
8238-274553-0049_6,"['SNR: 6']"
6454-93938-0005_-14,"['SNR: -14']"
2182-150130-0039_0,"['SNR: 0']"
7402-59171-0030_-2,"['SNR: -2']"
5322-7678-0030_-10,"['SNR: -10']"
7402-90848-0052_-5,"['SNR: -5']"
1867-148436-0003_-15,"['SNR: -15']"
2989-138035-0055_-13,"['SNR: -13']"
226-131533-0002_9,"['SNR: 9']"
426-122822-0024_0,"['SNR: 0']"
1841-179183-0020_-6,"['SNR: -6']"
3240-131231-0070_4,"['SNR: 4']"
7113-86041-0033_-5,"['SNR: -5']"
3879-174923-0041_-9,"['SNR: -9']"
332-128985-0041_8,"['SNR: 8']"
1098-133695-0043_-1,"['SNR: -1']"
5750-35690-0010_-12,"['SNR: -12']"
1098-133695-0049_-1,"['SNR: -1']"
831-130739-0062_-6,"['SNR: -6']"
669-129061-0015_-13,"['SNR: -13']"
3664-11714-0003_9,"['SNR: 9']"
4340-15220-0001_-8,"['SNR: -8']"
405-130894-0038_-7,"['SNR: -7']"
4788-294466-0001_10,"['SNR: 10']"
6181-216552-0053_6,"['SNR: 6']"
7367-86737-0051_10,"['SNR: 10']"
5456-58161-0026_-10,"['SNR: -10']"
5688-15787-0021_7,"['SNR: 7']"
7302-86815-0001_4,"['SNR: 4']"
1246-135815-0021_-1,"['SNR: -1']"
7794-295947-0004_5,"['SNR: 5']"
3235-11599-0014_-2,"['SNR: -2']"
8838-298546-0014_7,"['SNR: 7']"
8797-294123-0043_5,"['SNR: 5']"
2836-5355-0040_9,"['SNR: 9']"
4051-11218-0031_8,"['SNR: 8']"
1363-139304-0008_-15,"['SNR: -15']"
7635-105661-0024_2,"['SNR: 2']"
8630-305212-0012_4,"['SNR: 4']"
7402-59171-0023_6,"['SNR: 6']"
426-122819-0026_-9,"['SNR: -9']"
4859-26870-0018_-12,"['SNR: -12']"
3857-182315-0008_-4,"['SNR: -4']"
1040-133433-0068_-4,"['SNR: -4']"
1455-134435-0019_-12,"['SNR: -12']"
163-122947-0090_2,"['SNR: 2']"
2989-138035-0005_3,"['SNR: 3']"
4441-76263-0002_1,"['SNR: 1']"
1963-147036-0000_-3,"['SNR: -3']"
8051-119902-0035_10,"['SNR: 10']"
1594-135914-0127_-11,"['SNR: -11']"
5688-41232-0001_-14,"['SNR: -14']"
4853-27671-0029_-4,"['SNR: -4']"
8123-275209-0020_-12,"['SNR: -12']"
8630-305212-0007_-3,"['SNR: -3']"
8108-274318-0001_4,"['SNR: 4']"
1898-145702-0017_8,"['SNR: 8']"
5789-57158-0023_-2,"['SNR: -2']"
1081-125237-0072_0,"['SNR: 0']"
3723-171115-0015_5,"['SNR: 5']"
3374-298032-0023_-9,"['SNR: -9']"
2136-5143-0027_-10,"['SNR: -10']"
4853-27671-0010_2,"['SNR: 2']"
7800-283493-0029_2,"['SNR: 2']"
2182-150130-0001_-6,"['SNR: -6']"
8465-246947-0009_3,"['SNR: 3']"
441-128988-0013_-4,"['SNR: -4']"
8747-293952-0079_-2,"['SNR: -2']"
5322-7679-0014_-1,"['SNR: -1']"
412-126975-0077_-9,"['SNR: -9']"
6454-107462-0032_10,"['SNR: 10']"
7635-105409-0045_5,"['SNR: 5']"
7447-91187-0035_-8,"['SNR: -8']"
1355-39947-0045_5,"['SNR: 5']"
7178-34644-0039_8,"['SNR: 8']"
587-41619-0020_1,"['SNR: 1']"
3374-298032-0003_3,"['SNR: 3']"
7780-274562-0028_-14,"['SNR: -14']"
150-126112-0006_-8,"['SNR: -8']"
4640-19187-0036_2,"['SNR: 2']"
163-121908-0012_-3,"['SNR: -3']"
6019-3185-0076_-9,"['SNR: -9']"
3830-12530-0036_0,"['SNR: 0']"
4406-16882-0036_-11,"['SNR: -11']"
19-198-0005_4,"['SNR: 4']"
1069-133699-0030_-8,"['SNR: -8']"
7800-283493-0026_-9,"['SNR: -9']"
5688-41232-0052_-3,"['SNR: -3']"
5393-19219-0006_-14,"['SNR: -14']"
6454-93938-0000_2,"['SNR: 2']"
7148-82991-0017_-2,"['SNR: -2']"
1069-133699-0035_-6,"['SNR: -6']"
8465-246943-0009_2,"['SNR: 2']"
3214-167602-0035_-10,"['SNR: -10']"
3723-171631-0056_-15,"['SNR: -15']"
3830-12531-0021_3,"['SNR: 3']"
8123-275209-0002_-15,"['SNR: -15']"
7511-102420-0012_-14,"['SNR: -14']"
1246-135815-0004_3,"['SNR: 3']"
302-123504-0004_-15,"['SNR: -15']"
3807-4923-0038_-12,"['SNR: -12']"
6529-62554-0047_-9,"['SNR: -9']"
3235-28433-0025_1,"['SNR: 1']"
8095-274348-0017_-2,"['SNR: -2']"
8108-274318-0010_-13,"['SNR: -13']"
2911-15045-0014_-14,"['SNR: -14']"
7517-100437-0006_-8,"['SNR: -8']"
6925-80680-0070_-14,"['SNR: -14']"
150-132655-0028_-14,"['SNR: -14']"
1594-135914-0125_-4,"['SNR: -4']"
1926-147987-0029_9,"['SNR: 9']"
1624-168623-0010_1,"['SNR: 1']"
426-122819-0028_7,"['SNR: 7']"
2002-139469-0052_6,"['SNR: 6']"
4160-11549-0001_3,"['SNR: 3']"
6529-62554-0046_2,"['SNR: 2']"
6064-56168-0013_-5,"['SNR: -5']"
6454-120342-0035_5,"['SNR: 5']"
1069-133709-0007_-3,"['SNR: -3']"
3242-67168-0000_-12,"['SNR: -12']"
3699-47246-0017_-12,"['SNR: -12']"
887-123289-0009_6,"['SNR: 6']"
2196-170379-0028_-4,"['SNR: -4']"
7302-86815-0045_-11,"['SNR: -11']"
2002-139469-0115_-10,"['SNR: -10']"
1926-147987-0005_-10,"['SNR: -10']"
8609-262281-0003_-12,"['SNR: -12']"
2436-2477-0018_-4,"['SNR: -4']"
4160-11550-0030_-2,"['SNR: -2']"
6272-70191-0024_-6,"['SNR: -6']"
1963-142393-0024_-13,"['SNR: -13']"
3723-171631-0060_0,"['SNR: 0']"
4406-16883-0028_-11,"['SNR: -11']"
5703-47198-0028_-2,"['SNR: -2']"
6454-107462-0012_-3,"['SNR: -3']"
302-123523-0037_-12,"['SNR: -12']"
6529-62556-0047_0,"['SNR: 0']"
2518-154825-0015_0,"['SNR: 0']"
7505-258964-0010_0,"['SNR: 0']"
4898-20016-0002_-15,"['SNR: -15']"
5514-19193-0004_-15,"['SNR: -15']"
3486-166424-0072_5,"['SNR: 5']"
8095-274346-0033_-11,"['SNR: -11']"
2182-150130-0016_-15,"['SNR: -15']"
7302-86814-0038_-9,"['SNR: -9']"
7059-77900-0026_-8,"['SNR: -8']"
4340-15220-0092_10,"['SNR: 10']"
8975-270782-0005_-13,"['SNR: -13']"
4014-186183-0026_-11,"['SNR: -11']"
3607-135982-0009_-5,"['SNR: -5']"
2092-145706-0051_3,"['SNR: 3']"
4195-186238-0015_8,"['SNR: 8']"
302-123504-0018_10,"['SNR: 10']"
5678-43301-0013_-1,"['SNR: -1']"
4018-107312-0002_-5,"['SNR: -5']"
4088-158077-0073_-3,"['SNR: -3']"
7178-34644-0072_5,"['SNR: 5']"
8747-293952-0092_-9,"['SNR: -9']"
1624-142933-0022_-15,"['SNR: -15']"
8465-246942-0006_1,"['SNR: 1']"
8063-274112-0020_3,"['SNR: 3']"
226-131532-0033_-7,"['SNR: -7']"
5778-12761-0036_9,"['SNR: 9']"
3664-11714-0010_3,"['SNR: 3']"
8063-274116-0003_-10,"['SNR: -10']"
302-123523-0016_-1,"['SNR: -1']"
2092-145706-0040_2,"['SNR: 2']"
1624-168623-0006_-5,"['SNR: -5']"
5688-41232-0002_7,"['SNR: 7']"
2910-131096-0077_10,"['SNR: 10']"
211-122425-0046_3,"['SNR: 3']"
7635-105661-0038_-2,"['SNR: -2']"
4481-17498-0005_-3,"['SNR: -3']"
5703-47198-0035_6,"['SNR: 6']"
6836-61803-0001_0,"['SNR: 0']"
5022-29405-0024_-7,"['SNR: -7']"
3947-13260-0024_-15,"['SNR: -15']"
8324-286681-0013_-9,"['SNR: -9']"
460-172359-0098_-13,"['SNR: -13']"
125-121342-0032_-11,"['SNR: -11']"
4160-11549-0002_3,"['SNR: 3']"
4680-16026-0016_8,"['SNR: 8']"
5463-39173-0011_-12,"['SNR: -12']"
32-21634-0015_-12,"['SNR: -12']"
460-172359-0092_3,"['SNR: 3']"
1553-140047-0011_-6,"['SNR: -6']"
1116-137572-0044_0,"['SNR: 0']"
250-142286-0007_10,"['SNR: 10']"
2764-36616-0023_-3,"['SNR: -3']"
730-359-0041_-4,"['SNR: -4']"
6078-54013-0075_-11,"['SNR: -11']"
4481-17499-0047_6,"['SNR: 6']"
8975-270782-0101_-1,"['SNR: -1']"
5652-19215-0029_0,"['SNR: 0']"
1992-141719-0043_-4,"['SNR: -4']"
8770-295462-0001_-8,"['SNR: -8']"
1970-28415-0031_-7,"['SNR: -7']"
6272-70191-0004_9,"['SNR: 9']"
6078-54013-0007_-9,"['SNR: -9']"
1898-145724-0035_7,"['SNR: 7']"
4362-15663-0099_-9,"['SNR: -9']"
8419-286667-0021_-6,"['SNR: -6']"
4680-16041-0032_3,"['SNR: 3']"
4680-16041-0041_-5,"['SNR: -5']"
3857-180923-0003_2,"['SNR: 2']"
4680-16041-0033_4,"['SNR: 4']"
1898-145702-0019_5,"['SNR: 5']"
4830-25904-0029_-12,"['SNR: -12']"
307-127540-0030_-4,"['SNR: -4']"
5789-57158-0012_-13,"['SNR: -13']"
211-122442-0037_3,"['SNR: 3']"
6078-54013-0041_-13,"['SNR: -13']"
7800-283493-0011_-6,"['SNR: -6']"
6454-107462-0004_-11,"['SNR: -11']"
481-123720-0000_-4,"['SNR: -4']"
2764-36619-0024_-4,"['SNR: -4']"
8051-118101-0031_3,"['SNR: 3']"
5778-12761-0029_-6,"['SNR: -6']"
4680-16042-0032_2,"['SNR: 2']"
8226-274371-0039_2,"['SNR: 2']"
233-134440-0004_-8,"['SNR: -8']"
4898-28461-0016_4,"['SNR: 4']"
7780-274562-0077_-1,"['SNR: -1']"
4406-16883-0001_-6,"['SNR: -6']"
60-121082-0041_-7,"['SNR: -7']"
6531-61334-0092_-15,"['SNR: -15']"
6848-252323-0023_-7,"['SNR: -7']"
2136-5147-0009_10,"['SNR: 10']"
7859-102519-0035_-12,"['SNR: -12']"
83-11691-0021_-5,"['SNR: -5']"
5652-39938-0054_6,"['SNR: 6']"
2911-15084-0009_-5,"['SNR: -5']"
3168-173565-0002_-9,"['SNR: -9']"
1447-130551-0025_9,"['SNR: 9']"
7113-86041-0073_3,"['SNR: 3']"
7859-102521-0012_-13,"['SNR: -13']"
3947-13260-0030_9,"['SNR: 9']"
587-41611-0017_-11,"['SNR: -11']"
39-121915-0021_-12,"['SNR: -12']"
2952-408-0008_10,"['SNR: 10']"
5022-29411-0047_-7,"['SNR: -7']"
3112-9555-0012_-12,"['SNR: -12']"
3436-172171-0057_0,"['SNR: 0']"
1963-147036-0012_4,"['SNR: 4']"
5514-19192-0015_-7,"['SNR: -7']"
196-122159-0010_7,"['SNR: 7']"
1334-135589-0104_7,"['SNR: 7']"
4297-13009-0019_-11,"['SNR: -11']"
6563-285357-0033_-1,"['SNR: -1']"
6437-66172-0024_-1,"['SNR: -1']"
5688-41232-0026_9,"['SNR: 9']"
2989-138028-0059_0,"['SNR: 0']"
3374-298032-0038_-11,"['SNR: -11']"
4195-17507-0015_-10,"['SNR: -10']"
4088-158077-0039_4,"['SNR: 4']"
4788-94904-0035_-13,"['SNR: -13']"
248-130652-0029_0,"['SNR: 0']"
7148-7763-0028_-10,"['SNR: -10']"
125-121124-0032_-3,"['SNR: -3']"
198-126831-0045_-12,"['SNR: -12']"
27-124992-0055_2,"['SNR: 2']"
3486-166446-0017_-4,"['SNR: -4']"
89-218-0041_2,"['SNR: 2']"
7302-86814-0041_-13,"['SNR: -13']"
3374-298032-0017_3,"['SNR: 3']"
1926-147979-0026_-2,"['SNR: -2']"
2836-5354-0030_-5,"['SNR: -5']"
445-123857-0010_-4,"['SNR: -4']"
5808-48608-0059_4,"['SNR: 4']"
6476-57446-0067_0,"['SNR: 0']"
1263-139804-0003_10,"['SNR: 10']"
89-218-0043_-11,"['SNR: -11']"
7859-102521-0013_2,"['SNR: 2']"
39-121914-0004_7,"['SNR: 7']"
250-142276-0040_-7,"['SNR: -7']"
1116-132847-0032_-1,"['SNR: -1']"
7059-77897-0000_4,"['SNR: 4']"
3240-131231-0069_2,"['SNR: 2']"
6019-3185-0054_-4,"['SNR: -4']"
3235-28452-0005_1,"['SNR: 1']"
7859-102519-0021_10,"['SNR: 10']"
8468-294887-0027_0,"['SNR: 0']"
328-129766-0039_7,"['SNR: 7']"
4680-16041-0010_-5,"['SNR: -5']"
1447-130550-0012_9,"['SNR: 9']"
7278-91083-0031_-6,"['SNR: -6']"
6476-57446-0039_-11,"['SNR: -11']"
27-124992-0063_9,"['SNR: 9']"
6415-100596-0012_-7,"['SNR: -7']"
40-222-0064_1,"['SNR: 1']"
2518-154826-0013_-7,"['SNR: -7']"
8098-278252-0032_-8,"['SNR: -8']"
5652-39938-0022_9,"['SNR: 9']"
3240-131231-0041_-12,"['SNR: -12']"
7278-91083-0014_-12,"['SNR: -12']"
1235-135883-0023_-6,"['SNR: -6']"
3830-12530-0010_-15,"['SNR: -15']"
2952-408-0021_0,"['SNR: 0']"
8747-293952-0006_-5,"['SNR: -5']"
3723-171115-0052_-14,"['SNR: -14']"
8975-270782-0009_-7,"['SNR: -7']"
2691-156750-0021_-6,"['SNR: -6']"
4813-248641-0020_-3,"['SNR: -3']"
19-198-0002_3,"['SNR: 3']"
909-131044-0020_2,"['SNR: 2']"
6531-61334-0030_10,"['SNR: 10']"
4481-17498-0039_1,"['SNR: 1']"
5163-39921-0028_10,"['SNR: 10']"
5750-100289-0028_4,"['SNR: 4']"
302-123516-0006_-11,"['SNR: -11']"
3214-167606-0016_2,"['SNR: 2']"
1723-141149-0007_-6,"['SNR: -6']"
8975-270782-0067_7,"['SNR: 7']"
2952-410-0000_1,"['SNR: 1']"
1737-148989-0025_-7,"['SNR: -7']"
5778-54535-0017_-13,"['SNR: -13']"
8468-286673-0033_4,"['SNR: 4']"
3240-131231-0068_-13,"['SNR: -13']"
2436-2481-0012_1,"['SNR: 1']"
7800-283478-0014_-13,"['SNR: -13']"
1578-6379-0029_1,"['SNR: 1']"
26-495-0048_-9,"['SNR: -9']"
8238-283452-0025_-5,"['SNR: -5']"
2514-149482-0017_7,"['SNR: 7']"
201-127786-0060_-5,"['SNR: -5']"
3857-182315-0014_-4,"['SNR: -4']"
2893-139310-0005_-8,"['SNR: -8']"
6209-34600-0023_6,"['SNR: 6']"
3486-166446-0032_-9,"['SNR: -9']"
7517-100437-0024_-11,"['SNR: -11']"
911-130578-0014_-13,"['SNR: -13']"
6437-66173-0029_-2,"['SNR: -2']"
1088-134315-0010_-11,"['SNR: -11']"
3168-173565-0046_-9,"['SNR: -9']"
1263-141777-0029_-7,"['SNR: -7']"
7859-102519-0007_2,"['SNR: 2']"
6531-61334-0052_3,"['SNR: 3']"
7178-34644-0074_9,"['SNR: 9']"
887-123290-0006_-7,"['SNR: -7']"
911-128684-0075_1,"['SNR: 1']"
6272-70168-0012_2,"['SNR: 2']"
5561-41616-0002_0,"['SNR: 0']"
5390-24512-0044_9,"['SNR: 9']"
3486-166424-0007_-13,"['SNR: -13']"
311-124404-0054_-5,"['SNR: -5']"
730-358-0063_-9,"['SNR: -9']"
5789-57158-0008_-4,"['SNR: -4']"
4018-107312-0006_10,"['SNR: 10']"
1737-142396-0014_-1,"['SNR: -1']"
39-121916-0021_-8,"['SNR: -8']"
4397-15668-0029_9,"['SNR: 9']"
2817-142380-0017_5,"['SNR: 5']"
3699-175950-0020_10,"['SNR: 10']"
7794-295947-0013_3,"['SNR: 3']"
7078-271888-0008_10,"['SNR: 10']"
6818-76332-0013_-14,"['SNR: -14']"
26-495-0002_-1,"['SNR: -1']"
118-47824-0014_7,"['SNR: 7']"
4441-76250-0027_-14,"['SNR: -14']"
446-123501-0024_-9,"['SNR: -9']"
3374-298025-0002_-6,"['SNR: -6']"
8468-286673-0029_8,"['SNR: 8']"
3879-174923-0060_-8,"['SNR: -8']"
6385-34669-0018_0,"['SNR: 0']"
8580-287363-0034_8,"['SNR: 8']"
1081-125237-0012_-15,"['SNR: -15']"
3699-47246-0000_-4,"['SNR: -4']"
8238-283452-0019_1,"['SNR: 1']"
4680-16026-0020_-1,"['SNR: -1']"
8770-295462-0027_-1,"['SNR: -1']"
27-124992-0011_-2,"['SNR: -2']"
911-128684-0013_1,"['SNR: 1']"
3235-28452-0012_2,"['SNR: 2']"
87-121553-0006_-10,"['SNR: -10']"
1447-130550-0020_-7,"['SNR: -7']"
426-122822-0005_4,"['SNR: 4']"
7447-91186-0011_2,"['SNR: 2']"
2893-139322-0016_-9,"['SNR: -9']"
3440-171009-0053_-6,"['SNR: -6']"
4051-11217-0029_-4,"['SNR: -4']"
3526-176651-0015_-1,"['SNR: -1']"
2196-170151-0030_-2,"['SNR: -2']"
4441-76250-0038_-7,"['SNR: -7']"
163-121908-0002_-1,"['SNR: -1']"
1723-141149-0044_-12,"['SNR: -12']"
4137-11701-0045_-7,"['SNR: -7']"
3983-5371-0024_3,"['SNR: 3']"
5104-33406-0036_-11,"['SNR: -11']"
7800-283478-0020_-5,"['SNR: -5']"
1455-138263-0020_10,"['SNR: 10']"
6147-34606-0015_-2,"['SNR: -2']"
4195-186237-0033_-10,"['SNR: -10']"
5703-47198-0044_3,"['SNR: 3']"
311-124404-0024_9,"['SNR: 9']"
3807-4923-0026_-10,"['SNR: -10']"
441-130108-0008_-15,"['SNR: -15']"
200-126784-0005_3,"['SNR: 3']"
6272-70171-0039_2,"['SNR: 2']"
8098-278278-0010_-9,"['SNR: -9']"
4014-186179-0033_1,"['SNR: 1']"
3259-158083-0079_-1,"['SNR: -1']"
1447-130551-0001_-14,"['SNR: -14']"
6019-3185-0030_-15,"['SNR: -15']"
3112-9555-0081_-11,"['SNR: -11']"
6415-111615-0023_-12,"['SNR: -12']"
4051-11218-0009_7,"['SNR: 7']"
2416-152137-0007_10,"['SNR: 10']"
6081-41997-0035_5,"['SNR: 5']"
3857-180923-0000_-13,"['SNR: -13']"
3983-5331-0003_-7,"['SNR: -7']"
8238-274553-0001_3,"['SNR: 3']"
8838-298545-0036_4,"['SNR: 4']"
4481-17499-0037_-6,"['SNR: -6']"
3857-182315-0036_-15,"['SNR: -15']"
32-4137-0052_10,"['SNR: 10']"
298-126790-0019_1,"['SNR: 1']"
1867-154075-0017_10,"['SNR: 10']"
2893-139322-0046_-15,"['SNR: -15']"
8609-262281-0039_5,"['SNR: 5']"
3607-135982-0043_1,"['SNR: 1']"
6836-61804-0006_7,"['SNR: 7']"
8747-293952-0073_2,"['SNR: 2']"
403-216-0009_-8,"['SNR: -8']"
1447-130550-0018_-5,"['SNR: -5']"
1355-39947-0066_1,"['SNR: 1']"
6209-34599-0035_9,"['SNR: 9']"
7264-92314-0006_-8,"['SNR: -8']"
3235-11599-0002_8,"['SNR: 8']"
19-198-0023_-11,"['SNR: -11']"
7447-91187-0054_7,"['SNR: 7']"
332-128985-0077_-6,"['SNR: -6']"
5463-39173-0060_6,"['SNR: 6']"
3259-158083-0046_-3,"['SNR: -3']"
911-128684-0064_-6,"['SNR: -6']"
445-123860-0017_9,"['SNR: 9']"
1081-125237-0057_-5,"['SNR: -5']"
441-128988-0007_-3,"['SNR: -3']"
8088-284756-0115_1,"['SNR: 1']"
3607-29116-0028_-6,"['SNR: -6']"
1502-122615-0014_-2,"['SNR: -2']"
4088-158077-0088_-10,"['SNR: -10']"
3699-47246-0002_-7,"['SNR: -7']"
7780-274562-0057_6,"['SNR: 6']"
730-360-0004_4,"['SNR: 4']"
2289-152257-0008_1,"['SNR: 1']"
7278-246956-0032_-9,"['SNR: -9']"
839-130898-0062_-9,"['SNR: -9']"
8975-270782-0048_0,"['SNR: 0']"
248-130652-0015_1,"['SNR: 1']"
4362-15663-0096_1,"['SNR: 1']"
322-124146-0005_-12,"['SNR: -12']"
6529-62554-0013_-14,"['SNR: -14']"
6529-62556-0034_7,"['SNR: 7']"
839-130898-0011_-1,"['SNR: -1']"
6476-57446-0083_8,"['SNR: 8']"
7178-34645-0035_10,"['SNR: 10']"
8324-286683-0020_-4,"['SNR: -4']"
3607-135982-0028_1,"['SNR: 1']"
441-128988-0034_-6,"['SNR: -6']"
78-369-0015_9,"['SNR: 9']"
150-132655-0019_-8,"['SNR: -8']"
103-1240-0020_-4,"['SNR: -4']"
412-126975-0053_1,"['SNR: 1']"
8098-278278-0002_8,"['SNR: 8']"
6064-56168-0020_5,"['SNR: 5']"
4830-25898-0049_7,"['SNR: 7']"
831-130746-0016_-8,"['SNR: -8']"
839-130898-0050_-10,"['SNR: -10']"
2691-156750-0028_-13,"['SNR: -13']"
1235-135887-0029_-9,"['SNR: -9']"
1355-39947-0097_-2,"['SNR: -2']"
8770-295462-0017_-11,"['SNR: -11']"
2817-142380-0015_-9,"['SNR: -9']"
7794-295955-0009_8,"['SNR: 8']"
441-128982-0027_-6,"['SNR: -6']"
229-130880-0008_-5,"['SNR: -5']"
4297-13009-0021_-3,"['SNR: -3']"
3947-13262-0021_-4,"['SNR: -4']"
3879-173592-0011_8,"['SNR: 8']"
4195-17507-0028_2,"['SNR: 2']"
4788-94904-0032_-10,"['SNR: -10']"
730-360-0020_-15,"['SNR: -15']"
1246-124550-0006_1,"['SNR: 1']"
5192-19397-0061_-4,"['SNR: -4']"
4014-186176-0000_4,"['SNR: 4']"
8580-287364-0019_8,"['SNR: 8']"
374-180298-0063_9,"['SNR: 9']"
2691-156750-0006_7,"['SNR: 7']"
1263-138246-0004_-4,"['SNR: -4']"
3214-167607-0024_8,"['SNR: 8']"
5678-43302-0026_6,"['SNR: 6']"
89-219-0053_1,"['SNR: 1']"
2416-152139-0028_7,"['SNR: 7']"
8747-293952-0018_-2,"['SNR: -2']"
19-198-0020_6,"['SNR: 6']"
6529-62556-0037_10,"['SNR: 10']"
4214-7146-0025_-10,"['SNR: -10']"
1970-28415-0008_-11,"['SNR: -11']"
8095-274345-0026_3,"['SNR: 3']"
1743-142912-0023_10,"['SNR: 10']"
302-123523-0009_-15,"['SNR: -15']"
6209-34599-0011_-12,"['SNR: -12']"
8838-298545-0001_-2,"['SNR: -2']"
1926-147987-0004_-4,"['SNR: -4']"
6836-61803-0032_-8,"['SNR: -8']"
5463-39173-0046_7,"['SNR: 7']"
226-131532-0025_-8,"['SNR: -8']"
1624-142933-0004_-11,"['SNR: -11']"
6147-34607-0030_-9,"['SNR: -9']"
5022-29411-0036_-6,"['SNR: -6']"
2092-145709-0002_-4,"['SNR: -4']"
4397-15678-0002_7,"['SNR: 7']"
7148-59157-0018_-15,"['SNR: -15']"
229-130880-0036_-8,"['SNR: -8']"
4640-19187-0039_6,"['SNR: 6']"
40-121026-0017_-15,"['SNR: -15']"
8838-298546-0024_-4,"['SNR: -4']"
8580-287364-0028_-1,"['SNR: -1']"
8770-295465-0034_-2,"['SNR: -2']"
5778-54535-0047_-6,"['SNR: -6']"
78-369-0060_1,"['SNR: 1']"
39-121916-0001_0,"['SNR: 0']"
446-123502-0047_-3,"['SNR: -3']"
5867-48852-0004_-9,"['SNR: -9']"
5750-35690-0017_10,"['SNR: 10']"
2436-2481-0031_7,"['SNR: 7']"
6476-57446-0025_-14,"['SNR: -14']"
7078-271888-0036_-15,"['SNR: -15']"
5867-48852-0040_4,"['SNR: 4']"
6848-252322-0023_-3,"['SNR: -3']"
2764-36619-0009_-6,"['SNR: -6']"
403-216-0002_5,"['SNR: 5']"
909-131045-0014_10,"['SNR: 10']"
1363-139304-0031_1,"['SNR: 1']"
2416-152137-0020_0,"['SNR: 0']"
6181-216552-0013_-14,"['SNR: -14']"
40-222-0026_2,"['SNR: 2']"
8838-298546-0022_-3,"['SNR: -3']"
4340-15220-0086_4,"['SNR: 4']"
1263-141777-0013_-2,"['SNR: -2']"
3947-13262-0044_1,"['SNR: 1']"
7511-102420-0017_7,"['SNR: 7']"
7402-90848-0022_-14,"['SNR: -14']"
6019-3185-0031_5,"['SNR: 5']"
6880-216547-0000_-8,"['SNR: -8']"
4640-19188-0029_-4,"['SNR: -4']"
1116-137572-0013_-2,"['SNR: -2']"
1578-140049-0020_-5,"['SNR: -5']"
5339-14134-0074_0,"['SNR: 0']"
2092-145706-0045_-14,"['SNR: -14']"
2817-142380-0038_-2,"['SNR: -2']"
7302-86815-0077_5,"['SNR: 5']"
6531-61334-0123_7,"['SNR: 7']"
4680-16042-0003_-4,"['SNR: -4']"
625-132118-0037_-10,"['SNR: -10']"
4051-11218-0029_-12,"['SNR: -12']"
3607-135982-0029_-14,"['SNR: -14']"
8975-270782-0029_-6,"['SNR: -6']"
887-123289-0021_7,"['SNR: 7']"
6081-41998-0020_-2,"['SNR: -2']"
7794-295947-0029_1,"['SNR: 1']"
2952-410-0011_3,"['SNR: 3']"
4859-26870-0017_-11,"['SNR: -11']"
1355-39947-0050_-2,"['SNR: -2']"
6437-66172-0027_-4,"['SNR: -4']"
8630-305212-0040_-6,"['SNR: -6']"
1355-39947-0079_-3,"['SNR: -3']"
4014-186183-0011_-5,"['SNR: -5']"
307-127535-0018_-2,"['SNR: -2']"
405-130894-0068_2,"['SNR: 2']"
248-130652-0030_10,"['SNR: 10']"
2092-145706-0008_7,"['SNR: 7']"
1455-138263-0028_-4,"['SNR: -4']"
446-123502-0035_-9,"['SNR: -9']"
2289-152254-0017_-13,"['SNR: -13']"
5703-47198-0039_-8,"['SNR: -8']"
198-209-0015_8,"['SNR: 8']"
2911-7601-0004_-15,"['SNR: -15']"
118-121721-0019_-8,"['SNR: -8']"
7059-77897-0022_-5,"['SNR: -5']"
8419-293473-0015_-10,"['SNR: -10']"
1069-133699-0032_1,"['SNR: 1']"
1246-124550-0015_-8,"['SNR: -8']"
2007-132570-0057_-12,"['SNR: -12']"
7794-295947-0010_-14,"['SNR: -14']"
27-123349-0022_-9,"['SNR: -9']"
8108-274318-0009_2,"['SNR: 2']"
6181-216552-0072_-8,"['SNR: -8']"
83-11691-0038_-3,"['SNR: -3']"
1116-132851-0017_6,"['SNR: 6']"
3240-131231-0013_-5,"['SNR: -5']"
8098-278278-0024_0,"['SNR: 0']"
5339-14133-0050_-8,"['SNR: -8']"
3214-167606-0034_5,"['SNR: 5']"
587-54108-0018_-4,"['SNR: -4']"
2384-152900-0014_-9,"['SNR: -9']"
8063-274116-0033_3,"['SNR: 3']"
8465-246940-0013_-10,"['SNR: -10']"
2196-170151-0029_6,"['SNR: 6']"
4788-91208-0022_-12,"['SNR: -12']"
2910-131096-0040_-5,"['SNR: -5']"
2514-149482-0025_2,"['SNR: 2']"
118-47824-0023_10,"['SNR: 10']"
5339-14134-0072_3,"['SNR: 3']"
5808-48608-0053_-4,"['SNR: -4']"
3214-167606-0017_-7,"['SNR: -7']"
7859-102518-0008_-7,"['SNR: -7']"
2289-152254-0012_1,"['SNR: 1']"
5789-57195-0036_-13,"['SNR: -13']"
322-124147-0038_4,"['SNR: 4']"
2989-138035-0028_-11,"['SNR: -11']"
26-496-0024_-6,"['SNR: -6']"
6563-285357-0029_9,"['SNR: 9']"
1970-28415-0038_6,"['SNR: 6']"
2391-145015-0062_-9,"['SNR: -9']"
8095-274346-0022_6,"['SNR: 6']"
5867-48852-0072_-5,"['SNR: -5']"
4813-248638-0023_2,"['SNR: 2']"
4137-11702-0000_-7,"['SNR: -7']"
8770-295463-0023_6,"['SNR: 6']"
587-41611-0029_2,"['SNR: 2']"
2092-145706-0014_-4,"['SNR: -4']"
6000-55211-0028_-1,"['SNR: -1']"
587-41611-0004_2,"['SNR: 2']"
2691-156745-0039_-7,"['SNR: -7']"
198-126831-0039_-15,"['SNR: -15']"
4830-25898-0009_-13,"['SNR: -13']"
8629-261139-0052_7,"['SNR: 7']"
8609-283227-0070_-5,"['SNR: -5']"
7278-104730-0016_-13,"['SNR: -13']"
6147-34606-0017_-3,"['SNR: -3']"
198-126831-0002_9,"['SNR: 9']"
3242-8112-0000_2,"['SNR: 2']"
1081-125237-0106_-3,"['SNR: -3']"
2136-5147-0008_2,"['SNR: 2']"
4898-20016-0003_-2,"['SNR: -2']"
3436-172162-0010_-13,"['SNR: -13']"
39-121915-0019_6,"['SNR: 6']"
909-131041-0007_-11,"['SNR: -11']"
8088-284756-0110_-4,"['SNR: -4']"
1898-145715-0022_-6,"['SNR: -6']"
2159-179156-0004_1,"['SNR: 1']"
8095-274345-0031_-2,"['SNR: -2']"
1578-140049-0024_0,"['SNR: 0']"
7067-76047-0038_-7,"['SNR: -7']"
2514-149482-0020_-11,"['SNR: -11']"
2289-152257-0023_-1,"['SNR: -1']"
125-121124-0038_8,"['SNR: 8']"
7226-86965-0049_-1,"['SNR: -1']"
2764-36617-0029_-3,"['SNR: -3']"
3983-5371-0026_4,"['SNR: 4']"
19-227-0034_-1,"['SNR: -1']"
5390-30096-0023_-6,"['SNR: -6']"
1447-17506-0001_9,"['SNR: 9']"
7059-77900-0018_-5,"['SNR: -5']"
6454-107462-0037_0,"['SNR: 0']"
3436-172162-0004_7,"['SNR: 7']"
7078-271888-0087_-11,"['SNR: -11']"
8088-284756-0056_2,"['SNR: 2']"
7226-86965-0002_-7,"['SNR: -7']"
4813-248638-0036_-1,"['SNR: -1']"
1578-140049-0034_-1,"['SNR: -1']"
4195-17507-0006_1,"['SNR: 1']"
6818-68772-0045_-5,"['SNR: -5']"
2002-139469-0062_3,"['SNR: 3']"
460-172359-0022_-13,"['SNR: -13']"
298-126791-0019_9,"['SNR: 9']"
8095-274346-0012_3,"['SNR: 3']"
4160-14187-0012_-8,"['SNR: -8']"
1624-168623-0030_9,"['SNR: 9']"
887-123291-0015_9,"['SNR: 9']"
730-358-0036_1,"['SNR: 1']"
118-47824-0038_-15,"['SNR: -15']"
1116-132847-0016_2,"['SNR: 2']"
4267-78186-0006_4,"['SNR: 4']"
200-126784-0035_-7,"['SNR: -7']"
26-496-0020_9,"['SNR: 9']"
1553-140048-0012_3,"['SNR: 3']"
3436-172171-0025_-8,"['SNR: -8']"
211-122425-0004_-7,"['SNR: -7']"
1594-135914-0043_5,"['SNR: 5']"
201-127786-0035_-8,"['SNR: -8']"
60-121082-0093_-6,"['SNR: -6']"
7511-102419-0025_4,"['SNR: 4']"
4362-15663-0071_-3,"['SNR: -3']"
2518-154825-0050_9,"['SNR: 9']"
1963-147036-0010_-11,"['SNR: -11']"
8051-118101-0003_-8,"['SNR: -8']"
2384-152900-0021_3,"['SNR: 3']"
5393-19219-0033_6,"['SNR: 6']"
1040-133433-0026_-5,"['SNR: -5']"
5339-14134-0054_8,"['SNR: 8']"
1594-135914-0104_-3,"['SNR: -3']"
6367-65536-0056_-11,"['SNR: -11']"
6147-34607-0027_-8,"['SNR: -8']"
1069-133709-0039_3,"['SNR: 3']"
458-126305-0002_-3,"['SNR: -3']"
8108-274318-0046_10,"['SNR: 10']"
6818-76332-0023_8,"['SNR: 8']"
6209-34601-0000_-13,"['SNR: -13']"
3664-178355-0013_-10,"['SNR: -10']"
5393-19218-0042_4,"['SNR: 4']"
226-131533-0003_-9,"['SNR: -9']"
730-359-0048_4,"['SNR: 4']"
7178-34644-0050_-9,"['SNR: -9']"
6385-34655-0029_9,"['SNR: 9']"
200-124139-0016_0,"['SNR: 0']"
2007-149877-0024_-9,"['SNR: -9']"
302-123504-0009_2,"['SNR: 2']"
625-132112-0040_5,"['SNR: 5']"
730-359-0045_-11,"['SNR: -11']"
7367-86737-0027_6,"['SNR: 6']"
1743-142913-0019_-12,"['SNR: -12']"
8975-270782-0060_1,"['SNR: 1']"
3723-171631-0024_-1,"['SNR: -1']"
5322-7678-0026_8,"['SNR: 8']"
2416-152139-0047_-5,"['SNR: -5']"
7635-105409-0002_10,"['SNR: 10']"
3807-4955-0035_3,"['SNR: 3']"
7635-105661-0010_-14,"['SNR: -14']"
8465-246940-0022_4,"['SNR: 4']"
6818-68772-0016_7,"['SNR: 7']"
4014-186183-0029_6,"['SNR: 6']"
7505-258964-0046_5,"['SNR: 5']"
254-12312-0020_-7,"['SNR: -7']"
307-127539-0006_3,"['SNR: 3']"
7780-274562-0047_-4,"['SNR: -4']"
831-130746-0002_10,"['SNR: 10']"
4406-16882-0054_-1,"['SNR: -1']"
1088-134318-0004_-11,"['SNR: -11']"
6064-56165-0024_-10,"['SNR: -10']"
5688-15787-0042_7,"['SNR: 7']"
211-122442-0045_-12,"['SNR: -12']"
441-128982-0000_-13,"['SNR: -13']"
5750-100289-0040_2,"['SNR: 2']"
1263-141777-0000_-5,"['SNR: -5']"
3983-5371-0030_-2,"['SNR: -2']"
3830-12531-0027_2,"['SNR: 2']"
1553-140048-0024_-11,"['SNR: -11']"
6454-120342-0006_-15,"['SNR: -15']"
3699-175950-0014_-10,"['SNR: -10']"
8975-270782-0083_-6,"['SNR: -6']"
1081-125237-0071_-10,"['SNR: -10']"
7226-86964-0038_6,"['SNR: 6']"
3436-172171-0049_6,"['SNR: 6']"
4137-11701-0052_-2,"['SNR: -2']"
1088-134315-0027_-14,"['SNR: -14']"
6078-54013-0027_2,"['SNR: 2']"
3214-167606-0029_-13,"['SNR: -13']"
4788-294466-0000_0,"['SNR: 0']"
1970-26100-0023_-6,"['SNR: -6']"
7505-258958-0003_-2,"['SNR: -2']"
2514-149482-0030_5,"['SNR: 5']"
1992-141719-0041_1,"['SNR: 1']"
6531-61334-0013_0,"['SNR: 0']"
1034-121119-0089_-11,"['SNR: -11']"
1334-135589-0040_-13,"['SNR: -13']"
103-1241-0033_4,"['SNR: 4']"
7780-274562-0009_9,"['SNR: 9']"
8095-274346-0026_-7,"['SNR: -7']"
2416-152139-0019_-14,"['SNR: -14']"
3214-167607-0033_-4,"['SNR: -4']"
1743-142914-0007_-15,"['SNR: -15']"
1926-143879-0000_-4,"['SNR: -4']"
1963-147036-0031_1,"['SNR: 1']"
198-126831-0044_-13,"['SNR: -13']"
7067-76048-0023_-4,"['SNR: -4']"
1898-145715-0016_1,"['SNR: 1']"
3112-9555-0014_10,"['SNR: 10']"
1088-129236-0006_-3,"['SNR: -3']"
3259-158083-0093_7,"['SNR: 7']"
322-124147-0013_-6,"['SNR: -6']"
1841-179183-0009_-7,"['SNR: -7']"
5703-47198-0038_-6,"['SNR: -6']"
6529-62554-0003_7,"['SNR: 7']"
5561-41615-0031_10,"['SNR: 10']"
2159-179157-0002_-7,"['SNR: -7']"
19-227-0054_-12,"['SNR: -12']"
2391-145015-0059_9,"['SNR: 9']"
8098-278252-0011_-7,"['SNR: -7']"
7059-77900-0005_-12,"['SNR: -12']"
909-131045-0037_-11,"['SNR: -11']"
298-126791-0059_-7,"['SNR: -7']"
1898-145720-0017_-9,"['SNR: -9']"
445-123860-0002_-3,"['SNR: -3']"
5678-43302-0039_-10,"['SNR: -10']"
5789-70653-0025_8,"['SNR: 8']"
4195-17507-0033_-11,"['SNR: -11']"
8609-283227-0037_-14,"['SNR: -14']"
4014-186175-0016_9,"['SNR: 9']"
1334-135589-0005_-6,"['SNR: -6']"
87-121553-0074_3,"['SNR: 3']"
2989-138028-0046_-2,"['SNR: -2']"
2182-181183-0012_-9,"['SNR: -9']"
83-3054-0004_-2,"['SNR: -2']"
887-123289-0032_7,"['SNR: 7']"
5463-39173-0049_8,"['SNR: 8']"
3857-182315-0034_4,"['SNR: 4']"
8468-294887-0003_-14,"['SNR: -14']"
6848-252322-0025_-12,"['SNR: -12']"
6415-100596-0003_-14,"['SNR: -14']"
2436-2476-0019_-4,"['SNR: -4']"
730-360-0041_-13,"['SNR: -13']"
328-129766-0073_4,"['SNR: 4']"
7517-100429-0004_-7,"['SNR: -7']"
4813-248641-0047_9,"['SNR: 9']"
2817-142371-0025_9,"['SNR: 9']"
1034-121119-0060_-3,"['SNR: -3']"
441-128982-0012_-3,"['SNR: -3']"
7178-34644-0060_-8,"['SNR: -8']"
2843-152918-0111_-14,"['SNR: -14']"
211-122442-0056_8,"['SNR: 8']"
7859-102519-0033_5,"['SNR: 5']"
5703-47198-0026_-14,"['SNR: -14']"
7078-271888-0024_-14,"['SNR: -14']"
7794-295955-0026_9,"['SNR: 9']"
3259-158083-0020_5,"['SNR: 5']"
7113-86041-0000_9,"['SNR: 9']"
19-198-0034_-14,"['SNR: -14']"
7178-34645-0027_-1,"['SNR: -1']"
4018-103416-0036_-1,"['SNR: -1']"
8063-274112-0006_-15,"['SNR: -15']"
83-11691-0034_1,"['SNR: 1']"
6385-220959-0017_-15,"['SNR: -15']"
3830-12535-0024_-12,"['SNR: -12']"
248-130644-0009_-3,"['SNR: -3']"
200-126784-0024_0,"['SNR: 0']"
730-358-0057_-9,"['SNR: -9']"
1578-6379-0043_-10,"['SNR: -10']"
8629-261139-0016_10,"['SNR: 10']"
4406-16883-0022_-12,"['SNR: -12']"
27-123349-0041_-3,"['SNR: -3']"
1970-28415-0026_-2,"['SNR: -2']"
163-122947-0079_-1,"['SNR: -1']"
1183-133256-0007_0,"['SNR: 0']"
7178-34644-0042_6,"['SNR: 6']"
5104-33406-0010_-13,"['SNR: -13']"
2989-138035-0026_-3,"['SNR: -3']"
5678-43301-0010_-8,"['SNR: -8']"
4397-15678-0014_-12,"['SNR: -12']"
481-123720-0025_0,"['SNR: 0']"
4898-28461-0053_10,"['SNR: 10']"
5703-47198-0050_-8,"['SNR: -8']"
4859-29340-0032_0,"['SNR: 0']"
3526-175658-0012_-7,"['SNR: -7']"
3983-5331-0032_-4,"['SNR: -4']"
1088-129236-0030_-4,"['SNR: -4']"
3983-5371-0014_-5,"['SNR: -5']"
7447-91186-0013_-7,"['SNR: -7']"
5456-58161-0022_-4,"['SNR: -4']"
5163-18515-0017_-6,"['SNR: -6']"
1069-133699-0028_2,"['SNR: 2']"
1088-129236-0022_0,"['SNR: 0']"
27-124992-0015_3,"['SNR: 3']"
831-130739-0033_-7,"['SNR: -7']"
8238-283452-0037_-2,"['SNR: -2']"
8324-286683-0019_-11,"['SNR: -11']"
8014-112586-0000_-15,"['SNR: -15']"
1069-133709-0002_-1,"['SNR: -1']"
460-172357-0024_-6,"['SNR: -6']"
1594-135914-0052_10,"['SNR: 10']"
7067-76047-0022_2,"['SNR: 2']"
6415-100596-0033_1,"['SNR: 1']"
4813-248638-0005_-3,"['SNR: -3']"
8425-246962-0018_5,"['SNR: 5']"
5703-47212-0046_-15,"['SNR: -15']"
32-4137-0035_-1,"['SNR: -1']"
5104-33406-0002_6,"['SNR: 6']"
8468-294887-0039_-7,"['SNR: -7']"
3440-171009-0017_-5,"['SNR: -5']"
4340-15220-0091_2,"['SNR: 2']"
1992-141719-0033_-1,"['SNR: -1']"
3723-171631-0035_-2,"['SNR: -2']"
103-1241-0021_-4,"['SNR: -4']"
5778-12761-0016_5,"['SNR: 5']"
2518-154826-0015_0,"['SNR: 0']"
2436-2477-0014_3,"['SNR: 3']"
5163-39921-0053_-9,"['SNR: -9']"
4640-19187-0028_-5,"['SNR: -5']"
3242-67168-0012_-1,"['SNR: -1']"
248-130652-0014_2,"['SNR: 2']"
1898-145724-0005_-13,"['SNR: -13']"
5808-54425-0022_0,"['SNR: 0']"
7148-82991-0020_4,"['SNR: 4']"
1355-39947-0022_-9,"['SNR: -9']"
8975-270782-0076_1,"['SNR: 1']"
6880-216547-0012_-6,"['SNR: -6']"
2436-2477-0002_-14,"['SNR: -14']"
587-54108-0039_-12,"['SNR: -12']"
412-126975-0009_10,"['SNR: 10']"
3374-298026-0010_-8,"['SNR: -8']"
211-122442-0014_-9,"['SNR: -9']"
7859-102519-0013_-6,"['SNR: -6']"
26-495-0031_1,"['SNR: 1']"
6147-34607-0036_1,"['SNR: 1']"
5463-39174-0004_7,"['SNR: 7']"
1088-134315-0009_8,"['SNR: 8']"
1235-135883-0048_-3,"['SNR: -3']"
3112-9555-0075_-14,"['SNR: -14']"
7067-76047-0003_0,"['SNR: 0']"
374-180298-0005_6,"['SNR: 6']"
4137-11701-0027_-15,"['SNR: -15']"
1081-125237-0001_-12,"['SNR: -12']"
302-123523-0001_5,"['SNR: 5']"
1867-148436-0023_-11,"['SNR: -11']"
311-124404-0052_-8,"['SNR: -8']"
8425-287387-0014_-7,"['SNR: -7']"
26-496-0025_-13,"['SNR: -13']"
87-121553-0029_-8,"['SNR: -8']"
8468-286673-0028_-2,"['SNR: -2']"
3168-173565-0058_-3,"['SNR: -3']"
3168-173564-0002_-5,"['SNR: -5']"
4680-16026-0012_8,"['SNR: 8']"
8609-262281-0037_-14,"['SNR: -14']"
625-132112-0020_-11,"['SNR: -11']"
2007-132570-0043_7,"['SNR: 7']"
1553-140047-0026_-14,"['SNR: -14']"
6181-216552-0052_-14,"['SNR: -14']"
4853-29413-0019_-8,"['SNR: -8']"
4267-287369-0028_-6,"['SNR: -6']"
6818-76332-0040_-14,"['SNR: -14']"
2092-145706-0054_4,"['SNR: 4']"
831-130746-0023_-14,"['SNR: -14']"
1040-133433-0078_-11,"['SNR: -11']"
298-126790-0030_-9,"['SNR: -9']"
8108-274318-0042_-1,"['SNR: -1']"
1355-39947-0041_-13,"['SNR: -13']"
78-368-0052_-8,"['SNR: -8']"
6415-111615-0013_-1,"['SNR: -1']"
7800-283492-0039_-15,"['SNR: -15']"
4214-7146-0076_-12,"['SNR: -12']"
1235-135887-0020_9,"['SNR: 9']"
4680-16041-0005_3,"['SNR: 3']"
103-1240-0039_-12,"['SNR: -12']"
5808-54425-0027_-13,"['SNR: -13']"
3947-13260-0049_-8,"['SNR: -8']"
1069-133709-0004_7,"['SNR: 7']"
5104-33407-0045_8,"['SNR: 8']"
3664-178366-0033_0,"['SNR: 0']"
26-495-0021_-13,"['SNR: -13']"
1992-141719-0037_-10,"['SNR: -10']"
1841-159771-0005_-14,"['SNR: -14']"
445-123860-0005_2,"['SNR: 2']"
1737-148989-0023_-12,"['SNR: -12']"
2764-36616-0031_-5,"['SNR: -5']"
8580-287364-0033_-1,"['SNR: -1']"
5049-25947-0053_-8,"['SNR: -8']"
3374-298025-0015_4,"['SNR: 4']"
4214-7146-0059_-3,"['SNR: -3']"
5703-47198-0043_10,"['SNR: 10']"
4195-17507-0002_5,"['SNR: 5']"
2843-152918-0112_-14,"['SNR: -14']"
198-209-0023_-3,"['SNR: -3']"
7367-86737-0052_5,"['SNR: 5']"
8468-295198-0012_8,"['SNR: 8']"
6529-62556-0011_-8,"['SNR: -8']"
2436-2481-0033_-11,"['SNR: -11']"
403-128339-0045_6,"['SNR: 6']"
2911-7601-0001_-1,"['SNR: -1']"
426-122822-0006_1,"['SNR: 1']"
4898-28461-0006_-8,"['SNR: -8']"
1970-10594-0004_-1,"['SNR: -1']"
87-121553-0076_-8,"['SNR: -8']"
1363-139304-0005_6,"['SNR: 6']"
4830-25904-0003_-1,"['SNR: -1']"
6476-96661-0007_1,"['SNR: 1']"
8425-292520-0025_10,"['SNR: 10']"
8419-293469-0018_-3,"['SNR: -3']"
5750-100289-0012_-15,"['SNR: -15']"
7113-86041-0062_-13,"['SNR: -13']"
3723-171115-0012_-3,"['SNR: -3']"
298-126790-0008_6,"['SNR: 6']"
1455-134435-0008_7,"['SNR: 7']"
254-27760-0023_-8,"['SNR: -8']"
696-93314-0047_-9,"['SNR: -9']"
39-121915-0002_-14,"['SNR: -14']"
426-122822-0026_-1,"['SNR: -1']"
4014-186176-0026_-8,"['SNR: -8']"
5322-7680-0025_-9,"['SNR: -9']"
5652-39938-0020_-11,"['SNR: -11']"
4680-16042-0030_-13,"['SNR: -13']"
4362-15663-0065_-14,"['SNR: -14']"
311-124404-0089_-2,"['SNR: -2']"
5561-39621-0000_-8,"['SNR: -8']"
3214-167607-0028_-10,"['SNR: -10']"
8629-261139-0075_-1,"['SNR: -1']"
5561-41615-0037_-2,"['SNR: -2']"
6385-34669-0006_-7,"['SNR: -7']"
730-360-0017_-12,"['SNR: -12']"
5808-54425-0034_5,"['SNR: 5']"
4051-11218-0034_-2,"['SNR: -2']"
5789-70653-0029_-15,"['SNR: -15']"
412-126975-0066_4,"['SNR: 4']"
7517-100429-0007_-9,"['SNR: -9']"
4853-29413-0028_-4,"['SNR: -4']"
4406-16883-0029_-8,"['SNR: -8']"
2911-7601-0050_0,"['SNR: 0']"
2007-132570-0020_-8,"['SNR: -8']"
289-121665-0039_-6,"['SNR: -6']"
6880-216547-0018_-11,"['SNR: -11']"
1970-10594-0019_4,"['SNR: 4']"
7511-102419-0017_7,"['SNR: 7']"
8088-284756-0051_7,"['SNR: 7']"
1355-39947-0016_-9,"['SNR: -9']"
5688-41232-0048_9,"['SNR: 9']"
302-123516-0028_-3,"['SNR: -3']"
2384-152900-0077_5,"['SNR: 5']"
8088-284756-0035_-14,"['SNR: -14']"
8838-298546-0020_-12,"['SNR: -12']"
8630-305213-0019_3,"['SNR: 3']"
8797-294123-0000_-12,"['SNR: -12']"
1992-141719-0034_-12,"['SNR: -12']"
250-142286-0016_-6,"['SNR: -6']"
2196-174172-0009_8,"['SNR: 8']"
8838-298545-0020_-5,"['SNR: -5']"
8468-294887-0040_4,"['SNR: 4']"
5652-39938-0059_-14,"['SNR: -14']"
3235-11599-0023_10,"['SNR: 10']"
6081-41997-0036_2,"['SNR: 2']"
3879-173592-0009_-9,"['SNR: -9']"
7859-102519-0024_6,"['SNR: 6']"
1334-135589-0026_-10,"['SNR: -10']"
1034-121119-0055_-2,"['SNR: -2']"
3112-9554-0000_-9,"['SNR: -9']"
8975-270782-0093_-8,"['SNR: -8']"
8419-293469-0015_0,"['SNR: 0']"
4788-294466-0002_5,"['SNR: 5']"
8088-284756-0119_-9,"['SNR: -9']"
4859-29340-0013_-13,"['SNR: -13']"
3436-172162-0014_-1,"['SNR: -1']"
1088-134315-0002_-15,"['SNR: -15']"
839-130898-0007_6,"['SNR: 6']"
696-92939-0025_-14,"['SNR: -14']"
2391-145015-0072_-13,"['SNR: -13']"
7859-102519-0041_10,"['SNR: 10']"
4859-29340-0017_-7,"['SNR: -7']"
1926-143879-0029_-10,"['SNR: -10']"
8425-287387-0021_-12,"['SNR: -12']"
1970-28415-0033_7,"['SNR: 7']"
8630-305213-0039_6,"['SNR: 6']"
5688-41232-0070_-11,"['SNR: -11']"
1502-122619-0072_8,"['SNR: 8']"
198-129977-0011_9,"['SNR: 9']"
8051-295385-0028_-4,"['SNR: -4']"
6064-300880-0011_-15,"['SNR: -15']"
3214-167607-0022_-3,"['SNR: -3']"
7800-283493-0035_2,"['SNR: 2']"
696-93314-0058_3,"['SNR: 3']"
6836-76549-0030_-8,"['SNR: -8']"
3214-167606-0028_-3,"['SNR: -3']"
6064-300880-0013_-3,"['SNR: -3']"
3374-298032-0010_3,"['SNR: 3']"
8747-293952-0096_6,"['SNR: 6']"
8312-279791-0045_6,"['SNR: 6']"
374-180299-0001_-5,"['SNR: -5']"
307-127535-0038_-14,"['SNR: -14']"
4441-76250-0020_-10,"['SNR: -10']"
302-123516-0023_-15,"['SNR: -15']"
5688-41232-0054_-1,"['SNR: -1']"
60-121082-0038_-11,"['SNR: -11']"
332-128985-0003_-12,"['SNR: -12']"
1263-139804-0027_-12,"['SNR: -12']"
7302-86815-0072_-8,"['SNR: -8']"
1867-154071-0011_-15,"['SNR: -15']"
302-123504-0027_7,"['SNR: 7']"
3242-8112-0001_-9,"['SNR: -9']"
4014-186176-0027_-9,"['SNR: -9']"
254-127705-0021_-10,"['SNR: -10']"
8238-283452-0028_-12,"['SNR: -12']"
322-124146-0035_-15,"['SNR: -15']"
5049-25947-0111_4,"['SNR: 4']"
7264-92316-0028_-1,"['SNR: -1']"
5049-25947-0017_0,"['SNR: 0']"
289-121665-0035_-3,"['SNR: -3']"
5750-100289-0062_2,"['SNR: 2']"
7302-86814-0039_-14,"['SNR: -14']"
7800-283478-0028_2,"['SNR: 2']"
405-130894-0007_1,"['SNR: 1']"
3699-47246-0003_-4,"['SNR: -4']"
311-124404-0051_-2,"['SNR: -2']"
5778-12761-0008_-2,"['SNR: -2']"
7511-102420-0043_-1,"['SNR: -1']"
7505-258964-0050_-11,"['SNR: -11']"
5808-54425-0014_-8,"['SNR: -8']"
441-130108-0039_9,"['SNR: 9']"
8324-286682-0000_9,"['SNR: 9']"
4051-11217-0001_10,"['SNR: 10']"
887-123289-0012_8,"['SNR: 8']"
6415-100596-0005_2,"['SNR: 2']"
445-123857-0004_-14,"['SNR: -14']"
1263-141777-0022_-7,"['SNR: -7']"
8465-246940-0018_-6,"['SNR: -6']"
3830-12535-0031_-4,"['SNR: -4']"
6563-285357-0039_4,"['SNR: 4']"
7367-86737-0002_-11,"['SNR: -11']"
5778-54535-0022_-5,"['SNR: -5']"
2817-142371-0065_3,"['SNR: 3']"
6081-41998-0024_-15,"['SNR: -15']"
7517-100429-0028_-13,"['SNR: -13']"
3857-182315-0003_9,"['SNR: 9']"
1594-135914-0121_-2,"['SNR: -2']"
2911-7601-0027_0,"['SNR: 0']"
3982-178459-0038_-11,"['SNR: -11']"
5322-7678-0007_10,"['SNR: 10']"
5393-19219-0022_1,"['SNR: 1']"
2384-152900-0079_5,"['SNR: 5']"
2196-170379-0034_-5,"['SNR: -5']"
7367-86737-0013_6,"['SNR: 6']"
1246-124550-0034_5,"['SNR: 5']"
8098-278278-0023_5,"['SNR: 5']"
2817-142371-0006_-1,"['SNR: -1']"
4853-27670-0008_-15,"['SNR: -15']"
289-121665-0021_-3,"['SNR: -3']"
7078-271888-0082_-4,"['SNR: -4']"
1898-145724-0007_6,"['SNR: 6']"
374-180298-0001_-9,"['SNR: -9']"
5390-30096-0024_8,"['SNR: 8']"
1992-141719-0021_-6,"['SNR: -6']"
118-47824-0039_-3,"['SNR: -3']"
3807-4923-0009_-13,"['SNR: -13']"
8609-262281-0016_-1,"['SNR: -1']"
2514-149482-0052_-12,"['SNR: -12']"
6848-252322-0026_-11,"['SNR: -11']"
6818-76332-0001_5,"['SNR: 5']"
8419-286667-0020_-5,"['SNR: -5']"
4853-29413-0018_-1,"['SNR: -1']"
2007-149877-0040_-14,"['SNR: -14']"
2002-139469-0112_-3,"['SNR: -3']"
1447-130550-0010_-5,"['SNR: -5']"
2817-142371-0042_10,"['SNR: 10']"
2007-132570-0048_-12,"['SNR: -12']"
5652-39938-0053_7,"['SNR: 7']"
6563-285357-0021_-11,"['SNR: -11']"
1963-142393-0050_-3,"['SNR: -3']"
89-219-0028_9,"['SNR: 9']"
7278-91083-0022_-8,"['SNR: -8']"
3607-29116-0030_4,"['SNR: 4']"
2989-138028-0001_1,"['SNR: 1']"
198-129977-0022_-8,"['SNR: -8']"
2384-152900-0031_2,"['SNR: 2']"
6209-34599-0015_-13,"['SNR: -13']"
201-127786-0014_6,"['SNR: 6']"
2092-145709-0007_-12,"['SNR: -12']"
6818-68772-0013_-7,"['SNR: -7']"
1334-135589-0000_8,"['SNR: 8']"
3242-8112-0017_-6,"['SNR: -6']"
7278-91083-0010_9,"['SNR: 9']"
4362-15663-0028_3,"['SNR: 3']"
1455-134435-0049_-7,"['SNR: -7']"
3830-12535-0006_0,"['SNR: 0']"
5463-39173-0005_-7,"['SNR: -7']"
3807-4923-0022_-1,"['SNR: -1']"
311-124404-0067_-4,"['SNR: -4']"
2416-152137-0006_-3,"['SNR: -3']"
3664-11714-0011_-10,"['SNR: -10']"
6818-76332-0050_10,"['SNR: 10']"
6563-63821-0018_-1,"['SNR: -1']"
405-130894-0067_-9,"['SNR: -9']"
2843-152918-0037_-15,"['SNR: -15']"
8063-274117-0009_9,"['SNR: 9']"
1235-135883-0018_10,"['SNR: 10']"
5049-25947-0126_-14,"['SNR: -14']"
6880-216547-0074_-7,"['SNR: -7']"
1867-148436-0045_3,"['SNR: 3']"
7402-59171-0013_-7,"['SNR: -7']"
27-123349-0054_-5,"['SNR: -5']"
1098-133695-0066_-14,"['SNR: -14']"
3607-29116-0000_4,"['SNR: 4']"
446-123501-0002_-2,"['SNR: -2']"
831-130746-0029_-9,"['SNR: -9']"
4051-11217-0015_-2,"['SNR: -2']"
6081-41998-0019_-4,"['SNR: -4']"
89-219-0048_-13,"['SNR: -13']"
8797-294123-0037_-13,"['SNR: -13']"
1502-122619-0087_-12,"['SNR: -12']"
2182-181173-0011_1,"['SNR: 1']"
8465-246942-0025_0,"['SNR: 0']"
3259-158083-0084_-1,"['SNR: -1']"
7447-91186-0032_-2,"['SNR: -2']"
4362-15663-0015_-9,"['SNR: -9']"
8425-292520-0024_2,"['SNR: 2']"
6836-61803-0041_-6,"['SNR: -6']"
4859-22176-0004_-2,"['SNR: -2']"
2002-139469-0061_-11,"['SNR: -11']"
7794-295948-0006_-1,"['SNR: -1']"
2817-142371-0073_-4,"['SNR: -4']"
911-128684-0078_-6,"['SNR: -6']"
2843-152918-0038_0,"['SNR: 0']"
4195-17507-0011_-1,"['SNR: -1']"
6147-34607-0006_5,"['SNR: 5']"
2817-142371-0068_2,"['SNR: 2']"
403-126855-0013_-8,"['SNR: -8']"
5163-18515-0041_8,"['SNR: 8']"
7635-105661-0044_-3,"['SNR: -3']"
8468-294887-0000_9,"['SNR: 9']"
7113-86041-0109_5,"['SNR: 5']"
5456-62043-0000_-9,"['SNR: -9']"
4406-16882-0024_-5,"['SNR: -5']"
1723-141149-0058_-14,"['SNR: -14']"
7794-295947-0021_-5,"['SNR: -5']"
7402-90848-0062_-1,"['SNR: -1']"
8425-246962-0021_-11,"['SNR: -11']"
1455-134435-0034_-9,"['SNR: -9']"
8312-279790-0038_-1,"['SNR: -1']"
4640-19188-0017_-14,"['SNR: -14']"
6531-61334-0094_-7,"['SNR: -7']"
6454-120342-0001_7,"['SNR: 7']"
3807-4923-0032_4,"['SNR: 4']"
403-216-0028_3,"['SNR: 3']"
2416-152139-0048_1,"['SNR: 1']"
4267-78186-0031_-2,"['SNR: -2']"
7635-105409-0042_-1,"['SNR: -1']"
118-47824-0026_-13,"['SNR: -13']"
8088-284756-0094_-7,"['SNR: -7']"
328-129766-0079_-11,"['SNR: -11']"
887-123289-0035_-14,"['SNR: -14']"
1502-122619-0065_-5,"['SNR: -5']"
587-41619-0001_1,"['SNR: 1']"
7794-295948-0014_-10,"['SNR: -10']"
5867-48852-0010_-14,"['SNR: -14']"
26-495-0051_-2,"['SNR: -2']"
8051-118101-0012_-11,"['SNR: -11']"
27-124992-0035_-5,"['SNR: -5']"
8238-274553-0041_-12,"['SNR: -12']"
332-128985-0081_-10,"['SNR: -10']"
201-127786-0056_-2,"['SNR: -2']"
8324-286681-0016_-7,"['SNR: -7']"
5561-39621-0016_-3,"['SNR: -3']"
7264-92310-0032_0,"['SNR: 0']"
6415-100596-0028_-15,"['SNR: -15']"
5022-29411-0013_-8,"['SNR: -8']"
3982-178459-0008_-9,"['SNR: -9']"
6925-80680-0049_-10,"['SNR: -10']"
481-123720-0039_-10,"['SNR: -10']"
6818-68772-0036_8,"['SNR: 8']"
19-227-0002_-7,"['SNR: -7']"
7800-283478-0003_6,"['SNR: 6']"
4640-19187-0016_3,"['SNR: 3']"
8123-275216-0004_-1,"['SNR: -1']"
3723-171115-0008_-3,"['SNR: -3']"
1992-141719-0052_9,"['SNR: 9']"
4362-15663-0084_-15,"['SNR: -15']"
2893-139322-0006_-11,"['SNR: -11']"
8095-274345-0017_4,"['SNR: 4']"
1235-135883-0031_-7,"['SNR: -7']"
6367-65536-0012_-7,"['SNR: -7']"
6880-216547-0080_-8,"['SNR: -8']"
4214-7146-0004_0,"['SNR: 0']"
5463-39173-0059_9,"['SNR: 9']"
1363-135842-0044_-13,"['SNR: -13']"
1898-145702-0006_-12,"['SNR: -12']"
445-123857-0005_6,"['SNR: 6']"
696-92939-0012_-7,"['SNR: -7']"
1235-135884-0038_3,"['SNR: 3']"
7226-86964-0001_1,"['SNR: 1']"
3259-158083-0065_4,"['SNR: 4']"
211-122425-0060_-2,"['SNR: -2']"
6019-3185-0084_1,"['SNR: 1']"
3982-178459-0017_2,"['SNR: 2']"
2289-152258-0006_-9,"['SNR: -9']"
7264-92316-0044_-4,"['SNR: -4']"
3723-171115-0000_6,"['SNR: 6']"
839-130898-0041_1,"['SNR: 1']"
6064-56165-0030_7,"['SNR: 7']"
4340-15220-0000_-9,"['SNR: -9']"
1246-124548-0038_-7,"['SNR: -7']"
7367-86737-0047_-11,"['SNR: -11']"
3723-171115-0034_2,"['SNR: 2']"
7113-86041-0101_-2,"['SNR: -2']"
2764-36619-0025_2,"['SNR: 2']"
8312-279790-0033_5,"['SNR: 5']"
3699-47246-0004_-13,"['SNR: -13']"
2136-5143-0007_-5,"['SNR: -5']"
1578-6379-0034_-13,"['SNR: -13']"
254-12312-0016_2,"['SNR: 2']"
250-142276-0037_1,"['SNR: 1']"
4160-14187-0014_-9,"['SNR: -9']"
1502-122619-0062_-1,"['SNR: -1']"
8123-275193-0022_-3,"['SNR: -3']"
3983-5371-0047_-3,"['SNR: -3']"
4830-25904-0032_-6,"['SNR: -6']"
2843-152918-0018_-11,"['SNR: -11']"
2514-149482-0038_-12,"['SNR: -12']"
2518-154825-0027_-2,"['SNR: -2']"
103-1240-0004_1,"['SNR: 1']"
2289-152253-0023_-3,"['SNR: -3']"
7264-92314-0018_-13,"['SNR: -13']"
2384-152900-0011_9,"['SNR: 9']"
405-130894-0070_-7,"['SNR: -7']"
4406-16883-0039_3,"['SNR: 3']"
125-121124-0063_6,"['SNR: 6']"
2817-142371-0061_-11,"['SNR: -11']"
298-126791-0057_-14,"['SNR: -14']"
3259-158083-0076_-10,"['SNR: -10']"
5163-18515-0010_-2,"['SNR: -2']"
89-219-0030_3,"['SNR: 3']"
8975-270782-0098_10,"['SNR: 10']"
4813-248641-0044_10,"['SNR: 10']"
3240-131231-0057_9,"['SNR: 9']"
5678-43302-0028_5,"['SNR: 5']"
211-122425-0057_7,"['SNR: 7']"
3374-298032-0014_10,"['SNR: 10']"
8629-261139-0061_-1,"['SNR: -1']"
1502-122615-0036_-3,"['SNR: -3']"
7148-7763-0032_1,"['SNR: 1']"
2007-132570-0025_-5,"['SNR: -5']"
196-122152-0014_-11,"['SNR: -11']"
250-142286-0008_-11,"['SNR: -11']"
6367-65536-0002_7,"['SNR: 7']"
89-219-0011_6,"['SNR: 6']"
4014-186175-0009_-11,"['SNR: -11']"
3879-173592-0010_-1,"['SNR: -1']"
3240-131231-0074_-8,"['SNR: -8']"
4160-11550-0006_-14,"['SNR: -14']"
1867-154075-0031_-10,"['SNR: -10']"
5322-7678-0016_8,"['SNR: 8']"
8747-293952-0037_-4,"['SNR: -4']"
5652-39938-0019_10,"['SNR: 10']"
460-172359-0012_-11,"['SNR: -11']"
8108-280359-0022_-5,"['SNR: -5']"
1624-168623-0024_4,"['SNR: 4']"
1502-122619-0077_1,"['SNR: 1']"
839-130898-0017_-12,"['SNR: -12']"
1578-140045-0015_-2,"['SNR: -2']"
8747-293952-0070_-1,"['SNR: -1']"
3259-158083-0054_-2,"['SNR: -2']"
307-127539-0038_2,"['SNR: 2']"
5456-62043-0017_0,"['SNR: 0']"
8629-261140-0036_-5,"['SNR: -5']"
7800-283492-0037_-2,"['SNR: -2']"
2514-149482-0012_-14,"['SNR: -14']"
3240-131231-0053_-12,"['SNR: -12']"
4362-15663-0022_-8,"['SNR: -8']"
1088-134315-0001_3,"['SNR: 3']"
6078-54013-0006_6,"['SNR: 6']"
5104-33407-0005_-14,"['SNR: -14']"
2989-138035-0070_-1,"['SNR: -1']"
1081-125237-0000_-13,"['SNR: -13']"
2910-131096-0035_-13,"['SNR: -13']"
5703-47212-0003_10,"['SNR: 10']"
3830-12531-0024_10,"['SNR: 10']"
2843-152918-0020_8,"['SNR: 8']"
5678-43302-0040_-15,"['SNR: -15']"
1116-137572-0011_-4,"['SNR: -4']"
8630-305212-0015_-3,"['SNR: -3']"
669-129074-0030_-6,"['SNR: -6']"
5867-48852-0027_-10,"['SNR: -10']"
7402-90848-0004_-3,"['SNR: -3']"
2843-152918-0058_-15,"['SNR: -15']"
4898-20016-0004_-15,"['SNR: -15']"
2843-152918-0007_10,"['SNR: 10']"
4018-103416-0013_-14,"['SNR: -14']"
1246-124550-0022_-7,"['SNR: -7']"
332-128985-0046_-9,"['SNR: -9']"
6081-41997-0011_-10,"['SNR: -10']"
4160-11550-0001_-7,"['SNR: -7']"
4051-11217-0037_-3,"['SNR: -3']"
587-41611-0001_0,"['SNR: 0']"
7302-86815-0016_-6,"['SNR: -6']"
8051-119902-0015_-10,"['SNR: -10']"
7859-102519-0022_-10,"['SNR: -10']"
7367-86737-0106_-4,"['SNR: -4']"
839-130898-0004_5,"['SNR: 5']"
3374-298026-0023_-7,"['SNR: -7']"
2182-150130-0031_-10,"['SNR: -10']"
4898-28461-0061_-3,"['SNR: -3']"
5322-7679-0023_-4,"['SNR: -4']"
7078-271888-0051_9,"['SNR: 9']"
4788-294466-0006_3,"['SNR: 3']"
1737-148989-0007_-13,"['SNR: -13']"
1841-159771-0011_-12,"['SNR: -12']"
40-222-0030_-4,"['SNR: -4']"
7067-76047-0029_-12,"['SNR: -12']"
2764-36617-0019_-4,"['SNR: -4']"
6272-70168-0000_-11,"['SNR: -11']"
201-122255-0009_7,"['SNR: 7']"
3664-178366-0037_7,"['SNR: 7']"
8425-287387-0016_7,"['SNR: 7']"
625-132112-0044_-2,"['SNR: -2']"
8063-274115-0028_8,"['SNR: 8']"
1963-142393-0042_1,"['SNR: 1']"
3240-131231-0011_7,"['SNR: 7']"
5561-41615-0025_10,"['SNR: 10']"
6880-216547-0024_-2,"['SNR: -2']"
3526-176653-0029_-7,"['SNR: -7']"
4297-13006-0009_4,"['SNR: 4']"
2836-5354-0045_4,"['SNR: 4']"
250-142276-0043_0,"['SNR: 0']"
403-128339-0040_1,"['SNR: 1']"
1594-135914-0122_-5,"['SNR: -5']"
1624-168623-0042_-10,"['SNR: -10']"
332-128985-0058_-8,"['SNR: -8']"
6385-34669-0029_-6,"['SNR: -6']"
5463-39173-0014_-7,"['SNR: -7']"
7800-283492-0003_3,"['SNR: 3']"
8838-298545-0024_-7,"['SNR: -7']"
1116-132847-0029_-1,"['SNR: -1']"
7178-34645-0020_-7,"['SNR: -7']"
83-11691-0000_-12,"['SNR: -12']"
4441-76262-0009_5,"['SNR: 5']"
625-132112-0006_5,"['SNR: 5']"
3857-182317-0028_-8,"['SNR: -8']"
26-496-0004_1,"['SNR: 1']"
250-142286-0025_-8,"['SNR: -8']"
6476-57446-0073_4,"['SNR: 4']"
2817-142371-0024_-8,"['SNR: -8']"
2007-149877-0029_0,"['SNR: 0']"
1841-150351-0022_9,"['SNR: 9']"
6529-62554-0017_-4,"['SNR: -4']"
5390-30096-0010_6,"['SNR: 6']"
460-172357-0020_-14,"['SNR: -14']"
7226-86964-0053_10,"['SNR: 10']"
6437-66173-0025_10,"['SNR: 10']"
1594-135914-0031_-9,"['SNR: -9']"
7517-100437-0033_-10,"['SNR: -10']"
1578-140049-0007_10,"['SNR: 10']"
78-368-0009_-12,"['SNR: -12']"
4051-11218-0030_-11,"['SNR: -11']"
5390-24512-0012_-2,"['SNR: -2']"
8312-279790-0028_9,"['SNR: 9']"
1594-135914-0040_7,"['SNR: 7']"
2989-138028-0006_-14,"['SNR: -14']"
4014-186179-0019_-7,"['SNR: -7']"
374-180298-0008_-12,"['SNR: -12']"
8975-270782-0064_-5,"['SNR: -5']"
4853-27670-0029_1,"['SNR: 1']"
8098-275181-0019_-14,"['SNR: -14']"
198-129977-0010_-7,"['SNR: -7']"
1743-142912-0032_0,"['SNR: 0']"
3436-172162-0033_-15,"['SNR: -15']"
40-121026-0037_8,"['SNR: 8']"
2518-154826-0014_7,"['SNR: 7']"
1502-122615-0028_-13,"['SNR: -13']"
2518-154826-0042_10,"['SNR: 10']"
8088-284756-0034_6,"['SNR: 6']"
8630-305213-0006_-13,"['SNR: -13']"
3240-131232-0026_6,"['SNR: 6']"
2843-152918-0068_7,"['SNR: 7']"
1898-145715-0015_4,"['SNR: 4']"
2092-145706-0027_6,"['SNR: 6']"
2817-142380-0034_4,"['SNR: 4']"
2289-152258-0014_-7,"['SNR: -7']"
7505-258964-0023_-5,"['SNR: -5']"
3235-11599-0025_8,"['SNR: 8']"
7800-283492-0026_1,"['SNR: 1']"
2002-139469-0049_-12,"['SNR: -12']"
6078-54013-0017_-8,"['SNR: -8']"
4441-76263-0043_6,"['SNR: 6']"
3947-13262-0040_4,"['SNR: 4']"
405-130894-0073_-14,"['SNR: -14']"
3699-19401-0014_3,"['SNR: 3']"
887-123290-0020_9,"['SNR: 9']"
196-122159-0009_5,"['SNR: 5']"
2416-152139-0043_-11,"['SNR: -11']"
307-127535-0000_3,"['SNR: 3']"
26-495-0064_-12,"['SNR: -12']"
1970-28415-0023_8,"['SNR: 8']"
2391-145015-0016_-4,"['SNR: -4']"
7067-76048-0058_-12,"['SNR: -12']"
1355-39947-0034_10,"['SNR: 10']"
5192-19397-0057_-2,"['SNR: -2']"
8226-274369-0035_-14,"['SNR: -14']"
587-41611-0005_5,"['SNR: 5']"
3235-28452-0033_3,"['SNR: 3']"
2384-152900-0041_-5,"['SNR: -5']"
6836-76549-0029_-13,"['SNR: -13']"
254-27760-0030_-7,"['SNR: -7']"
7113-86041-0039_-5,"['SNR: -5']"
3607-29116-0006_5,"['SNR: 5']"
8465-246943-0006_5,"['SNR: 5']"
125-121124-0028_-5,"['SNR: -5']"
7067-76047-0012_5,"['SNR: 5']"
8747-293952-0031_-9,"['SNR: -9']"
5514-19193-0007_-12,"['SNR: -12']"
669-129061-0011_-3,"['SNR: -3']"
1040-133433-0055_4,"['SNR: 4']"
3879-173592-0019_-2,"['SNR: -2']"
2007-132570-0040_2,"['SNR: 2']"
250-142276-0027_4,"['SNR: 4']"
3259-158083-0106_-8,"['SNR: -8']"
7067-76047-0030_-5,"['SNR: -5']"
5561-41615-0008_-10,"['SNR: -10']"
4051-10927-0011_5,"['SNR: 5']"
2911-12359-0004_10,"['SNR: 10']"
8770-295462-0008_-1,"['SNR: -1']"
3242-8112-0039_-8,"['SNR: -8']"
5163-39921-0023_-5,"['SNR: -5']"
8468-286673-0013_-3,"['SNR: -3']"
730-360-0037_-15,"['SNR: -15']"
7067-76048-0056_4,"['SNR: 4']"
2952-410-0044_4,"['SNR: 4']"
8468-286673-0035_-2,"['SNR: -2']"
374-180298-0017_-8,"['SNR: -8']"
5750-100289-0072_-6,"['SNR: -6']"
6081-41998-0028_-11,"['SNR: -11']"
5339-14133-0035_5,"['SNR: 5']"
6415-116629-0015_-12,"['SNR: -12']"
39-121914-0052_-10,"['SNR: -10']"
2289-152257-0005_-5,"['SNR: -5']"
5049-25947-0119_1,"['SNR: 1']"
2518-154825-0053_6,"['SNR: 6']"
1363-139304-0016_-11,"['SNR: -11']"
3374-298032-0033_0,"['SNR: 0']"
3807-4955-0032_8,"['SNR: 8']"
374-180299-0030_-14,"['SNR: -14']"
4859-29340-0031_9,"['SNR: 9']"
5192-19397-0026_6,"['SNR: 6']"
8123-275209-0000_9,"['SNR: 9']"
1992-141719-0025_7,"['SNR: 7']"
7226-86964-0035_-13,"['SNR: -13']"
8975-270782-0099_-13,"['SNR: -13']"
8630-305212-0037_0,"['SNR: 0']"
5322-7679-0017_5,"['SNR: 5']"
1088-134315-0044_-12,"['SNR: -12']"
3699-19402-0010_-6,"['SNR: -6']"
1841-159771-0036_-8,"['SNR: -8']"
8014-112602-0006_4,"['SNR: 4']"
8095-274346-0027_3,"['SNR: 3']"
2989-138028-0051_-12,"['SNR: -12']"
7078-271888-0068_3,"['SNR: 3']"
7635-105409-0026_-14,"['SNR: -14']"
3486-166424-0006_3,"['SNR: 3']"
911-128684-0077_9,"['SNR: 9']"
8580-287363-0032_-14,"['SNR: -14']"
669-129061-0046_-9,"['SNR: -9']"
1594-135914-0094_10,"['SNR: 10']"
1594-135914-0084_-13,"['SNR: -13']"
911-128684-0086_10,"['SNR: 10']"
6209-34599-0036_-5,"['SNR: -5']"
6836-76549-0022_-6,"['SNR: -6']"
441-128988-0031_4,"['SNR: 4']"
3982-178459-0010_-10,"['SNR: -10']"
103-1241-0017_-12,"['SNR: -12']"
8797-294123-0073_7,"['SNR: 7']"
7190-90543-0029_10,"['SNR: 10']"
4397-15668-0017_-6,"['SNR: -6']"
1235-135883-0027_-7,"['SNR: -7']"
1553-140047-0032_-11,"['SNR: -11']"
1088-134315-0029_-3,"['SNR: -3']"
3879-173592-0037_-2,"['SNR: -2']"
3168-173564-0032_-6,"['SNR: -6']"
6147-34606-0033_-3,"['SNR: -3']"
1235-135884-0000_-14,"['SNR: -14']"
1594-135914-0045_-15,"['SNR: -15']"
3830-12535-0018_-14,"['SNR: -14']"
2289-152253-0007_0,"['SNR: 0']"
2007-132570-0014_-11,"['SNR: -11']"
8975-270782-0058_2,"['SNR: 2']"
5393-19218-0044_-10,"['SNR: -10']"
3947-13262-0001_-10,"['SNR: -10']"
4859-22176-0021_-5,"['SNR: -5']"
1926-143879-0021_-5,"['SNR: -5']"
1867-148436-0036_-7,"['SNR: -7']"
1235-135883-0025_-4,"['SNR: -4']"
4160-11549-0022_-3,"['SNR: -3']"
7800-283478-0032_9,"['SNR: 9']"
1246-135815-0023_-4,"['SNR: -4']"
2436-2481-0006_2,"['SNR: 2']"
8797-294123-0082_-5,"['SNR: -5']"
1334-135589-0011_3,"['SNR: 3']"
83-11691-0001_9,"['SNR: 9']"
6385-34669-0020_-9,"['SNR: -9']"
5808-48608-0032_-1,"['SNR: -1']"
6081-41997-0008_-10,"['SNR: -10']"
229-130880-0052_-8,"['SNR: -8']"
26-495-0006_-15,"['SNR: -15']"
211-122442-0033_-6,"['SNR: -6']"
2391-145015-0066_10,"['SNR: 10']"
3240-131231-0079_-10,"['SNR: -10']"
6147-34607-0016_0,"['SNR: 0']"
19-227-0063_5,"['SNR: 5']"
118-47824-0062_-7,"['SNR: -7']"
1963-142393-0017_0,"['SNR: 0']"
696-93314-0021_-9,"['SNR: -9']"
460-172359-0090_-11,"['SNR: -11']"
1263-138246-0010_-11,"['SNR: -11']"
6454-120342-0015_8,"['SNR: 8']"
1737-148989-0008_9,"['SNR: 9']"
4441-76250-0002_6,"['SNR: 6']"
6529-62556-0013_-2,"['SNR: -2']"
5808-54425-0019_1,"['SNR: 1']"
6064-56165-0023_-4,"['SNR: -4']"
6848-252323-0003_-9,"['SNR: -9']"
481-123720-0079_-5,"['SNR: -5']"
5104-33406-0000_-9,"['SNR: -9']"
374-180298-0003_2,"['SNR: 2']"
2911-15045-0009_-9,"['SNR: -9']"
1034-121119-0032_0,"['SNR: 0']"
1034-121119-0022_-14,"['SNR: -14']"
7780-274562-0089_-15,"['SNR: -15']"
5750-35690-0003_6,"['SNR: 6']"
1235-135884-0028_-4,"['SNR: -4']"
6836-76549-0001_1,"['SNR: 1']"
5463-39173-0028_10,"['SNR: 10']"
7148-59157-0024_-5,"['SNR: -5']"
3807-4923-0018_-11,"['SNR: -11']"
587-54108-0016_-7,"['SNR: -7']"
8465-246943-0015_-3,"['SNR: -3']"
3983-5371-0022_5,"['SNR: 5']"
328-129766-0044_-14,"['SNR: -14']"
4051-11218-0010_-5,"['SNR: -5']"
3983-5331-0002_-9,"['SNR: -9']"
200-124139-0012_-6,"['SNR: -6']"
6925-80680-0015_-14,"['SNR: -14']"
125-121124-0019_1,"['SNR: 1']"
4267-72637-0003_-4,"['SNR: -4']"
6415-116629-0035_-14,"['SNR: -14']"
3235-11599-0026_-12,"['SNR: -12']"
5514-19192-0026_0,"['SNR: 0']"
1723-141149-0068_2,"['SNR: 2']"
3235-28452-0027_3,"['SNR: 3']"
6367-65536-0052_-14,"['SNR: -14']"
5192-19396-0002_-11,"['SNR: -11']"
3830-12535-0016_-4,"['SNR: -4']"
587-41619-0010_-3,"['SNR: -3']"
887-123291-0005_-9,"['SNR: -9']"
3240-131231-0006_-5,"['SNR: -5']"
233-155990-0044_10,"['SNR: 10']"
1963-147036-0015_-11,"['SNR: -11']"
3982-182255-0040_4,"['SNR: 4']"
3947-13262-0012_-10,"['SNR: -10']"
8324-286682-0012_-4,"['SNR: -4']"
730-358-0016_10,"['SNR: 10']"
1235-135887-0010_0,"['SNR: 0']"
6880-216547-0062_-8,"['SNR: -8']"
1069-133709-0020_9,"['SNR: 9']"
7517-100437-0021_9,"['SNR: 9']"
7190-90542-0040_1,"['SNR: 1']"
201-122255-0019_-13,"['SNR: -13']"
5652-19215-0028_2,"['SNR: 2']"
4088-158077-0066_-14,"['SNR: -14']"
125-121342-0024_-14,"['SNR: -14']"
1263-141777-0032_-15,"['SNR: -15']"
201-127786-0018_-1,"['SNR: -1']"
248-130697-0029_-5,"['SNR: -5']"
6385-34655-0016_7,"['SNR: 7']"
4406-16883-0026_0,"['SNR: 0']"
7517-100442-0007_-4,"['SNR: -4']"
441-128988-0001_8,"['SNR: 8']"
4088-158077-0020_-5,"['SNR: -5']"
3807-4923-0015_-8,"['SNR: -8']"
2436-2481-0036_-14,"['SNR: -14']"
7780-274562-0015_-9,"['SNR: -9']"
289-121665-0046_2,"['SNR: 2']"
1624-142933-0003_-10,"['SNR: -10']"
1034-121119-0036_-5,"['SNR: -5']"
200-126784-0018_4,"['SNR: 4']"
3440-171006-0022_-7,"['SNR: -7']"
7264-92314-0008_-15,"['SNR: -15']"
7505-258964-0045_2,"['SNR: 2']"
405-130895-0032_9,"['SNR: 9']"
4859-26870-0021_-7,"['SNR: -7']"
5163-39921-0026_2,"['SNR: 2']"
2764-36616-0008_6,"['SNR: 6']"
3486-166424-0059_10,"['SNR: 10']"
4014-186176-0018_1,"['SNR: 1']"
6385-34669-0004_-4,"['SNR: -4']"
403-216-0022_-9,"['SNR: -9']"
1098-133695-0082_0,"['SNR: 0']"
5393-19219-0008_-15,"['SNR: -15']"
1723-141149-0043_10,"['SNR: 10']"
3486-166424-0074_10,"['SNR: 10']"
4788-91208-0005_10,"['SNR: 10']"
5703-47198-0025_-15,"['SNR: -15']"
587-41611-0015_5,"['SNR: 5']"
426-122819-0015_-4,"['SNR: -4']"
118-47824-0001_-4,"['SNR: -4']"
2911-12359-0000_4,"['SNR: 4']"
7505-258958-0029_-5,"['SNR: -5']"
7226-86965-0032_-4,"['SNR: -4']"
7178-34644-0033_5,"['SNR: 5']"
233-134440-0020_7,"['SNR: 7']"
6181-216552-0110_-14,"['SNR: -14']"
7794-295948-0011_-14,"['SNR: -14']"
2136-5147-0034_-15,"['SNR: -15']"
1069-133699-0017_-4,"['SNR: -4']"
7178-34644-0028_8,"['SNR: 8']"
103-1241-0038_-14,"['SNR: -14']"
8580-287364-0015_3,"['SNR: 3']"
2007-132570-0039_8,"['SNR: 8']"
6818-68772-0024_-12,"['SNR: -12']"
3807-4955-0038_10,"['SNR: 10']"
3440-171009-0024_6,"['SNR: 6']"
1594-135914-0041_4,"['SNR: 4']"
4214-7146-0010_-3,"['SNR: -3']"
7517-100437-0034_-2,"['SNR: -2']"
460-172359-0066_6,"['SNR: 6']"
6181-216552-0089_-8,"['SNR: -8']"
7511-102419-0011_1,"['SNR: 1']"
4481-17498-0016_-2,"['SNR: -2']"
460-172359-0028_-14,"['SNR: -14']"
7511-102420-0041_5,"['SNR: 5']"
458-126305-0022_1,"['SNR: 1']"
426-122821-0006_5,"['SNR: 5']"
1098-133695-0016_1,"['SNR: 1']"
4830-25904-0017_7,"['SNR: 7']"
4362-15663-0014_2,"['SNR: 2']"
3235-28433-0049_7,"['SNR: 7']"
1098-133695-0028_2,"['SNR: 2']"
5456-62014-0008_-12,"['SNR: -12']"
8108-280354-0004_-4,"['SNR: -4']"
1841-159771-0009_-2,"['SNR: -2']"
4830-25904-0035_-8,"['SNR: -8']"
8425-246962-0024_7,"['SNR: 7']"
7800-283492-0033_-1,"['SNR: -1']"
5390-30096-0020_0,"['SNR: 0']"
3240-131231-0080_9,"['SNR: 9']"
8014-112602-0031_-15,"['SNR: -15']"
6836-61803-0012_5,"['SNR: 5']"
7505-83618-0002_-11,"['SNR: -11']"
7635-105409-0017_-2,"['SNR: -2']"
6880-216547-0028_-1,"['SNR: -1']"
196-122150-0021_-8,"['SNR: -8']"
8226-274371-0029_5,"['SNR: 5']"
8797-294123-0095_-12,"['SNR: -12']"
6415-116629-0002_2,"['SNR: 2']"
7190-90543-0016_2,"['SNR: 2']"
298-126790-0001_-6,"['SNR: -6']"
211-122442-0078_10,"['SNR: 10']"
8098-278278-0030_8,"['SNR: 8']"
911-128684-0084_-1,"['SNR: -1']"
6531-61334-0008_5,"['SNR: 5']"
4362-15663-0031_-13,"['SNR: -13']"
5652-19215-0038_1,"['SNR: 1']"
4898-28461-0005_-13,"['SNR: -13']"
8747-293952-0098_1,"['SNR: 1']"
6181-216552-0044_6,"['SNR: 6']"
200-124140-0032_-7,"['SNR: -7']"
5561-41616-0006_-9,"['SNR: -9']"
83-9960-0033_5,"['SNR: 5']"
32-4137-0039_9,"['SNR: 9']"
4898-28461-0039_-2,"['SNR: -2']"
4137-11701-0030_-4,"['SNR: -4']"
2136-5143-0044_5,"['SNR: 5']"
446-123501-0021_2,"['SNR: 2']"
1088-134315-0050_2,"['SNR: 2']"
2952-410-0039_-5,"['SNR: -5']"
6147-34607-0009_-9,"['SNR: -9']"
1594-135914-0000_-11,"['SNR: -11']"
6818-68772-0004_-8,"['SNR: -8']"
2002-139469-0110_-10,"['SNR: -10']"
8226-274369-0014_10,"['SNR: 10']"
5192-19397-0016_-11,"['SNR: -11']"
6848-76049-0023_-3,"['SNR: -3']"
1737-146161-0007_2,"['SNR: 2']"
5688-41232-0072_1,"['SNR: 1']"
311-124404-0068_-15,"['SNR: -15']"
1363-139304-0034_-12,"['SNR: -12']"
2196-174172-0002_-6,"['SNR: -6']"
4813-248641-0008_3,"['SNR: 3']"
669-129061-0080_7,"['SNR: 7']"
8324-286681-0014_-3,"['SNR: -3']"
7402-90848-0043_7,"['SNR: 7']"
5322-7680-0006_0,"['SNR: 0']"
200-126784-0013_9,"['SNR: 9']"
7178-34645-0014_2,"['SNR: 2']"
831-130739-0001_-13,"['SNR: -13']"
460-172359-0060_6,"['SNR: 6']"
3259-158083-0086_10,"['SNR: 10']"
2007-149877-0054_5,"['SNR: 5']"
441-130108-0006_-1,"['SNR: -1']"
8226-274369-0061_-8,"['SNR: -8']"
2691-156750-0001_-14,"['SNR: -14']"
2843-152918-0069_0,"['SNR: 0']"
8324-286683-0001_5,"['SNR: 5']"
7517-100437-0000_1,"['SNR: 1']"
83-11691-0025_10,"['SNR: 10']"
2092-145706-0002_-13,"['SNR: -13']"
2952-407-0017_-12,"['SNR: -12']"
5652-19215-0046_-5,"['SNR: -5']"
2007-132570-0049_-9,"['SNR: -9']"
5104-33407-0007_3,"['SNR: 3']"
163-122947-0057_9,"['SNR: 9']"
481-123719-0009_4,"['SNR: 4']"
7226-86964-0029_7,"['SNR: 7']"
7113-86041-0048_-1,"['SNR: -1']"
3486-166424-0041_-7,"['SNR: -7']"
1116-132847-0028_1,"['SNR: 1']"
5322-7678-0005_10,"['SNR: 10']"
3440-171009-0055_-10,"['SNR: -10']"
3259-158083-0055_-1,"['SNR: -1']"
211-122425-0035_6,"['SNR: 6']"
8098-275181-0017_-8,"['SNR: -8']"
229-130880-0030_-4,"['SNR: -4']"
7190-90543-0000_6,"['SNR: 6']"
40-222-0037_8,"['SNR: 8']"
3607-29116-0019_1,"['SNR: 1']"
5750-100289-0027_1,"['SNR: 1']"
7511-102420-0040_-15,"['SNR: -15']"
4859-29340-0041_-5,"['SNR: -5']"
2182-150130-0021_8,"['SNR: 8']"
7278-91083-0009_-6,"['SNR: -6']"
7113-86041-0083_8,"['SNR: 8']"
1183-133255-0010_5,"['SNR: 5']"
460-172359-0053_7,"['SNR: 7']"
7859-102519-0047_-14,"['SNR: -14']"
7635-105409-0015_4,"['SNR: 4']"
40-121026-0036_5,"['SNR: 5']"
5652-39938-0051_-2,"['SNR: -2']"
3526-176651-0005_-2,"['SNR: -2']"
4481-17499-0020_-3,"['SNR: -3']"
5652-19215-0062_-4,"['SNR: -4']"
5322-7680-0022_-8,"['SNR: -8']"
328-129766-0019_9,"['SNR: 9']"
4853-27670-0012_-14,"['SNR: -14']"
5163-39921-0008_3,"['SNR: 3']"
460-172359-0056_-5,"['SNR: -5']"
7800-283493-0015_-8,"['SNR: -8']"
4362-15663-0029_1,"['SNR: 1']"
5192-19397-0051_-8,"['SNR: -8']"
7190-90542-0072_-7,"['SNR: -7']"
2910-131096-0089_7,"['SNR: 7']"
7780-274562-0059_-5,"['SNR: -5']"
8051-119902-0014_-2,"['SNR: -2']"
4640-19189-0018_-9,"['SNR: -9']"
7190-90542-0075_1,"['SNR: 1']"
1963-142776-0020_-12,"['SNR: -12']"
5678-43301-0017_-10,"['SNR: -10']"
4267-78186-0024_-7,"['SNR: -7']"
1116-137572-0010_-1,"['SNR: -1']"
26-495-0074_-8,"['SNR: -8']"
1363-139304-0019_10,"['SNR: 10']"
4051-11217-0005_3,"['SNR: 3']"
3879-174923-0013_-6,"['SNR: -6']"
3983-5371-0002_10,"['SNR: 10']"
7226-86964-0024_10,"['SNR: 10']"
211-122425-0036_6,"['SNR: 6']"
8063-274112-0003_-8,"['SNR: -8']"
7278-91083-0001_0,"['SNR: 0']"
150-132655-0007_-5,"['SNR: -5']"
7078-271888-0090_-4,"['SNR: -4']"
248-130652-0010_-14,"['SNR: -14']"
1970-10594-0015_-5,"['SNR: -5']"
5561-41615-0010_-1,"['SNR: -1']"
2989-138035-0017_-10,"['SNR: -10']"
460-172357-0018_9,"['SNR: 9']"
1098-133695-0032_-2,"['SNR: -2']"
4853-27671-0007_-8,"['SNR: -8']"
311-124404-0064_9,"['SNR: 9']"
1034-121119-0048_-3,"['SNR: -3']"
3242-8112-0011_-6,"['SNR: -6']"
89-219-0064_-10,"['SNR: -10']"
696-92939-0001_0,"['SNR: 0']"
254-27760-0022_5,"['SNR: 5']"
4441-76263-0008_2,"['SNR: 2']"
254-127705-0003_6,"['SNR: 6']"
8098-275181-0033_0,"['SNR: 0']"
8580-287363-0000_6,"['SNR: 6']"
6385-34669-0015_-5,"['SNR: -5']"
5561-41615-0015_-15,"['SNR: -15']"
909-131045-0041_7,"['SNR: 7']"
4160-11550-0029_10,"['SNR: 10']"
374-180298-0052_-3,"['SNR: -3']"
5703-47198-0046_-1,"['SNR: -1']"
5561-39621-0014_8,"['SNR: 8']"
412-126975-0037_-1,"['SNR: -1']"
298-126791-0022_-9,"['SNR: -9']"
587-54108-0022_1,"['SNR: 1']"
2182-181173-0026_3,"['SNR: 3']"
7190-90542-0041_-9,"['SNR: -9']"
2691-156755-0007_7,"['SNR: 7']"
1578-6379-0044_2,"['SNR: 2']"
839-130898-0025_-6,"['SNR: -6']"
1183-124566-0001_-5,"['SNR: -5']"
911-128684-0059_8,"['SNR: 8']"
2764-36617-0009_8,"['SNR: 8']"
3240-131231-0027_-14,"['SNR: -14']"
2911-15084-0011_7,"['SNR: 7']"
4267-287369-0037_-2,"['SNR: -2']"
6531-61334-0007_4,"['SNR: 4']"
6476-57446-0034_4,"['SNR: 4']"
5456-24741-0012_-9,"['SNR: -9']"
32-4137-0048_2,"['SNR: 2']"
7078-271888-0053_-6,"['SNR: -6']"
5104-33407-0028_5,"['SNR: 5']"
8629-261139-0071_-12,"['SNR: -12']"
1069-133709-0019_10,"['SNR: 10']"
6531-61334-0090_1,"['SNR: 1']"
8975-270782-0059_-9,"['SNR: -9']"
5750-100289-0006_6,"['SNR: 6']"
8609-262281-0029_-10,"['SNR: -10']"
8629-261139-0060_8,"['SNR: 8']"
1743-142913-0016_-6,"['SNR: -6']"
8123-275209-0029_-6,"['SNR: -6']"
587-41619-0027_-4,"['SNR: -4']"
8609-283227-0031_-8,"['SNR: -8']"
7078-271888-0023_-13,"['SNR: -13']"
6064-56168-0012_-8,"['SNR: -8']"
5688-41232-0014_6,"['SNR: 6']"
7178-34644-0054_-9,"['SNR: -9']"
1455-138263-0005_-15,"['SNR: -15']"
7059-77900-0034_1,"['SNR: 1']"
8838-298545-0009_1,"['SNR: 1']"
696-93314-0009_2,"['SNR: 2']"
730-359-0020_-6,"['SNR: -6']"
8747-293952-0044_-5,"['SNR: -5']"
6078-54007-0004_8,"['SNR: 8']"
1447-17506-0024_-11,"['SNR: -11']"
441-130108-0017_5,"['SNR: 5']"
3857-182317-0009_-12,"['SNR: -12']"
3235-28452-0022_5,"['SNR: 5']"
2092-145709-0016_-7,"['SNR: -7']"
911-130578-0005_3,"['SNR: 3']"
6078-54007-0044_-2,"['SNR: -2']"
5688-41232-0037_10,"['SNR: 10']"
2002-139469-0066_-4,"['SNR: -4']"
2843-152918-0056_8,"['SNR: 8']"
6385-34669-0005_-1,"['SNR: -1']"
2910-131096-0044_10,"['SNR: 10']"
6385-34655-0014_-7,"['SNR: -7']"
5192-19396-0019_-9,"['SNR: -9']"
307-127535-0043_9,"['SNR: 9']"
118-124588-0014_8,"['SNR: 8']"
5192-19396-0003_3,"['SNR: 3']"
7148-7763-0001_7,"['SNR: 7']"
2289-152253-0003_6,"['SNR: 6']"
163-122947-0094_5,"['SNR: 5']"
2817-142371-0069_7,"['SNR: 7']"
201-122255-0037_2,"['SNR: 2']"
1098-133695-0038_-8,"['SNR: -8']"
4014-186176-0042_3,"['SNR: 3']"
7190-90542-0010_-4,"['SNR: -4']"
196-122159-0013_-10,"['SNR: -10']"
8108-280354-0017_1,"['SNR: 1']"
226-131532-0023_-10,"['SNR: -10']"
5104-33407-0041_6,"['SNR: 6']"
8797-294123-0065_-4,"['SNR: -4']"
40-222-0011_4,"['SNR: 4']"
1970-10594-0016_-14,"['SNR: -14']"
6818-76332-0021_5,"['SNR: 5']"
4137-11702-0026_3,"['SNR: 3']"
1867-154075-0009_7,"['SNR: 7']"
7302-86815-0012_-10,"['SNR: -10']"
7113-86041-0096_-12,"['SNR: -12']"
1235-135884-0009_-7,"['SNR: -7']"
2817-142380-0007_-8,"['SNR: -8']"
83-3054-0002_9,"['SNR: 9']"
2136-5147-0030_10,"['SNR: 10']"
4441-76250-0024_10,"['SNR: 10']"
229-130880-0029_-15,"['SNR: -15']"
7190-90543-0014_-13,"['SNR: -13']"
4014-186176-0030_-6,"['SNR: -6']"
4853-29413-0011_7,"['SNR: 7']"
7800-283478-0019_8,"['SNR: 8']"
6367-74004-0032_2,"['SNR: 2']"
2843-152918-0077_4,"['SNR: 4']"
7190-90543-0025_-8,"['SNR: -8']"
6078-54013-0052_6,"['SNR: 6']"
4788-91208-0014_-2,"['SNR: -2']"
8468-294887-0020_-7,"['SNR: -7']"
5808-48608-0038_-3,"['SNR: -3']"
3982-178459-0029_-15,"['SNR: -15']"
4051-11217-0006_-14,"['SNR: -14']"
8226-274369-0001_5,"['SNR: 5']"
3112-9555-0035_7,"['SNR: 7']"
4088-158077-0048_-7,"['SNR: -7']"
1841-159771-0024_-12,"['SNR: -12']"
233-155990-0005_2,"['SNR: 2']"
2159-179154-0038_-9,"['SNR: -9']"
2384-152900-0027_7,"['SNR: 7']"
8312-279790-0036_7,"['SNR: 7']"
3699-19402-0026_5,"['SNR: 5']"
6000-55211-0039_-15,"['SNR: -15']"
254-127705-0029_-2,"['SNR: -2']"
2007-149877-0050_-6,"['SNR: -6']"
5192-19397-0056_8,"['SNR: 8']"
1183-133256-0006_2,"['SNR: 2']"
839-130898-0089_6,"['SNR: 6']"
8747-293952-0048_-4,"['SNR: -4']"
125-121342-0008_-15,"['SNR: -15']"
6385-220959-0031_6,"['SNR: 6']"
6064-56165-0014_-9,"['SNR: -9']"
5393-19218-0011_-13,"['SNR: -13']"
3240-131231-0040_-9,"['SNR: -9']"
7264-92310-0006_-10,"['SNR: -10']"
4640-19187-0026_-10,"['SNR: -10']"
5789-57195-0023_4,"['SNR: 4']"
911-130578-0004_6,"['SNR: 6']"
831-130746-0024_1,"['SNR: 1']"
7505-258964-0042_-14,"['SNR: -14']"
3440-171009-0008_-9,"['SNR: -9']"
2436-2477-0010_-11,"['SNR: -11']"
5561-41616-0015_-11,"['SNR: -11']"
587-41611-0011_-10,"['SNR: -10']"
4898-28461-0054_-15,"['SNR: -15']"
5463-39173-0041_-14,"['SNR: -14']"
5561-39621-0038_2,"['SNR: 2']"
4051-10927-0021_-3,"['SNR: -3']"
4362-15663-0092_6,"['SNR: 6']"
298-126791-0062_7,"['SNR: 7']"
2817-142380-0004_6,"['SNR: 6']"
4813-248638-0007_-13,"['SNR: -13']"
150-126107-0029_6,"['SNR: 6']"
7794-295948-0003_-14,"['SNR: -14']"
2893-139322-0001_0,"['SNR: 0']"
3214-167607-0026_-14,"['SNR: -14']"
6078-54007-0015_-12,"['SNR: -12']"
6078-54013-0064_-14,"['SNR: -14']"
4160-11550-0033_-2,"['SNR: -2']"
7517-100437-0005_-10,"['SNR: -10']"
2514-149482-0098_7,"['SNR: 7']"
6529-62554-0018_-15,"['SNR: -15']"
6019-3185-0072_2,"['SNR: 2']"
1594-135914-0024_0,"['SNR: 0']"
8108-280359-0026_-5,"['SNR: -5']"
8063-274117-0010_-13,"['SNR: -13']"
426-122822-0010_-11,"['SNR: -11']"
2691-156755-0036_-15,"['SNR: -15']"
3664-11714-0026_5,"['SNR: 5']"
2092-145706-0068_-13,"['SNR: -13']"
8838-298546-0006_4,"['SNR: 4']"
8797-294123-0042_-13,"['SNR: -13']"
5652-39938-0043_-7,"['SNR: -7']"
5789-70653-0008_-3,"['SNR: -3']"
4340-15220-0049_-11,"['SNR: -11']"
3240-131231-0071_-6,"['SNR: -6']"
3235-28433-0030_-7,"['SNR: -7']"
7078-271888-0043_-9,"['SNR: -9']"
332-128985-0085_3,"['SNR: 3']"
89-218-0034_-5,"['SNR: -5']"
2196-174172-0035_-13,"['SNR: -13']"
1737-142397-0005_9,"['SNR: 9']"
5561-41615-0017_2,"['SNR: 2']"
1263-139804-0029_-14,"['SNR: -14']"
1898-145724-0027_10,"['SNR: 10']"
4018-103416-0008_-13,"['SNR: -13']"
1455-134435-0045_9,"['SNR: 9']"
1737-148989-0016_-9,"['SNR: -9']"
8630-305212-0030_-6,"['SNR: -6']"
8312-279791-0052_-8,"['SNR: -8']"
87-121553-0047_-2,"['SNR: -2']"
8238-283452-0021_-10,"['SNR: -10']"
4853-29413-0020_6,"['SNR: 6']"
1578-140049-0005_2,"['SNR: 2']"
1594-135914-0015_-2,"['SNR: -2']"
2391-145015-0104_4,"['SNR: 4']"
1447-130552-0018_1,"['SNR: 1']"
7780-274562-0043_-9,"['SNR: -9']"
2518-154826-0007_1,"['SNR: 1']"
4830-25904-0041_7,"['SNR: 7']"
26-495-0059_6,"['SNR: 6']"
2989-138028-0043_-13,"['SNR: -13']"
4481-17499-0027_-11,"['SNR: -11']"
233-134440-0055_-1,"['SNR: -1']"
8747-293952-0075_-10,"['SNR: -10']"
8468-295198-0015_3,"['SNR: 3']"
39-121915-0003_3,"['SNR: 3']"
8051-119902-0018_-13,"['SNR: -13']"
7113-86041-0064_-9,"['SNR: -9']"
625-132118-0009_-8,"['SNR: -8']"
2514-149482-0093_-10,"['SNR: -10']"
7148-59157-0027_-6,"['SNR: -6']"
8312-279791-0008_1,"['SNR: 1']"
196-122159-0026_7,"['SNR: 7']"
103-1240-0024_6,"['SNR: 6']"
2911-15045-0019_-5,"['SNR: -5']"
1867-154071-0023_-8,"['SNR: -8']"
1183-124566-0005_6,"['SNR: 6']"
6147-34605-0009_-11,"['SNR: -11']"
7402-59171-0011_4,"['SNR: 4']"
5688-15787-0019_-4,"['SNR: -4']"
6078-54013-0030_-2,"['SNR: -2']"
2843-152918-0017_3,"['SNR: 3']"
3807-4955-0018_-5,"['SNR: -5']"
6531-61334-0058_2,"['SNR: 2']"
1926-143879-0006_4,"['SNR: 4']"
8630-305213-0045_-7,"['SNR: -7']"
8838-298546-0023_3,"['SNR: 3']"
4853-27671-0038_2,"['SNR: 2']"
2691-156745-0012_-7,"['SNR: -7']"
289-121652-0027_-8,"['SNR: -8']"
8226-274371-0048_5,"['SNR: 5']"
200-126784-0029_-2,"['SNR: -2']"
1081-125237-0004_4,"['SNR: 4']"
89-218-0036_-14,"['SNR: -14']"
3857-182315-0035_-3,"['SNR: -3']"
4051-11218-0025_-1,"['SNR: -1']"
5049-25947-0090_9,"['SNR: 9']"
2002-139469-0060_8,"['SNR: 8']"
911-128684-0016_3,"['SNR: 3']"
2989-138035-0001_9,"['SNR: 9']"
6064-56168-0004_-2,"['SNR: -2']"
7800-283493-0028_0,"['SNR: 0']"
5652-19215-0019_3,"['SNR: 3']"
198-126831-0010_2,"['SNR: 2']"
2002-139469-0105_-10,"['SNR: -10']"
7264-92310-0000_9,"['SNR: 9']"
412-126975-0012_-15,"['SNR: -15']"
3857-182317-0012_-11,"['SNR: -11']"
911-130578-0009_-6,"['SNR: -6']"
6385-34655-0015_-12,"['SNR: -12']"
5322-7680-0031_-13,"['SNR: -13']"
7511-102420-0026_-9,"['SNR: -9']"
1737-142396-0012_-9,"['SNR: -9']"
1963-142776-0028_-4,"['SNR: -4']"
298-126791-0005_-11,"['SNR: -11']"
8108-280354-0025_-5,"['SNR: -5']"
289-121665-0036_2,"['SNR: 2']"
87-121553-0008_-14,"['SNR: -14']"
6880-216547-0051_-5,"['SNR: -5']"
27-124992-0022_-12,"['SNR: -12']"
6476-57446-0080_5,"['SNR: 5']"
8088-284756-0005_0,"['SNR: 0']"
2196-174172-0020_-3,"['SNR: -3']"
7059-77900-0042_-9,"['SNR: -9']"
4788-94904-0033_3,"['SNR: 3']"
3112-9555-0083_-1,"['SNR: -1']"
3374-298025-0003_9,"['SNR: 9']"
5322-7680-0015_-7,"['SNR: -7']"
405-130894-0057_9,"['SNR: 9']"
7780-274562-0071_2,"['SNR: 2']"
1034-121119-0004_-12,"['SNR: -12']"
2092-145706-0030_-12,"['SNR: -12']"
2910-131096-0070_1,"['SNR: 1']"
6415-111615-0011_-13,"['SNR: -13']"
4014-186179-0036_-11,"['SNR: -11']"
2893-139322-0005_-15,"['SNR: -15']"
4014-186176-0010_-1,"['SNR: -1']"
5778-12761-0022_10,"['SNR: 10']"
5463-39173-0020_7,"['SNR: 7']"
6529-62556-0048_2,"['SNR: 2']"
4362-15663-0087_-12,"['SNR: -12']"
1455-138263-0044_-6,"['SNR: -6']"
5867-48852-0064_-4,"['SNR: -4']"
8609-283227-0014_2,"['SNR: 2']"
5867-48852-0076_7,"['SNR: 7']"
3879-174923-0028_-1,"['SNR: -1']"
6531-61334-0074_-3,"['SNR: -3']"
481-123719-0032_-12,"['SNR: -12']"
3242-67168-0038_-1,"['SNR: -1']"
5192-19397-0064_9,"['SNR: 9']"
6181-216552-0086_6,"['SNR: 6']"
254-145458-0012_-10,"['SNR: -10']"
8088-284756-0092_-1,"['SNR: -1']"
3240-131232-0040_-8,"['SNR: -8']"
8063-274112-0022_9,"['SNR: 9']"
2436-2481-0030_2,"['SNR: 2']"
2002-139469-0065_-14,"['SNR: -14']"
6000-86686-0008_-8,"['SNR: -8']"
26-495-0003_-11,"['SNR: -11']"
211-122425-0080_6,"['SNR: 6']"
6081-42010-0019_-13,"['SNR: -13']"
5339-14134-0006_-13,"['SNR: -13']"
426-122822-0031_-13,"['SNR: -13']"
5750-100289-0057_-7,"['SNR: -7']"
250-140277-0014_6,"['SNR: 6']"
5322-7680-0003_-7,"['SNR: -7']"
233-155990-0006_-11,"['SNR: -11']"
4397-15678-0043_-13,"['SNR: -13']"
1263-141777-0035_1,"['SNR: 1']"
2007-132570-0011_-3,"['SNR: -3']"
1081-125237-0039_-12,"['SNR: -12']"
3486-166446-0035_2,"['SNR: 2']"
201-127786-0041_-9,"['SNR: -9']"
6367-65536-0028_9,"['SNR: 9']"
8095-274348-0012_-13,"['SNR: -13']"
7780-274562-0035_7,"['SNR: 7']"
125-121124-0029_-8,"['SNR: -8']"
2092-145706-0029_8,"['SNR: 8']"
587-41619-0011_9,"['SNR: 9']"
19-227-0049_8,"['SNR: 8']"
3526-176651-0002_-13,"['SNR: -13']"
3699-47246-0006_-13,"['SNR: -13']"
2007-132570-0010_3,"['SNR: 3']"
103-1241-0027_-2,"['SNR: -2']"
6925-80680-0084_8,"['SNR: 8']"
403-128339-0015_-13,"['SNR: -13']"
6272-70191-0017_2,"['SNR: 2']"
322-124146-0006_1,"['SNR: 1']"
7302-86815-0080_8,"['SNR: 8']"
8098-278252-0010_-6,"['SNR: -6']"
8226-274371-0009_3,"['SNR: 3']"
5750-35690-0005_7,"['SNR: 7']"
2836-5354-0024_-3,"['SNR: -3']"
8580-287364-0022_5,"['SNR: 5']"
8051-118101-0002_-14,"['SNR: -14']"
426-122821-0013_5,"['SNR: 5']"
5390-30096-0004_5,"['SNR: 5']"
5390-24512-0005_7,"['SNR: 7']"
5163-18515-0028_-15,"['SNR: -15']"
19-227-0053_-6,"['SNR: -6']"
5192-19397-0005_8,"['SNR: 8']"
887-123289-0013_-1,"['SNR: -1']"
696-93314-0039_-9,"['SNR: -9']"
4830-25898-0047_3,"['SNR: 3']"
374-180299-0003_9,"['SNR: 9']"
7148-59157-0001_-6,"['SNR: -6']"
3112-9555-0040_-1,"['SNR: -1']"
5561-41615-0043_8,"['SNR: 8']"
8088-284756-0063_-4,"['SNR: -4']"
4898-20016-0015_5,"['SNR: 5']"
226-131533-0017_-9,"['SNR: -9']"
1355-39947-0090_6,"['SNR: 6']"
6081-41998-0006_-12,"['SNR: -12']"
3699-47246-0001_5,"['SNR: 5']"
7780-274562-0074_8,"['SNR: 8']"
8014-112602-0004_0,"['SNR: 0']"
1069-133709-0049_-6,"['SNR: -6']"
3807-4923-0010_-11,"['SNR: -11']"
3879-173592-0041_-11,"['SNR: -11']"
441-128982-0006_3,"['SNR: 3']"
40-222-0059_-13,"['SNR: -13']"
2416-152139-0000_-6,"['SNR: -6']"
5192-19397-0044_-10,"['SNR: -10']"
87-121553-0023_-1,"['SNR: -1']"
6081-42010-0007_0,"['SNR: 0']"
909-131045-0016_-8,"['SNR: -8']"
1034-121119-0067_5,"['SNR: 5']"
150-126112-0029_2,"['SNR: 2']"
8088-284756-0103_-14,"['SNR: -14']"
2952-410-0032_5,"['SNR: 5']"
19-227-0036_-7,"['SNR: -7']"
4898-20016-0016_-7,"['SNR: -7']"
6272-70171-0035_-6,"['SNR: -6']"
322-124147-0071_-8,"['SNR: -8']"
4137-11701-0019_-5,"['SNR: -5']"
6385-34655-0018_-5,"['SNR: -5']"
5789-57158-0035_-7,"['SNR: -7']"
1970-26100-0021_0,"['SNR: 0']"
730-359-0019_-11,"['SNR: -11']"
3374-298032-0040_7,"['SNR: 7']"
3242-67153-0004_-13,"['SNR: -13']"
3374-298032-0021_-14,"['SNR: -14']"
2182-150130-0009_3,"['SNR: 3']"
6209-34600-0011_-11,"['SNR: -11']"
5561-41615-0042_10,"['SNR: 10']"
5688-15787-0028_-6,"['SNR: -6']"
2514-149482-0101_-8,"['SNR: -8']"
39-121914-0002_2,"['SNR: 2']"
2159-179156-0002_-8,"['SNR: -8']"
5049-25947-0103_10,"['SNR: 10']"
1553-140047-0021_-13,"['SNR: -13']"
2952-410-0007_0,"['SNR: 0']"
1355-39947-0036_-12,"['SNR: -12']"
8629-261140-0026_8,"['SNR: 8']"
887-123291-0037_10,"['SNR: 10']"
6476-96661-0000_7,"['SNR: 7']"
226-131533-0009_-2,"['SNR: -2']"
1502-122619-0002_10,"['SNR: 10']"
6437-66172-0013_9,"['SNR: 9']"
5339-14133-0031_-1,"['SNR: -1']"
7402-90848-0047_-10,"['SNR: -10']"
6529-62556-0049_-6,"['SNR: -6']"
4441-76262-0027_-10,"['SNR: -10']"
1841-150351-0002_-9,"['SNR: -9']"
6818-76332-0014_1,"['SNR: 1']"
5049-25947-0055_-9,"['SNR: -9']"
5049-25947-0031_0,"['SNR: 0']"
248-130652-0034_7,"['SNR: 7']"
4195-17507-0036_3,"['SNR: 3']"
6563-285357-0034_-7,"['SNR: -7']"
1867-154075-0036_5,"['SNR: 5']"
2989-138028-0013_5,"['SNR: 5']"
7190-90542-0002_-2,"['SNR: -2']"
1867-154075-0040_1,"['SNR: 1']"
5322-7679-0000_2,"['SNR: 2']"
1081-125237-0114_-15,"['SNR: -15']"
5339-14133-0036_2,"['SNR: 2']"
4898-20016-0031_-15,"['SNR: -15']"
8425-287387-0025_-7,"['SNR: -7']"
6000-55211-0005_10,"['SNR: 10']"
1246-124550-0023_4,"['SNR: 4']"
3436-172171-0039_6,"['SNR: 6']"
78-368-0047_-5,"['SNR: -5']"
4362-15663-0089_-11,"['SNR: -11']"
8630-305213-0053_-11,"['SNR: -11']"
3235-28433-0002_6,"['SNR: 6']"
8098-278278-0012_6,"['SNR: 6']"
5703-47212-0042_-9,"['SNR: -9']"
7059-77900-0040_8,"['SNR: 8']"
7517-100442-0001_-8,"['SNR: -8']"
5561-41615-0004_-1,"['SNR: -1']"
3240-131232-0008_-1,"['SNR: -1']"
7505-258964-0029_-8,"['SNR: -8']"
6437-66173-0003_-10,"['SNR: -10']"
3112-9555-0026_3,"['SNR: 3']"
2002-139469-0007_5,"['SNR: 5']"
2136-5143-0000_7,"['SNR: 7']"
4297-13006-0007_-1,"['SNR: -1']"
8238-283452-0026_-1,"['SNR: -1']"
831-130739-0049_8,"['SNR: 8']"
8468-286673-0007_-10,"['SNR: -10']"
5750-100289-0060_-6,"['SNR: -6']"
311-124404-0091_5,"['SNR: 5']"
6529-62554-0007_-9,"['SNR: -9']"
32-21634-0018_-12,"['SNR: -12']"
8324-286683-0011_-6,"['SNR: -6']"
3807-4955-0019_-14,"['SNR: -14']"
248-130652-0026_-9,"['SNR: -9']"
2514-149482-0088_-5,"['SNR: -5']"
445-123860-0003_-3,"['SNR: -3']"
7859-102519-0004_4,"['SNR: 4']"
3526-175658-0002_3,"['SNR: 3']"
6415-100596-0023_-5,"['SNR: -5']"
118-124588-0010_-10,"['SNR: -10']"
5192-19396-0011_2,"['SNR: 2']"
1553-140048-0022_6,"['SNR: 6']"
1363-139304-0029_-3,"['SNR: -3']"
226-131532-0032_5,"['SNR: 5']"
233-155990-0000_6,"['SNR: 6']"
150-126107-0035_-12,"['SNR: -12']"
405-130895-0036_-13,"['SNR: -13']"
8630-305213-0035_-2,"['SNR: -2']"
403-128339-0018_-4,"['SNR: -4']"
1926-147987-0023_7,"['SNR: 7']"
3526-176651-0000_-14,"['SNR: -14']"
4898-28461-0062_-3,"['SNR: -3']"
1116-132851-0016_5,"['SNR: 5']"
1963-142393-0036_5,"['SNR: 5']"
8419-293473-0010_-4,"['SNR: -4']"
2893-139322-0026_-5,"['SNR: -5']"
1898-145720-0009_4,"['SNR: 4']"
5688-41232-0051_4,"['SNR: 4']"
2817-142371-0003_-7,"['SNR: -7']"
7278-91083-0025_4,"['SNR: 4']"
4267-72637-0028_-2,"['SNR: -2']"
2893-139310-0004_10,"['SNR: 10']"
1898-145720-0015_6,"['SNR: 6']"
4813-248638-0018_1,"['SNR: 1']"
8312-279790-0021_4,"['SNR: 4']"
441-130108-0035_8,"['SNR: 8']"
4051-11218-0002_-12,"['SNR: -12']"
4441-76262-0024_10,"['SNR: 10']"
4267-78186-0017_-4,"['SNR: -4']"
7148-59157-0032_5,"['SNR: 5']"
6385-220959-0021_4,"['SNR: 4']"
39-121914-0019_-1,"['SNR: -1']"
1183-128659-0016_-13,"['SNR: -13']"
1034-121119-0035_5,"['SNR: 5']"
1363-135842-0032_4,"['SNR: 4']"
7505-258964-0002_0,"['SNR: 0']"
1355-39947-0065_5,"['SNR: 5']"
6000-55211-0040_8,"['SNR: 8']"
3879-174923-0046_-14,"['SNR: -14']"
2182-181183-0002_7,"['SNR: 7']"
6081-42010-0000_-10,"['SNR: -10']"
7067-76048-0006_-10,"['SNR: -10']"
6836-76549-0032_7,"['SNR: 7']"
3214-167607-0034_7,"['SNR: 7']"
2836-5354-0023_-12,"['SNR: -12']"
8465-246940-0028_-5,"['SNR: -5']"
6925-80680-0036_5,"['SNR: 5']"
1116-137572-0053_7,"['SNR: 7']"
2764-36619-0018_-2,"['SNR: -2']"
8419-286667-0028_-5,"['SNR: -5']"
4397-15668-0003_-1,"['SNR: -1']"
1992-141719-0050_2,"['SNR: 2']"
587-41619-0003_7,"['SNR: 7']"
6415-111615-0022_-5,"['SNR: -5']"
226-131533-0024_5,"['SNR: 5']"
5322-7679-0024_8,"['SNR: 8']"
1502-122619-0032_-14,"['SNR: -14']"
5322-7678-0000_-9,"['SNR: -9']"
8123-275216-0022_-4,"['SNR: -4']"
7264-92310-0004_-4,"['SNR: -4']"
5688-41232-0065_-2,"['SNR: -2']"
311-124404-0116_9,"['SNR: 9']"
2182-150130-0028_-4,"['SNR: -4']"
322-124146-0014_-3,"['SNR: -3']"
1034-121119-0038_2,"['SNR: 2']"
4014-186183-0027_4,"['SNR: 4']"
7067-76047-0018_10,"['SNR: 10']"
2416-152137-0011_-3,"['SNR: -3']"
2289-152258-0019_3,"['SNR: 3']"
5022-29411-0066_-15,"['SNR: -15']"
3374-298026-0024_-1,"['SNR: -1']"
118-121721-0014_2,"['SNR: 2']"
2002-139469-0027_6,"['SNR: 6']"
1737-142397-0004_5,"['SNR: 5']"
27-124992-0039_-2,"['SNR: -2']"
3982-182255-0042_-15,"['SNR: -15']"
2196-174172-0023_0,"['SNR: 0']"
8465-246947-0003_-11,"['SNR: -11']"
89-219-0001_10,"['SNR: 10']"
3807-4955-0000_-15,"['SNR: -15']"
302-123504-0007_9,"['SNR: 9']"
3259-158083-0005_-3,"['SNR: -3']"
6437-66172-0002_9,"['SNR: 9']"
831-130746-0039_4,"['SNR: 4']"
8770-295463-0004_9,"['SNR: 9']"
412-126975-0014_4,"['SNR: 4']"
4014-186175-0029_9,"['SNR: 9']"
2817-142371-0030_-6,"['SNR: -6']"
887-123289-0033_-12,"['SNR: -12']"
5778-54535-0030_-13,"['SNR: -13']"
2989-138035-0038_7,"['SNR: 7']"
1034-121119-0046_-5,"['SNR: -5']"
730-360-0006_2,"['SNR: 2']"
403-126855-0019_1,"['SNR: 1']"
8014-112586-0012_-2,"['SNR: -2']"
4680-16026-0007_-13,"['SNR: -13']"
19-227-0047_-2,"['SNR: -2']"
3723-171631-0034_-2,"['SNR: -2']"
1723-141149-0037_-7,"['SNR: -7']"
8629-261139-0034_-5,"['SNR: -5']"
248-130644-0017_-14,"['SNR: -14']"
1867-154075-0010_-11,"['SNR: -11']"
1898-145715-0043_-5,"['SNR: -5']"
3214-167607-0006_-13,"['SNR: -13']"
1963-142776-0003_9,"['SNR: 9']"
211-122442-0038_-4,"['SNR: -4']"
5022-29405-0032_-7,"['SNR: -7']"
1898-145724-0001_0,"['SNR: 0']"
32-21634-0017_2,"['SNR: 2']"
201-127786-0017_-12,"['SNR: -12']"
4195-186238-0023_-2,"['SNR: -2']"
2384-152900-0063_4,"['SNR: 4']"
8465-246942-0014_-4,"['SNR: -4']"
6367-65536-0027_-4,"['SNR: -4']"
2182-181183-0016_-14,"['SNR: -14']"
1334-135589-0010_-12,"['SNR: -12']"
248-130697-0017_-1,"['SNR: -1']"
2518-154825-0000_-9,"['SNR: -9']"
83-11691-0041_-9,"['SNR: -9']"
5750-35690-0013_-2,"['SNR: -2']"
6367-74004-0020_-4,"['SNR: -4']"
6563-285357-0016_-14,"['SNR: -14']"
1246-135815-0016_-8,"['SNR: -8']"
7635-105409-0024_-6,"['SNR: -6']"
4214-7146-0012_2,"['SNR: 2']"
1867-148436-0019_-1,"['SNR: -1']"
7264-92316-0014_2,"['SNR: 2']"
8770-295462-0011_0,"['SNR: 0']"
6818-68772-0043_-14,"['SNR: -14']"
1183-133256-0013_4,"['SNR: 4']"
374-180298-0054_-5,"['SNR: -5']"
5192-19397-0045_1,"['SNR: 1']"
3240-131232-0015_3,"['SNR: 3']"
3526-176653-0021_-7,"['SNR: -7']"
4267-72637-0031_-6,"['SNR: -6']"
7800-283493-0031_-5,"['SNR: -5']"
2843-152918-0014_9,"['SNR: 9']"
27-124992-0040_-10,"['SNR: -10']"
8797-294123-0029_7,"['SNR: 7']"
374-180298-0047_-15,"['SNR: -15']"
3168-173564-0034_5,"['SNR: 5']"
60-121082-0086_2,"['SNR: 2']"
3857-182315-0004_-10,"['SNR: -10']"
196-122159-0001_-13,"['SNR: -13']"
233-134440-0035_-3,"['SNR: -3']"
3440-171009-0047_-10,"['SNR: -10']"
839-130898-0098_-1,"['SNR: -1']"
839-130898-0040_-12,"['SNR: -12']"
5322-7679-0031_-14,"['SNR: -14']"
4340-15220-0004_6,"['SNR: 6']"
6415-116629-0037_1,"['SNR: 1']"
39-121915-0020_8,"['SNR: 8']"
412-126975-0065_7,"['SNR: 7']"
5561-41615-0005_3,"['SNR: 3']"
625-132118-0008_-6,"['SNR: -6']"
4406-16883-0006_-1,"['SNR: -1']"
1246-135815-0013_-15,"['SNR: -15']"
8098-275181-0011_-5,"['SNR: -5']"
1553-140048-0038_1,"['SNR: 1']"
4813-248641-0005_-14,"['SNR: -14']"
103-1241-0037_4,"['SNR: 4']"
3112-9555-0088_-13,"['SNR: -13']"
289-121652-0035_-4,"['SNR: -4']"
6818-68772-0030_2,"['SNR: 2']"
5022-29411-0051_-5,"['SNR: -5']"
6000-55211-0029_5,"['SNR: 5']"
1447-130552-0015_-9,"['SNR: -9']"
2514-149482-0044_-7,"['SNR: -7']"
8324-286681-0008_10,"['SNR: 10']"
5022-29411-0014_-12,"['SNR: -12']"
3242-67153-0027_-3,"['SNR: -3']"
32-21631-0012_-11,"['SNR: -11']"
3374-298032-0028_6,"['SNR: 6']"
1970-26100-0035_-11,"['SNR: -11']"
4195-186237-0028_-4,"['SNR: -4']"
3374-298026-0032_10,"['SNR: 10']"
6925-80680-0027_9,"['SNR: 9']"
6437-66173-0019_9,"['SNR: 9']"
4898-28461-0052_10,"['SNR: 10']"
1624-168623-0005_-8,"['SNR: -8']"
1841-150351-0003_10,"['SNR: 10']"
6531-61334-0004_-3,"['SNR: -3']"
1069-133709-0038_-11,"['SNR: -11']"
6081-41997-0037_5,"['SNR: 5']"
8465-246947-0023_-14,"['SNR: -14']"
6385-220959-0040_-11,"['SNR: -11']"
3983-5331-0012_3,"['SNR: 3']"
254-27760-0006_0,"['SNR: 0']"
8095-274345-0028_10,"['SNR: 10']"
3240-131232-0012_10,"['SNR: 10']"
7226-86964-0014_5,"['SNR: 5']"
1992-141719-0005_-8,"['SNR: -8']"
103-1241-0028_-7,"['SNR: -7']"
125-121124-0043_9,"['SNR: 9']"
4830-25898-0013_6,"['SNR: 6']"
2764-36617-0001_6,"['SNR: 6']"
307-127539-0023_-12,"['SNR: -12']"
1088-134315-0013_-14,"['SNR: -14']"
3235-11599-0012_-14,"['SNR: -14']"
4088-158077-0080_3,"['SNR: 3']"
250-142286-0003_-13,"['SNR: -13']"
7517-100442-0029_0,"['SNR: 0']"
445-123860-0013_-1,"['SNR: -1']"
8108-274318-0015_-12,"['SNR: -12']"
311-124404-0087_-10,"['SNR: -10']"
5867-48852-0025_6,"['SNR: 6']"
8088-284756-0096_-14,"['SNR: -14']"
311-124404-0012_4,"['SNR: 4']"
403-216-0026_10,"['SNR: 10']"
3607-135982-0017_7,"['SNR: 7']"
587-54108-0014_7,"['SNR: 7']"
2836-5355-0009_-12,"['SNR: -12']"
7517-100442-0008_0,"['SNR: 0']"
5163-18515-0004_8,"['SNR: 8']"
7367-86737-0041_-6,"['SNR: -6']"
1183-133255-0007_2,"['SNR: 2']"
587-41611-0002_-7,"['SNR: -7']"
6563-285357-0030_0,"['SNR: 0']"
445-123857-0019_-2,"['SNR: -2']"
2196-170379-0009_-1,"['SNR: -1']"
5022-29405-0035_6,"['SNR: 6']"
1970-28415-0017_-3,"['SNR: -3']"
150-126112-0035_-2,"['SNR: -2']"
2391-145015-0071_3,"['SNR: 3']"
2843-152918-0027_-5,"['SNR: -5']"
6818-68772-0033_-9,"['SNR: -9']"
6836-61804-0002_6,"['SNR: 6']"
2002-139469-0002_10,"['SNR: 10']"
7148-59157-0036_-5,"['SNR: -5']"
1970-28415-0018_8,"['SNR: 8']"
6272-70171-0029_3,"['SNR: 3']"
3607-29116-0024_7,"['SNR: 7']"
8468-286673-0001_5,"['SNR: 5']"
730-358-0034_-2,"['SNR: -2']"
1355-39947-0074_2,"['SNR: 2']"
3699-19401-0022_-15,"['SNR: -15']"
5703-47212-0023_-6,"['SNR: -6']"
8838-298545-0030_-7,"['SNR: -7']"
8095-274346-0055_0,"['SNR: 0']"
200-126784-0011_-11,"['SNR: -11']"
4088-158077-0038_5,"['SNR: 5']"
8238-283452-0040_-3,"['SNR: -3']"
3982-182255-0012_-9,"['SNR: -9']"
298-126791-0021_-2,"['SNR: -2']"
6529-62556-0024_-12,"['SNR: -12']"
7226-86965-0031_-4,"['SNR: -4']"
730-358-0026_6,"['SNR: 6']"
1040-133433-0038_3,"['SNR: 3']"
233-155990-0019_-15,"['SNR: -15']"
1970-28415-0039_10,"['SNR: 10']"
5703-47198-0030_-5,"['SNR: -5']"
405-130895-0004_9,"['SNR: 9']"
1502-122619-0044_2,"['SNR: 2']"
2182-181173-0020_-1,"['SNR: -1']"
8468-295198-0004_-7,"['SNR: -7']"
481-123720-0031_0,"['SNR: 0']"
2764-36619-0023_3,"['SNR: 3']"
4051-11217-0034_5,"['SNR: 5']"
5652-39938-0062_-2,"['SNR: -2']"
7517-100442-0025_-8,"['SNR: -8']"
4481-17499-0039_-5,"['SNR: -5']"
7113-86041-0016_9,"['SNR: 9']"
2002-139469-0038_-15,"['SNR: -15']"
7635-105661-0026_7,"['SNR: 7']"
1578-6379-0010_4,"['SNR: 4']"
6476-57446-0003_-4,"['SNR: -4']"
1034-121119-0080_1,"['SNR: 1']"
5393-19218-0059_-2,"['SNR: -2']"
118-121721-0010_2,"['SNR: 2']"
150-126107-0004_-11,"['SNR: -11']"
1594-135914-0123_10,"['SNR: 10']"
2007-149877-0005_1,"['SNR: 1']"
4297-13006-0014_-11,"['SNR: -11']"
3440-171009-0035_-9,"['SNR: -9']"
5867-48852-0047_7,"['SNR: 7']"
3830-12530-0002_3,"['SNR: 3']"
4051-11218-0033_-9,"['SNR: -9']"
7148-7763-0015_-3,"['SNR: -3']"
1553-140048-0039_-11,"['SNR: -11']"
103-1240-0009_-12,"['SNR: -12']"
1970-10594-0044_4,"['SNR: 4']"
8580-287364-0006_-9,"['SNR: -9']"
5808-54425-0016_10,"['SNR: 10']"
7505-83618-0023_-7,"['SNR: -7']"
2893-139310-0006_0,"['SNR: 0']"
3168-173565-0024_5,"['SNR: 5']"
625-132112-0042_-5,"['SNR: -5']"
839-130898-0021_-4,"['SNR: -4']"
5322-7678-0037_4,"['SNR: 4']"
2002-139469-0050_-11,"['SNR: -11']"
125-121124-0062_2,"['SNR: 2']"
40-121026-0026_6,"['SNR: 6']"
1624-142933-0035_-12,"['SNR: -12']"
7505-258964-0047_8,"['SNR: 8']"
2514-149482-0046_9,"['SNR: 9']"
8797-294123-0044_-9,"['SNR: -9']"
7113-86041-0013_-1,"['SNR: -1']"
2911-15045-0028_-3,"['SNR: -3']"
587-41619-0021_-7,"['SNR: -7']"
40-121026-0040_-13,"['SNR: -13']"
1502-122619-0030_8,"['SNR: 8']"
6209-34599-0014_-5,"['SNR: -5']"
3240-131231-0001_-8,"['SNR: -8']"
250-142286-0031_-14,"['SNR: -14']"
3947-13260-0014_5,"['SNR: 5']"
8051-295385-0036_-4,"['SNR: -4']"
1098-133695-0004_-12,"['SNR: -12']"
8312-279790-0015_-8,"['SNR: -8']"
6848-252323-0040_2,"['SNR: 2']"
730-360-0022_5,"['SNR: 5']"
3486-166424-0060_9,"['SNR: 9']"
7278-91083-0036_6,"['SNR: 6']"
1723-141149-0101_4,"['SNR: 4']"
1963-142393-0026_-14,"['SNR: -14']"
2159-179154-0024_3,"['SNR: 3']"
1263-139804-0011_1,"['SNR: 1']"
7067-76048-0046_3,"['SNR: 3']"
27-123349-0028_3,"['SNR: 3']"
7780-274562-0025_4,"['SNR: 4']"
1578-140045-0006_4,"['SNR: 4']"
1334-135589-0078_-14,"['SNR: -14']"
8770-295463-0006_-12,"['SNR: -12']"
8088-284756-0074_5,"['SNR: 5']"
458-126305-0004_-1,"['SNR: -1']"
1743-142913-0028_-6,"['SNR: -6']"
7178-34644-0043_7,"['SNR: 7']"
6385-220959-0042_3,"['SNR: 3']"
3486-166446-0025_9,"['SNR: 9']"
5678-43301-0019_-14,"['SNR: -14']"
7312-92432-0020_-7,"['SNR: -7']"
8770-295462-0037_-7,"['SNR: -7']"
103-1240-0038_0,"['SNR: 0']"
198-209-0010_7,"['SNR: 7']"
2843-152918-0108_-12,"['SNR: -12']"
4640-19187-0023_-5,"['SNR: -5']"
87-121553-0045_5,"['SNR: 5']"
7447-91187-0052_9,"['SNR: 9']"
7367-86737-0074_3,"['SNR: 3']"
27-123349-0045_-11,"['SNR: -11']"
1069-133699-0036_-9,"['SNR: -9']"
6476-57446-0013_-5,"['SNR: -5']"
332-128985-0056_-12,"['SNR: -12']"
5393-19219-0050_3,"['SNR: 3']"
5022-29405-0002_5,"['SNR: 5']"
2196-174172-0014_4,"['SNR: 4']"
4137-11702-0027_-6,"['SNR: -6']"
5867-48852-0041_1,"['SNR: 1']"
1116-132847-0009_2,"['SNR: 2']"
446-123502-0046_-6,"['SNR: -6']"
7859-102521-0007_-11,"['SNR: -11']"
19-227-0064_-13,"['SNR: -13']"
5104-33406-0039_-1,"['SNR: -1']"
1502-122619-0046_10,"['SNR: 10']"
7800-283492-0005_-1,"['SNR: -1']"
1992-141719-0008_3,"['SNR: 3']"
229-130880-0075_-13,"['SNR: -13']"
3240-131231-0012_4,"['SNR: 4']"
8226-274369-0044_-12,"['SNR: -12']"
6385-34669-0009_-2,"['SNR: -2']"
1502-122615-0006_-14,"['SNR: -14']"
909-131045-0023_6,"['SNR: 6']"
7226-86964-0037_0,"['SNR: 0']"
4195-186236-0019_-9,"['SNR: -9']"
5390-30096-0013_7,"['SNR: 7']"
2836-5355-0030_-12,"['SNR: -12']"
2136-5143-0009_6,"['SNR: 6']"
2764-36619-0007_0,"['SNR: 0']"
4088-158077-0083_-10,"['SNR: -10']"
196-122152-0000_1,"['SNR: 1']"
403-126855-0015_-9,"['SNR: -9']"
1098-133695-0037_1,"['SNR: 1']"
1246-124548-0039_7,"['SNR: 7']"
125-121124-0056_-4,"['SNR: -4']"
426-122819-0021_-5,"['SNR: -5']"
4195-186236-0024_-15,"['SNR: -15']"
7148-59157-0033_9,"['SNR: 9']"
5652-19215-0022_-2,"['SNR: -2']"
1034-121119-0076_-3,"['SNR: -3']"
2159-179157-0028_4,"['SNR: 4']"
5808-48608-0018_-14,"['SNR: -14']"
587-54108-0047_-13,"['SNR: -13']"
60-121082-0052_0,"['SNR: 0']"
5808-54425-0025_9,"['SNR: 9']"
2817-142380-0009_-10,"['SNR: -10']"
2911-15084-0010_0,"['SNR: 0']"
322-124146-0003_-12,"['SNR: -12']"
4014-186183-0007_-8,"['SNR: -8']"
2843-152918-0109_-11,"['SNR: -11']"
1737-146161-0016_-14,"['SNR: -14']"
5688-41232-0015_-4,"['SNR: -4']"
8324-286682-0028_-10,"['SNR: -10']"
8468-294887-0028_-2,"['SNR: -2']"
460-172359-0048_-15,"['SNR: -15']"
7635-105661-0009_-15,"['SNR: -15']"
696-93314-0033_6,"['SNR: 6']"
5322-7679-0002_7,"['SNR: 7']"
6415-111615-0028_-9,"['SNR: -9']"
8123-275216-0034_-4,"['SNR: -4']"
1867-154071-0021_5,"['SNR: 5']"
2159-179154-0039_-5,"['SNR: -5']"
8051-295385-0000_-10,"['SNR: -10']"
233-134440-0051_-13,"['SNR: -13']"
5688-15787-0030_-11,"['SNR: -11']"
5022-29411-0027_-6,"['SNR: -6']"
8419-286676-0025_4,"['SNR: 4']"
27-124992-0008_7,"['SNR: 7']"
4898-28461-0049_5,"['SNR: 5']"
4014-186183-0016_7,"['SNR: 7']"
8425-287387-0028_-9,"['SNR: -9']"
7190-90542-0018_-3,"['SNR: -3']"
2952-410-0017_6,"['SNR: 6']"
5561-41615-0023_1,"['SNR: 1']"
118-47824-0025_10,"['SNR: 10']"
8324-286683-0018_8,"['SNR: 8']"
1183-133256-0002_-8,"['SNR: -8']"
5688-15787-0018_-8,"['SNR: -8']"
1963-142393-0018_4,"['SNR: 4']"
6454-120342-0020_0,"['SNR: 0']"
19-198-0026_-5,"['SNR: -5']"
6563-285357-0012_10,"['SNR: 10']"
3982-182255-0022_-10,"['SNR: -10']"
254-145458-0002_0,"['SNR: 0']"
6925-80680-0035_-4,"['SNR: -4']"
39-121914-0051_-8,"['SNR: -8']"
7067-76048-0010_-3,"['SNR: -3']"
5778-54535-0005_7,"['SNR: 7']"
8465-246947-0002_-10,"['SNR: -10']"
3699-19401-0007_-12,"['SNR: -12']"
1841-179183-0007_-2,"['SNR: -2']"
1970-28415-0024_-13,"['SNR: -13']"
4014-186183-0000_-4,"['SNR: -4']"
909-131045-0003_1,"['SNR: 1']"
7312-92432-0019_7,"['SNR: 7']"
5652-39938-0033_-5,"['SNR: -5']"
5456-62043-0026_-8,"['SNR: -8']"
78-369-0049_5,"['SNR: 5']"
2182-150130-0032_-2,"['SNR: -2']"
3526-176653-0025_-10,"['SNR: -10']"
4441-76263-0017_10,"['SNR: 10']"
89-218-0053_10,"['SNR: 10']"
5104-33407-0014_-4,"['SNR: -4']"
6147-34606-0024_1,"['SNR: 1']"
200-126784-0037_6,"['SNR: 6']"
6209-34600-0006_10,"['SNR: 10']"
229-130880-0044_10,"['SNR: 10']"
5867-48852-0092_-7,"['SNR: -7']"
4051-10927-0008_-15,"['SNR: -15']"
8095-274348-0000_-11,"['SNR: -11']"
6848-76049-0018_-5,"['SNR: -5']"
1743-142912-0021_-5,"['SNR: -5']"
198-129977-0032_-14,"['SNR: -14']"
1867-154075-0016_4,"['SNR: 4']"
8797-294123-0060_3,"['SNR: 3']"
5867-48852-0112_-11,"['SNR: -11']"
60-121082-0039_9,"['SNR: 9']"
211-122442-0062_-10,"['SNR: -10']"
6836-61804-0024_-12,"['SNR: -12']"
32-21631-0004_-5,"['SNR: -5']"
8014-112602-0038_10,"['SNR: 10']"
4014-186183-0015_6,"['SNR: 6']"
254-145458-0007_-8,"['SNR: -8']"
5688-41232-0034_-5,"['SNR: -5']"
1737-142397-0040_-12,"['SNR: -12']"
6385-34655-0023_-15,"['SNR: -15']"
8975-270782-0052_-2,"['SNR: -2']"
831-130739-0018_-8,"['SNR: -8']"
6836-61804-0004_4,"['SNR: 4']"
250-142276-0000_-9,"['SNR: -9']"
481-123720-0063_-3,"['SNR: -3']"
4195-186238-0007_10,"['SNR: 10']"
7302-86814-0010_-8,"['SNR: -8']"
7511-102420-0008_6,"['SNR: 6']"
2136-5143-0017_-4,"['SNR: -4']"
8609-283227-0016_-2,"['SNR: -2']"
40-222-0036_9,"['SNR: 9']"
3436-172171-0000_8,"['SNR: 8']"
839-130898-0029_-6,"['SNR: -6']"
4297-13006-0006_-12,"['SNR: -12']"
7402-90848-0023_-2,"['SNR: -2']"
1898-145702-0014_-1,"['SNR: -1']"
226-131532-0011_-1,"['SNR: -1']"
8580-287364-0004_-7,"['SNR: -7']"
8747-293952-0095_-10,"['SNR: -10']"
2911-7601-0038_8,"['SNR: 8']"
7078-271888-0019_8,"['SNR: 8']"
4441-76263-0029_-2,"['SNR: -2']"
6880-216547-0022_-3,"['SNR: -3']"
1594-135914-0076_3,"['SNR: 3']"
1183-128659-0010_-14,"['SNR: -14']"
6476-57446-0049_-1,"['SNR: -1']"
27-124992-0036_-10,"['SNR: -10']"
1334-135589-0008_-2,"['SNR: -2']"
4297-13009-0018_-14,"['SNR: -14']"
7402-90848-0015_10,"['SNR: 10']"
6454-120342-0007_4,"['SNR: 4']"
211-122442-0053_-12,"['SNR: -12']"
6925-80680-0023_10,"['SNR: 10']"
8629-261140-0022_-9,"['SNR: -9']"
2817-142371-0062_-2,"['SNR: -2']"
3699-19402-0025_-5,"['SNR: -5']"
5022-29411-0057_1,"['SNR: 1']"
911-128684-0021_-6,"['SNR: -6']"
6454-93938-0026_-9,"['SNR: -9']"
3723-171631-0059_-2,"['SNR: -2']"
118-121721-0017_-6,"['SNR: -6']"
412-126975-0075_-10,"['SNR: -10']"
730-359-0036_5,"['SNR: 5']"
5789-57195-0029_10,"['SNR: 10']"
6563-285357-0000_-14,"['SNR: -14']"
2182-181183-0018_-12,"['SNR: -12']"
426-122821-0032_-2,"['SNR: -2']"
1553-140047-0000_2,"['SNR: 2']"
4137-11701-0018_-3,"['SNR: -3']"
8465-246940-0029_-8,"['SNR: -8']"
6529-62554-0045_5,"['SNR: 5']"
8797-294123-0008_2,"['SNR: 2']"
150-126107-0032_4,"['SNR: 4']"
7302-86814-0027_1,"['SNR: 1']"
5463-39173-0037_7,"['SNR: 7']"
3168-173565-0003_-8,"['SNR: -8']"
2518-154826-0005_5,"['SNR: 5']"
8324-286682-0013_3,"['SNR: 3']"
1098-133695-0068_9,"['SNR: 9']"
2836-5354-0022_5,"['SNR: 5']"
40-121026-0023_2,"['SNR: 2']"
83-3054-0006_-11,"['SNR: -11']"
2136-5143-0011_6,"['SNR: 6']"
3807-4923-0052_-11,"['SNR: -11']"
1963-142393-0014_1,"['SNR: 1']"
6563-285357-0011_-9,"['SNR: -9']"
1970-28415-0006_5,"['SNR: 5']"
458-126294-0014_-15,"['SNR: -15']"
8630-305213-0040_3,"['SNR: 3']"
3983-5371-0009_-3,"['SNR: -3']"
1553-140047-0030_-5,"['SNR: -5']"
6081-41997-0014_6,"['SNR: 6']"
5561-39621-0022_-13,"['SNR: -13']"
7190-90542-0060_8,"['SNR: 8']"
1624-142933-0018_3,"['SNR: 3']"
5789-57158-0003_4,"['SNR: 4']"
4406-16882-0048_-14,"['SNR: -14']"
6019-3185-0003_0,"['SNR: 0']"
6147-34605-0025_3,"['SNR: 3']"
2893-139310-0017_-3,"['SNR: -3']"
2196-174172-0012_2,"['SNR: 2']"
6836-61804-0031_5,"['SNR: 5']"
8630-305212-0002_-12,"['SNR: -12']"
8226-274371-0014_-9,"['SNR: -9']"
1081-125237-0056_1,"['SNR: 1']"
7190-90542-0004_1,"['SNR: 1']"
4014-186175-0034_-15,"['SNR: -15']"
2910-131096-0023_3,"['SNR: 3']"
89-218-0019_3,"['SNR: 3']"
332-128985-0012_-3,"['SNR: -3']"
6415-100596-0011_-10,"['SNR: -10']"
1263-138246-0011_6,"['SNR: 6']"
3947-13262-0020_-3,"['SNR: -3']"
7511-102420-0047_-14,"['SNR: -14']"
6385-34655-0000_0,"['SNR: 0']"
669-129061-0022_-8,"['SNR: -8']"
2002-139469-0055_-2,"['SNR: -2']"
6367-74004-0002_-15,"['SNR: -15']"
2136-5147-0001_-2,"['SNR: -2']"
1723-141149-0066_-5,"['SNR: -5']"
1992-141719-0045_0,"['SNR: 0']"
5688-41232-0076_-11,"['SNR: -11']"
7511-102420-0003_-8,"['SNR: -8']"
426-122821-0007_-12,"['SNR: -12']"
8095-274348-0008_3,"['SNR: 3']"
1841-150351-0001_-8,"['SNR: -8']"
1898-145720-0005_0,"['SNR: 0']"
8425-246962-0007_3,"['SNR: 3']"
8838-298546-0019_4,"['SNR: 4']"
8609-283227-0069_-12,"['SNR: -12']"
83-11691-0032_2,"['SNR: 2']"
5514-19192-0013_-1,"['SNR: -1']"
8123-275216-0007_-3,"['SNR: -3']"
4018-103416-0015_-7,"['SNR: -7']"
307-127535-0010_2,"['SNR: 2']"
1034-121119-0028_-5,"['SNR: -5']"
1970-10594-0013_-9,"['SNR: -9']"
5678-43303-0037_-12,"['SNR: -12']"
1502-122619-0063_3,"['SNR: 3']"
5688-15787-0045_1,"['SNR: 1']"
6880-216547-0061_-9,"['SNR: -9']"
5688-41232-0009_-6,"['SNR: -6']"
8465-246943-0000_-14,"['SNR: -14']"
5192-19396-0015_-4,"['SNR: -4']"
1447-17506-0010_7,"['SNR: 7']"
1447-17506-0034_-7,"['SNR: -7']"
696-93314-0012_-4,"['SNR: -4']"
7517-100437-0030_0,"['SNR: 0']"
6385-34669-0028_0,"['SNR: 0']"
307-127540-0021_-1,"['SNR: -1']"
669-129061-0033_-12,"['SNR: -12']"
1246-124548-0016_2,"['SNR: 2']"
4214-7146-0005_7,"['SNR: 7']"
1898-145715-0005_9,"['SNR: 9']"
2092-145706-0064_0,"['SNR: 0']"
6209-34599-0029_-3,"['SNR: -3']"
4680-16041-0013_-15,"['SNR: -15']"
4813-248641-0040_-1,"['SNR: -1']"
1081-125237-0054_0,"['SNR: 0']"
909-131045-0018_5,"['SNR: 5']"
5339-14133-0048_7,"['SNR: 7']"
1898-145715-0030_4,"['SNR: 4']"
1040-133433-0046_10,"['SNR: 10']"
3436-172162-0045_-13,"['SNR: -13']"
8770-295465-0016_-15,"['SNR: -15']"
6181-216552-0023_-9,"['SNR: -9']"
458-126305-0028_7,"['SNR: 7']"
6367-65536-0063_-11,"['SNR: -11']"
6563-63821-0017_-6,"['SNR: -6']"
8088-284756-0020_10,"['SNR: 10']"
5390-30102-0018_0,"['SNR: 0']"
6415-111615-0015_-3,"['SNR: -3']"
307-127535-0027_0,"['SNR: 0']"
1081-125237-0024_3,"['SNR: 3']"
5789-57195-0015_-9,"['SNR: -9']"
3436-172171-0001_-11,"['SNR: -11']"
1867-148436-0006_3,"['SNR: 3']"
1723-141149-0087_1,"['SNR: 1']"
8465-246942-0004_-14,"['SNR: -14']"
4014-186175-0002_9,"['SNR: 9']"
909-131044-0030_-5,"['SNR: -5']"
201-127786-0073_-14,"['SNR: -14']"
5652-39938-0036_2,"['SNR: 2']"
198-129977-0015_4,"['SNR: 4']"
6880-216547-0045_-3,"['SNR: -3']"
2989-138028-0055_-7,"['SNR: -7']"
5703-47198-0054_-11,"['SNR: -11']"
7794-295955-0014_2,"['SNR: 2']"
4859-29340-0040_-10,"['SNR: -10']"
7264-92310-0003_10,"['SNR: 10']"
587-54108-0000_-11,"['SNR: -11']"
8629-261140-0005_6,"['SNR: 6']"
460-172357-0002_5,"['SNR: 5']"
2989-138028-0012_6,"['SNR: 6']"
7794-295955-0000_-4,"['SNR: -4']"
7226-86964-0042_10,"['SNR: 10']"
5104-33406-0026_7,"['SNR: 7']"
7113-86041-0099_-9,"['SNR: -9']"
87-121553-0100_-9,"['SNR: -9']"
5192-19397-0067_2,"['SNR: 2']"
7635-105409-0070_2,"['SNR: 2']"
322-124147-0046_-3,"['SNR: -3']"
5688-15787-0001_-14,"['SNR: -14']"
2289-152257-0012_-15,"['SNR: -15']"
4362-15663-0081_-3,"['SNR: -3']"
4137-11702-0009_-15,"['SNR: -15']"
587-41619-0007_-2,"['SNR: -2']"
5867-48852-0034_-15,"['SNR: -15']"
6454-93938-0014_-3,"['SNR: -3']"
7794-295947-0006_-15,"['SNR: -15']"
2002-139469-0014_-9,"['SNR: -9']"
4340-15220-0052_-2,"['SNR: -2']"
1455-138263-0002_8,"['SNR: 8']"
3374-298026-0001_1,"['SNR: 1']"
1963-147036-0029_4,"['SNR: 4']"
426-122821-0000_5,"['SNR: 5']"
8063-274116-0001_9,"['SNR: 9']"
1963-147036-0032_-2,"['SNR: -2']"
8123-275193-0000_-12,"['SNR: -12']"
5456-62043-0008_-13,"['SNR: -13']"
254-145458-0021_-11,"['SNR: -11']"
8014-112602-0019_3,"['SNR: 3']"
4014-186176-0031_-5,"['SNR: -5']"
8063-274112-0002_-13,"['SNR: -13']"
6181-216552-0055_6,"['SNR: 6']"
3235-28452-0019_-5,"['SNR: -5']"
7794-295955-0016_4,"['SNR: 4']"
3112-9555-0023_-10,"['SNR: -10']"
3857-182315-0025_-8,"['SNR: -8']"
2182-150130-0035_7,"['SNR: 7']"
7511-102420-0001_-7,"['SNR: -7']"
1970-26100-0029_-15,"['SNR: -15']"
8324-286682-0037_-2,"['SNR: -2']"
4640-19187-0013_-8,"['SNR: -8']"
6437-66172-0012_8,"['SNR: 8']"
1867-148436-0008_2,"['SNR: 2']"
6925-80680-0046_-12,"['SNR: -12']"
460-172359-0074_9,"['SNR: 9']"
2952-408-0014_10,"['SNR: 10']"
1069-133699-0010_9,"['SNR: 9']"
4397-15678-0029_2,"['SNR: 2']"
6848-252322-0018_4,"['SNR: 4']"
7800-283478-0013_4,"['SNR: 4']"
3807-4923-0057_0,"['SNR: 0']"
1235-135884-0019_-2,"['SNR: -2']"
8051-118101-0013_-11,"['SNR: -11']"
198-209-0022_-13,"['SNR: -13']"
5022-29405-0043_-5,"['SNR: -5']"
8468-286673-0019_9,"['SNR: 9']"
7148-7763-0031_8,"['SNR: 8']"
8123-275193-0019_10,"['SNR: 10']"
730-358-0047_-10,"['SNR: -10']"
5703-47212-0041_-2,"['SNR: -2']"
8095-274345-0023_-15,"['SNR: -15']"
1246-124550-0037_-15,"['SNR: -15']"
3807-4955-0016_-14,"['SNR: -14']"
1624-142933-0038_-5,"['SNR: -5']"
32-21634-0002_0,"['SNR: 0']"
3214-167602-0020_-1,"['SNR: -1']"
8838-298545-0042_-6,"['SNR: -6']"
1447-130552-0020_-11,"['SNR: -11']"
445-123857-0012_10,"['SNR: 10']"
1867-148436-0037_3,"['SNR: 3']"
7113-86041-0003_-4,"['SNR: -4']"
3486-166424-0044_-13,"['SNR: -13']"
5456-62043-0030_4,"['SNR: 4']"
1040-133433-0028_-6,"['SNR: -6']"
3168-173564-0011_-12,"['SNR: -12']"
289-121665-0029_-2,"['SNR: -2']"
374-180298-0040_5,"['SNR: 5']"
6078-54013-0012_1,"['SNR: 1']"
412-126975-0011_-6,"['SNR: -6']"
4088-158077-0054_2,"['SNR: 2']"
1502-122615-0005_-7,"['SNR: -7']"
2416-152139-0010_5,"['SNR: 5']"
6563-63821-0037_5,"['SNR: 5']"
8051-118101-0011_3,"['SNR: 3']"
2989-138035-0066_-3,"['SNR: -3']"
4640-19188-0016_6,"['SNR: 6']"
911-128684-0056_1,"['SNR: 1']"
1502-122615-0026_5,"['SNR: 5']"
8238-283452-0047_-7,"['SNR: -7']"
8629-261139-0044_-10,"['SNR: -10']"
211-122425-0009_0,"['SNR: 0']"
1723-141149-0076_8,"['SNR: 8']"
2002-139469-0023_-7,"['SNR: -7']"
7078-271888-0086_-5,"['SNR: -5']"
6529-62556-0015_0,"['SNR: 0']"
2817-142371-0044_-2,"['SNR: -2']"
3830-12530-0009_-13,"['SNR: -13']"
730-359-0026_0,"['SNR: 0']"
311-124404-0099_9,"['SNR: 9']"
8797-294123-0020_-7,"['SNR: -7']"
328-129766-0014_-12,"['SNR: -12']"
1246-124550-0018_-15,"['SNR: -15']"
374-180299-0002_-13,"['SNR: -13']"
1069-133699-0050_4,"['SNR: 4']"
196-122159-0021_-5,"['SNR: -5']"
307-127535-0039_-1,"['SNR: -1']"
8238-274553-0055_-5,"['SNR: -5']"
5339-14133-0045_-12,"['SNR: -12']"
4853-27671-0025_3,"['SNR: 3']"
4441-76263-0022_-3,"['SNR: -3']"
248-130644-0035_8,"['SNR: 8']"
8098-278278-0003_-6,"['SNR: -6']"
1992-141719-0026_6,"['SNR: 6']"
229-130880-0073_-10,"['SNR: -10']"
1235-135887-0027_-8,"['SNR: -8']"
3664-178355-0031_-14,"['SNR: -14']"
1867-148436-0009_-13,"['SNR: -13']"
8629-261139-0025_1,"['SNR: 1']"
211-122442-0070_-7,"['SNR: -7']"
6019-3185-0082_3,"['SNR: 3']"
5789-70653-0019_-10,"['SNR: -10']"
5393-19219-0004_0,"['SNR: 0']"
8630-305213-0027_-6,"['SNR: -6']"
4051-11218-0018_-6,"['SNR: -6']"
1898-145715-0025_-13,"['SNR: -13']"
89-219-0010_-5,"['SNR: -5']"
40-222-0053_2,"['SNR: 2']"
2391-145015-0096_-4,"['SNR: -4']"
7402-90848-0059_-6,"['SNR: -6']"
6531-61334-0128_6,"['SNR: 6']"
3259-158083-0099_-8,"['SNR: -8']"
6367-74004-0026_-6,"['SNR: -6']"
6925-80680-0009_8,"['SNR: 8']"
5703-47198-0016_9,"['SNR: 9']"
5022-29411-0028_10,"['SNR: 10']"
4406-16883-0046_3,"['SNR: 3']"
3947-13262-0002_-1,"['SNR: -1']"
7113-86041-0061_4,"['SNR: 4']"
8098-275181-0015_-2,"['SNR: -2']"
1970-26100-0026_-9,"['SNR: -9']"
4397-15668-0025_-5,"['SNR: -5']"
4340-15220-0005_-2,"['SNR: -2']"
5789-57158-0002_10,"['SNR: 10']"
19-227-0027_1,"['SNR: 1']"
4680-16042-0020_-4,"['SNR: -4']"
5808-48608-0000_-3,"['SNR: -3']"
1455-138263-0000_-9,"['SNR: -9']"
2518-154826-0021_-5,"['SNR: -5']"
1363-139304-0010_0,"['SNR: 0']"
8238-283452-0011_10,"['SNR: 10']"
2836-5355-0023_-6,"['SNR: -6']"
6367-74004-0036_-11,"['SNR: -11']"
3440-171009-0004_2,"['SNR: 2']"
7780-274562-0017_1,"['SNR: 1']"
3168-173565-0019_-13,"['SNR: -13']"
5867-48852-0023_9,"['SNR: 9']"
233-134440-0050_-3,"['SNR: -3']"
7264-92316-0025_-5,"['SNR: -5']"
730-358-0042_8,"['SNR: 8']"
8324-286682-0003_4,"['SNR: 4']"
5789-57195-0002_-14,"['SNR: -14']"
1116-137572-0022_-15,"['SNR: -15']"
6531-61334-0120_5,"['SNR: 5']"
1040-133433-0045_-10,"['SNR: -10']"
2002-139469-0041_-14,"['SNR: -14']"
7190-90542-0023_-2,"['SNR: -2']"
250-140277-0005_-4,"['SNR: -4']"
307-127540-0035_-5,"['SNR: -5']"
307-127535-0035_10,"['SNR: 10']"
2843-152918-0033_0,"['SNR: 0']"
1355-39947-0014_10,"['SNR: 10']"
2436-2477-0031_-9,"['SNR: -9']"
3168-173564-0025_-10,"['SNR: -10']"
2391-145015-0047_1,"['SNR: 1']"
4340-15220-0003_-2,"['SNR: -2']"
2182-150130-0022_-14,"['SNR: -14']"
6367-65536-0026_6,"['SNR: 6']"
248-130652-0008_-12,"['SNR: -12']"
1926-143879-0028_-4,"['SNR: -4']"
4160-14187-0010_-6,"['SNR: -6']"
3242-8112-0041_9,"['SNR: 9']"
6272-70191-0034_7,"['SNR: 7']"
6078-54013-0060_1,"['SNR: 1']"
3526-175658-0018_-6,"['SNR: -6']"
302-123516-0004_-15,"['SNR: -15']"
4195-186237-0017_-9,"['SNR: -9']"
6415-100596-0025_-6,"['SNR: -6']"
7402-59171-0006_-1,"['SNR: -1']"
7780-274562-0033_0,"['SNR: 0']"
7367-86737-0080_-6,"['SNR: -6']"
587-54108-0007_-12,"['SNR: -12']"
1034-121119-0017_6,"['SNR: 6']"
8975-270782-0041_5,"['SNR: 5']"
2989-138028-0009_-6,"['SNR: -6']"
7067-76047-0016_-9,"['SNR: -9']"
6848-76049-0008_-9,"['SNR: -9']"
2384-152900-0055_7,"['SNR: 7']"
5339-14134-0023_5,"['SNR: 5']"
1455-138263-0043_-9,"['SNR: -9']"
8098-278278-0029_-3,"['SNR: -3']"
1355-39947-0026_-3,"['SNR: -3']"
4680-16026-0036_0,"['SNR: 0']"
211-122425-0022_-6,"['SNR: -6']"
211-122425-0030_3,"['SNR: 3']"
87-121553-0103_-5,"['SNR: -5']"
1069-133699-0023_-11,"['SNR: -11']"
8630-305213-0017_2,"['SNR: 2']"
8108-274318-0019_-14,"['SNR: -14']"
4853-27670-0036_5,"['SNR: 5']"
248-130652-0005_0,"['SNR: 0']"
83-3054-0012_-1,"['SNR: -1']"
8468-294887-0012_5,"['SNR: 5']"
8238-283452-0036_-1,"['SNR: -1']"
2384-152900-0017_-7,"['SNR: -7']"
8123-275216-0011_-6,"['SNR: -6']"
322-124147-0018_-14,"['SNR: -14']"
6415-100596-0030_-13,"['SNR: -13']"
5393-19219-0025_-3,"['SNR: -3']"
2159-179156-0017_-14,"['SNR: -14']"
60-121082-0037_10,"['SNR: 10']"
3699-175950-0016_1,"['SNR: 1']"
7402-90848-0003_-13,"['SNR: -13']"
6437-66173-0000_-3,"['SNR: -3']"
8226-274371-0038_8,"['SNR: 8']"
211-122442-0050_-2,"['SNR: -2']"
198-126831-0014_-8,"['SNR: -8']"
198-126831-0040_-3,"['SNR: -3']"
3436-172171-0038_-1,"['SNR: -1']"
200-124140-0031_-15,"['SNR: -15']"
8312-279790-0024_-6,"['SNR: -6']"
6019-3185-0032_-2,"['SNR: -2']"
405-130894-0025_0,"['SNR: 0']"
587-41611-0020_9,"['SNR: 9']"
3168-173564-0033_-2,"['SNR: -2']"
87-121553-0042_-3,"['SNR: -3']"
8609-262281-0008_0,"['SNR: 0']"
6147-34605-0008_2,"['SNR: 2']"
1455-134435-0062_-1,"['SNR: -1']"
1069-133709-0048_2,"['SNR: 2']"
3857-180923-0029_-13,"['SNR: -13']"
8098-275181-0000_7,"['SNR: 7']"
3526-176653-0028_-2,"['SNR: -2']"
2817-142380-0036_-1,"['SNR: -1']"
302-123523-0030_10,"['SNR: 10']"
2518-154826-0037_-4,"['SNR: -4']"
8975-270782-0105_0,"['SNR: 0']"
7302-86815-0066_-8,"['SNR: -8']"
1040-133433-0015_-7,"['SNR: -7']"
248-130652-0006_8,"['SNR: 8']"
7190-90542-0081_4,"['SNR: 4']"
3607-29116-0021_-7,"['SNR: -7']"
8014-280382-0011_-11,"['SNR: -11']"
374-180298-0033_-6,"['SNR: -6']"
7447-91187-0061_3,"['SNR: 3']"
3240-131231-0048_2,"['SNR: 2']"
4853-27671-0005_-12,"['SNR: -12']"
8226-274369-0006_-13,"['SNR: -13']"
2989-138028-0015_3,"['SNR: 3']"
4830-25904-0001_-9,"['SNR: -9']"
322-124147-0062_-5,"['SNR: -5']"
5778-54535-0027_9,"['SNR: 9']"
3723-171115-0041_-4,"['SNR: -4']"
2514-149482-0007_-13,"['SNR: -13']"
911-128684-0017_-6,"['SNR: -6']"
8063-274115-0012_4,"['SNR: 4']"
2436-2476-0014_-15,"['SNR: -15']"
8014-112586-0002_-14,"['SNR: -14']"
3982-182255-0010_-14,"['SNR: -14']"
332-128985-0008_4,"['SNR: 4']"
3259-158083-0087_8,"['SNR: 8']"
200-124139-0010_7,"['SNR: 7']"
5750-100289-0042_2,"['SNR: 2']"
39-121916-0025_-2,"['SNR: -2']"
1235-135887-0019_-3,"['SNR: -3']"
5390-24512-0038_1,"['SNR: 1']"
911-128684-0065_-11,"['SNR: -11']"
2007-149877-0036_10,"['SNR: 10']"
5322-7680-0008_-13,"['SNR: -13']"
2836-5354-0034_5,"['SNR: 5']"
8051-118101-0014_-12,"['SNR: -12']"
426-122819-0029_2,"['SNR: 2']"
3112-9555-0086_-9,"['SNR: -9']"
1723-141149-0083_5,"['SNR: 5']"
4406-16882-0028_5,"['SNR: 5']"
3723-171115-0018_-11,"['SNR: -11']"
911-128684-0060_-3,"['SNR: -3']"
307-127540-0025_-11,"['SNR: -11']"
322-124147-0061_1,"['SNR: 1']"
2384-152900-0049_2,"['SNR: 2']"
2391-145015-0122_-6,"['SNR: -6']"
481-123720-0069_-3,"['SNR: -3']"
7780-274562-0061_7,"['SNR: 7']"
446-123502-0028_-1,"['SNR: -1']"
8465-246940-0015_9,"['SNR: 9']"
6367-65536-0042_7,"['SNR: 7']"
302-123516-0008_2,"['SNR: 2']"
89-219-0059_3,"['SNR: 3']"
8051-119902-0037_10,"['SNR: 10']"
7148-82991-0034_-9,"['SNR: -9']"
7302-86815-0044_5,"['SNR: 5']"
4018-107338-0024_8,"['SNR: 8']"
6181-216552-0032_4,"['SNR: 4']"
8747-293952-0029_-6,"['SNR: -6']"
6147-34606-0029_-6,"['SNR: -6']"
8838-298546-0038_-11,"['SNR: -11']"
6385-34655-0011_-7,"['SNR: -7']"
2764-36619-0011_-1,"['SNR: -1']"
6000-55211-0042_-11,"['SNR: -11']"
6476-57446-0015_5,"['SNR: 5']"
1235-135884-0021_1,"['SNR: 1']"
6064-300880-0001_1,"['SNR: 1']"
8975-270782-0084_-1,"['SNR: -1']"
1743-142912-0034_-15,"['SNR: -15']"
5688-41232-0046_-1,"['SNR: -1']"
3486-166424-0032_-14,"['SNR: -14']"
4397-15666-0007_-7,"['SNR: -7']"
118-121721-0020_-8,"['SNR: -8']"
311-124404-0084_-13,"['SNR: -13']"
322-124147-0070_-14,"['SNR: -14']"
328-129766-0052_-7,"['SNR: -7']"
4406-16883-0033_6,"['SNR: 6']"
4640-19189-0003_1,"['SNR: 1']"
2136-5140-0031_2,"['SNR: 2']"
2002-139469-0032_-12,"['SNR: -12']"
8014-112602-0008_-9,"['SNR: -9']"
887-123289-0002_-13,"['SNR: -13']"
4788-94904-0017_-5,"['SNR: -5']"
4898-28461-0010_2,"['SNR: 2']"
460-172359-0036_7,"['SNR: 7']"
1246-124548-0011_-13,"['SNR: -13']"
233-134440-0044_-14,"['SNR: -14']"
1898-145702-0009_3,"['SNR: 3']"
8051-119902-0034_-4,"['SNR: -4']"
909-131041-0023_-7,"['SNR: -7']"
4195-186236-0014_-2,"['SNR: -2']"
298-126790-0035_1,"['SNR: 1']"
5104-33406-0037_10,"['SNR: 10']"
307-127535-0034_-7,"['SNR: -7']"
3436-172171-0058_-3,"['SNR: -3']"
8088-284756-0046_5,"['SNR: 5']"
6880-216547-0106_-1,"['SNR: -1']"
2989-138028-0019_3,"['SNR: 3']"
1743-142912-0003_-5,"['SNR: -5']"
4441-76250-0010_-6,"['SNR: -6']"
4680-16026-0008_0,"['SNR: 0']"
229-130880-0050_-15,"['SNR: -15']"
7794-295955-0027_-14,"['SNR: -14']"
6531-61334-0124_8,"['SNR: 8']"
4362-15663-0080_10,"['SNR: 10']"
2436-2477-0013_-1,"['SNR: -1']"
1263-141777-0037_10,"['SNR: 10']"
60-121082-0063_-14,"['SNR: -14']"
5688-41232-0016_3,"['SNR: 3']"
6000-55211-0025_9,"['SNR: 9']"
7447-91187-0064_-7,"['SNR: -7']"
307-127535-0008_-13,"['SNR: -13']"
1098-133695-0056_-6,"['SNR: -6']"
2384-152900-0036_8,"['SNR: 8']"
332-128985-0065_-8,"['SNR: -8']"
3242-8112-0026_-11,"['SNR: -11']"
5463-39174-0031_-6,"['SNR: -6']"
250-142286-0017_-2,"['SNR: -2']"
446-123501-0016_4,"['SNR: 4']"
6531-61334-0051_-7,"['SNR: -7']"
909-131045-0012_4,"['SNR: 4']"
5163-39921-0001_9,"['SNR: 9']"
1841-179183-0016_-8,"['SNR: -8']"
1992-141719-0018_-2,"['SNR: -2']"
5463-39173-0004_9,"['SNR: 9']"
6147-34605-0005_-10,"['SNR: -10']"
2952-410-0057_-2,"['SNR: -2']"
669-129061-0003_-8,"['SNR: -8']"
7367-86737-0030_6,"['SNR: 6']"
8098-278278-0039_-15,"['SNR: -15']"
3374-298025-0013_1,"['SNR: 1']"
460-172359-0018_-5,"['SNR: -5']"
7278-246956-0002_2,"['SNR: 2']"
1970-28415-0029_-12,"['SNR: -12']"
8770-295465-0010_-5,"['SNR: -5']"
374-180298-0010_5,"['SNR: 5']"
4853-29413-0026_-9,"['SNR: -9']"
8108-280354-0003_-5,"['SNR: -5']"
1263-141777-0038_-6,"['SNR: -6']"
2182-181173-0014_-8,"['SNR: -8']"
7302-86814-0003_-2,"['SNR: -2']"
289-121652-0016_10,"['SNR: 10']"
403-126855-0026_0,"['SNR: 0']"
405-130894-0028_1,"['SNR: 1']"
4137-11702-0025_-7,"['SNR: -7']"
8108-280359-0023_-3,"['SNR: -3']"
8051-118101-0029_5,"['SNR: 5']"
3440-171009-0067_8,"['SNR: 8']"
6272-70168-0004_1,"['SNR: 1']"
8014-112586-0008_-15,"['SNR: -15']"
8797-294123-0093_-13,"['SNR: -13']"
322-124147-0047_-5,"['SNR: -5']"
1088-134315-0023_-12,"['SNR: -12']"
3830-12535-0007_-2,"['SNR: -2']"
4088-158077-0087_-15,"['SNR: -15']"
2911-7601-0037_2,"['SNR: 2']"
587-41619-0022_-14,"['SNR: -14']"
7447-91187-0051_2,"['SNR: 2']"
19-227-0003_-10,"['SNR: -10']"
2893-139322-0043_-11,"['SNR: -11']"
8419-293473-0011_-11,"['SNR: -11']"
83-11691-0023_7,"['SNR: 7']"
328-129766-0084_9,"['SNR: 9']"
125-121342-0005_-12,"['SNR: -12']"
1363-135842-0006_-4,"['SNR: -4']"
6437-66172-0039_4,"['SNR: 4']"
909-131045-0036_-11,"['SNR: -11']"
1963-147036-0022_0,"['SNR: 0']"
3436-172162-0003_5,"['SNR: 5']"
1069-133709-0023_-15,"['SNR: -15']"
3486-166446-0012_6,"['SNR: 6']"
89-219-0019_-10,"['SNR: -10']"
1235-135883-0034_-7,"['SNR: -7']"
2002-139469-0077_10,"['SNR: 10']"
8238-274553-0015_-8,"['SNR: -8']"
8051-295385-0021_9,"['SNR: 9']"
7190-90543-0040_2,"['SNR: 2']"
39-121915-0000_6,"['SNR: 6']"
4680-16026-0038_-5,"['SNR: -5']"
1235-135883-0009_1,"['SNR: 1']"
831-130739-0006_-12,"['SNR: -12']"
211-122442-0057_-9,"['SNR: -9']"
3242-67168-0004_2,"['SNR: 2']"
307-127535-0013_9,"['SNR: 9']"
5463-39173-0034_9,"['SNR: 9']"
311-124404-0058_5,"['SNR: 5']"
2002-139469-0111_-6,"['SNR: -6']"
298-126790-0006_-14,"['SNR: -14']"
2691-156755-0025_8,"['SNR: 8']"
8770-295463-0008_-5,"['SNR: -5']"
5463-39173-0039_-3,"['SNR: -3']"
6385-220959-0038_-2,"['SNR: -2']"
3982-178459-0046_-5,"['SNR: -5']"
8425-292520-0029_-2,"['SNR: -2']"
2289-152257-0013_-13,"['SNR: -13']"
7059-77900-0000_-3,"['SNR: -3']"
4214-7146-0033_-14,"['SNR: -14']"
89-219-0017_6,"['SNR: 6']"
7302-86815-0027_-13,"['SNR: -13']"
3168-173564-0024_7,"['SNR: 7']"
1594-135914-0059_-5,"['SNR: -5']"
5561-39621-0034_1,"['SNR: 1']"
1594-135914-0101_-14,"['SNR: -14']"
7059-77897-0004_-6,"['SNR: -6']"
6367-74004-0022_-9,"['SNR: -9']"
2289-152253-0017_-6,"['SNR: -6']"
40-121026-0020_-8,"['SNR: -8']"
3699-175950-0022_10,"['SNR: 10']"
196-122159-0030_-7,"['SNR: -7']"
3607-135982-0046_-1,"['SNR: -1']"
87-121553-0082_-12,"['SNR: -12']"
5322-7678-0034_7,"['SNR: 7']"
7178-34645-0010_0,"['SNR: 0']"
322-124147-0036_-1,"['SNR: -1']"
4088-158077-0098_9,"['SNR: 9']"
1992-141719-0035_-10,"['SNR: -10']"
87-121553-0018_-2,"['SNR: -2']"
8312-279791-0046_-5,"['SNR: -5']"
7635-105409-0047_-13,"['SNR: -13']"
2952-407-0026_4,"['SNR: 4']"
405-130894-0011_-15,"['SNR: -15']"
7278-246956-0018_2,"['SNR: 2']"
1624-168623-0039_-7,"['SNR: -7']"
40-222-0054_-10,"['SNR: -10']"
1594-135914-0055_9,"['SNR: 9']"
1081-125237-0097_5,"['SNR: 5']"
1578-140045-0009_-5,"['SNR: -5']"
4051-11217-0019_-12,"['SNR: -12']"
4088-158077-0026_-4,"['SNR: -4']"
1363-135842-0028_-9,"['SNR: -9']"
4640-19187-0035_-10,"['SNR: -10']"
6454-107462-0013_-13,"['SNR: -13']"
5049-25947-0007_-14,"['SNR: -14']"
1723-141149-0085_-15,"['SNR: -15']"
412-126975-0004_6,"['SNR: 6']"
8975-270782-0014_-7,"['SNR: -7']"
2182-181173-0001_-2,"['SNR: -2']"
7226-86964-0050_-3,"['SNR: -3']"
4051-11218-0036_-14,"['SNR: -14']"
8580-287364-0026_-8,"['SNR: -8']"
4340-15220-0066_-1,"['SNR: -1']"
6272-70171-0001_6,"['SNR: 6']"
1867-148436-0022_3,"['SNR: 3']"
1502-122619-0029_-14,"['SNR: -14']"
4014-186175-0037_2,"['SNR: 2']"
7278-246956-0030_-5,"['SNR: -5']"
4088-158077-0003_8,"['SNR: 8']"
6848-252322-0000_-11,"['SNR: -11']"
3947-13262-0036_-15,"['SNR: -15']"
8238-283452-0010_-3,"['SNR: -3']"
8098-278278-0021_-13,"['SNR: -13']"
103-1241-0042_8,"['SNR: 8']"
8419-286676-0017_3,"['SNR: 3']"
446-123502-0043_-13,"['SNR: -13']"
1723-141149-0067_-8,"['SNR: -8']"
2002-139469-0073_2,"['SNR: 2']"
7505-258964-0001_2,"['SNR: 2']"
8088-284756-0038_-10,"['SNR: -10']"
311-124404-0007_-8,"['SNR: -8']"
3168-173564-0009_-13,"['SNR: -13']"
3214-167602-0008_1,"['SNR: 1']"
4830-25898-0051_5,"['SNR: 5']"
4640-19188-0021_-14,"['SNR: -14']"
1992-141719-0004_-10,"['SNR: -10']"
6181-216552-0009_-1,"['SNR: -1']"
4397-15666-0004_-1,"['SNR: -1']"
1723-141149-0111_-6,"['SNR: -6']"
5339-14133-0022_-3,"['SNR: -3']"
1363-135842-0050_-4,"['SNR: -4']"
5456-24741-0007_-11,"['SNR: -11']"
83-11691-0013_-7,"['SNR: -7']"
5652-19215-0060_7,"['SNR: 7']"
1098-133695-0025_7,"['SNR: 7']"
1246-124550-0004_-12,"['SNR: -12']"
248-130697-0026_-1,"['SNR: -1']"
7226-86965-0008_-6,"['SNR: -6']"
2289-152258-0020_10,"['SNR: 10']"
6000-86686-0022_-14,"['SNR: -14']"
40-222-0055_7,"['SNR: 7']"
5192-19397-0043_0,"['SNR: 0']"
6818-76332-0018_-1,"['SNR: -1']"
2843-152918-0114_-14,"['SNR: -14']"
6818-68772-0026_-12,"['SNR: -12']"
4297-13009-0043_9,"['SNR: 9']"
4362-15663-0072_4,"['SNR: 4']"
3235-28452-0001_10,"['SNR: 10']"
4853-29413-0015_-9,"['SNR: -9']"
2196-174172-0024_-4,"['SNR: -4']"
3168-173564-0028_3,"['SNR: 3']"
83-9960-0028_-11,"['SNR: -11']"
2817-142380-0030_-9,"['SNR: -9']"
1183-128659-0013_7,"['SNR: 7']"
3982-178459-0065_-12,"['SNR: -12']"
8629-261140-0050_-3,"['SNR: -3']"
839-130898-0016_-4,"['SNR: -4']"
3486-166424-0012_-14,"['SNR: -14']"
3242-8112-0021_-1,"['SNR: -1']"
4014-186176-0014_10,"['SNR: 10']"
2518-154825-0026_0,"['SNR: 0']"
2764-36616-0018_2,"['SNR: 2']"
7511-102419-0053_-1,"['SNR: -1']"
5322-7679-0009_-12,"['SNR: -12']"
5456-58161-0005_5,"['SNR: 5']"
3723-171631-0053_-1,"['SNR: -1']"
7505-258964-0015_7,"['SNR: 7']"
8747-293952-0008_8,"['SNR: 8']"
8629-261139-0074_-1,"['SNR: -1']"
5789-70653-0023_3,"['SNR: 3']"
4441-76250-0026_-1,"['SNR: -1']"
5678-43302-0010_-12,"['SNR: -12']"
6529-62556-0014_4,"['SNR: 4']"
7078-271888-0027_2,"['SNR: 2']"
2989-138028-0068_-10,"['SNR: -10']"
374-180299-0029_-12,"['SNR: -12']"
5514-19193-0026_9,"['SNR: 9']"
5778-54535-0045_7,"['SNR: 7']"
8630-305212-0023_-4,"['SNR: -4']"
6415-116629-0032_-10,"['SNR: -10']"
198-129977-0012_-13,"['SNR: -13']"
1867-148436-0013_-5,"['SNR: -5']"
8580-287364-0047_-6,"['SNR: -6']"
4214-7146-0063_0,"['SNR: 0']"
4214-7146-0032_-15,"['SNR: -15']"
3857-182315-0042_-6,"['SNR: -6']"
6529-62556-0029_-8,"['SNR: -8']"
4481-17499-0026_5,"['SNR: 5']"
39-121916-0024_-11,"['SNR: -11']"
3723-171631-0017_2,"['SNR: 2']"
1963-142776-0032_8,"['SNR: 8']"
5778-54535-0021_2,"['SNR: 2']"
5778-54535-0020_-10,"['SNR: -10']"
8088-284756-0078_1,"['SNR: 1']"
5561-41615-0033_9,"['SNR: 9']"
27-124992-0025_6,"['SNR: 6']"
5678-43302-0023_7,"['SNR: 7']"
7517-100429-0005_4,"['SNR: 4']"
831-130746-0059_-8,"['SNR: -8']"
1594-135914-0011_9,"['SNR: 9']"
2391-145015-0000_5,"['SNR: 5']"
7059-77900-0016_-10,"['SNR: -10']"
211-122442-0004_-4,"['SNR: -4']"
307-127539-0041_-10,"['SNR: -10']"
5390-24512-0028_-7,"['SNR: -7']"
8465-246947-0012_-2,"['SNR: -2']"
1069-133699-0040_-12,"['SNR: -12']"
7302-86815-0047_9,"['SNR: 9']"
696-92939-0007_-2,"['SNR: -2']"
4830-25898-0019_-14,"['SNR: -14']"
6147-34606-0001_-11,"['SNR: -11']"
233-155990-0035_-5,"['SNR: -5']"
4680-16041-0023_-3,"['SNR: -3']"
322-124147-0069_-8,"['SNR: -8']"
1867-154075-0007_9,"['SNR: 9']"
2843-152918-0009_7,"['SNR: 7']"
3214-167606-0025_-2,"['SNR: -2']"
3168-173565-0057_7,"['SNR: 7']"
3723-171631-0029_-13,"['SNR: -13']"
2002-139469-0096_-11,"['SNR: -11']"
3440-171006-0011_-7,"['SNR: -7']"
3240-131231-0044_-11,"['SNR: -11']"
4267-287369-0021_-1,"['SNR: -1']"
1455-134435-0025_-8,"['SNR: -8']"
5678-43302-0038_-12,"['SNR: -12']"
6078-54013-0003_-2,"['SNR: -2']"
2952-408-0019_-6,"['SNR: -6']"
4813-248641-0015_6,"['SNR: 6']"
8419-286667-0016_-12,"['SNR: -12']"
6454-107462-0020_-10,"['SNR: -10']"
4853-29413-0001_-9,"['SNR: -9']"
5514-19192-0039_-4,"['SNR: -4']"
5867-48852-0087_-1,"['SNR: -1']"
5393-19218-0038_2,"['SNR: 2']"
3526-176651-0017_3,"['SNR: 3']"
1355-39947-0001_-13,"['SNR: -13']"
4481-17498-0008_0,"['SNR: 0']"
1334-135589-0089_-13,"['SNR: -13']"
4859-29340-0028_8,"['SNR: 8']"
405-130894-0062_-4,"['SNR: -4']"
307-127535-0005_-9,"['SNR: -9']"
198-209-0038_8,"['SNR: 8']"
3436-172162-0043_3,"['SNR: 3']"
8629-261140-0032_-13,"['SNR: -13']"
2893-139322-0003_-15,"['SNR: -15']"
7113-86041-0032_3,"['SNR: 3']"
211-122442-0082_-1,"['SNR: -1']"
1898-145720-0000_4,"['SNR: 4']"
7517-100442-0027_-3,"['SNR: -3']"
250-142276-0015_0,"['SNR: 0']"
229-130880-0056_5,"['SNR: 5']"
3486-166446-0022_-3,"['SNR: -3']"
1723-141149-0016_7,"['SNR: 7']"
307-127540-0014_-9,"['SNR: -9']"
1926-143879-0026_-15,"['SNR: -15']"
3440-171006-0014_6,"['SNR: 6']"
254-12312-0010_-2,"['SNR: -2']"
7078-271888-0005_7,"['SNR: 7']"
3982-178459-0015_-8,"['SNR: -8']"
3214-167602-0015_4,"['SNR: 4']"
5808-48608-0025_-3,"['SNR: -3']"
233-155990-0002_-3,"['SNR: -3']"
8975-270782-0081_-11,"['SNR: -11']"
307-127540-0003_-3,"['SNR: -3']"
1355-39947-0027_-6,"['SNR: -6']"
8468-294887-0014_-8,"['SNR: -8']"
26-495-0047_-8,"['SNR: -8']"
2843-152918-0098_-7,"['SNR: -7']"
1183-124566-0003_-4,"['SNR: -4']"
7178-34644-0029_-13,"['SNR: -13']"
669-129061-0009_-15,"['SNR: -15']"
7190-90542-0017_-5,"['SNR: -5']"
5652-39938-0052_4,"['SNR: 4']"
8098-278278-0040_-12,"['SNR: -12']"
426-122821-0009_-10,"['SNR: -10']"
2436-2476-0009_-4,"['SNR: -4']"
669-129061-0007_7,"['SNR: 7']"
3983-5371-0027_3,"['SNR: 3']"
1246-124548-0009_-14,"['SNR: -14']"
2159-179154-0006_-12,"['SNR: -12']"
163-122947-0023_1,"['SNR: 1']"
2182-181173-0029_-3,"['SNR: -3']"
8838-298546-0043_-5,"['SNR: -5']"
3664-178355-0006_2,"['SNR: 2']"
5339-14133-0025_-9,"['SNR: -9']"
2843-152918-0026_-1,"['SNR: -1']"
2289-152258-0005_-7,"['SNR: -7']"
89-219-0060_1,"['SNR: 1']"
2092-145706-0023_-8,"['SNR: -8']"
163-122947-0032_6,"['SNR: 6']"
8629-261139-0053_-12,"['SNR: -12']"
2691-156755-0034_1,"['SNR: 1']"
6818-68772-0005_6,"['SNR: 6']"
4640-19189-0012_-4,"['SNR: -4']"
8629-261139-0047_-12,"['SNR: -12']"
8629-261139-0055_-7,"['SNR: -7']"
3857-182315-0000_1,"['SNR: 1']"
403-128339-0039_3,"['SNR: 3']"
1723-141149-0100_-9,"['SNR: -9']"
5163-18515-0043_-4,"['SNR: -4']"
5561-39621-0015_-1,"['SNR: -1']"
1963-147036-0002_-11,"['SNR: -11']"
1898-145724-0019_-13,"['SNR: -13']"
374-180298-0020_-14,"['SNR: -14']"
1455-134435-0003_8,"['SNR: 8']"
911-128684-0073_-1,"['SNR: -1']"
4813-248641-0025_4,"['SNR: 4']"
6064-56168-0007_-15,"['SNR: -15']"
403-126855-0007_8,"['SNR: 8']"
328-129766-0049_-7,"['SNR: -7']"
248-130652-0007_6,"['SNR: 6']"
233-134440-0041_2,"['SNR: 2']"
2416-152139-0056_-4,"['SNR: -4']"
5808-48608-0041_-12,"['SNR: -12']"
3112-9555-0024_5,"['SNR: 5']"
1723-141149-0031_1,"['SNR: 1']"
696-92939-0010_0,"['SNR: 0']"
2196-174172-0040_9,"['SNR: 9']"
4195-17507-0042_-10,"['SNR: -10']"
6081-41998-0025_-3,"['SNR: -3']"
254-127705-0007_-1,"['SNR: -1']"
5561-39621-0007_0,"['SNR: 0']"
118-47824-0028_2,"['SNR: 2']"
2817-142371-0034_10,"['SNR: 10']"
4441-76250-0013_4,"['SNR: 4']"
8747-293952-0103_-8,"['SNR: -8']"
4859-26870-0013_-4,"['SNR: -4']"
1447-130550-0011_-9,"['SNR: -9']"
19-227-0046_-10,"['SNR: -10']"
4680-16026-0029_7,"['SNR: 7']"
6848-76049-0024_5,"['SNR: 5']"
6925-80680-0044_-1,"['SNR: -1']"
118-47824-0053_-14,"['SNR: -14']"
8238-274553-0002_7,"['SNR: 7']"
2764-36619-0002_6,"['SNR: 6']"
311-124404-0059_10,"['SNR: 10']"
2836-5355-0051_-1,"['SNR: -1']"
125-121342-0014_-7,"['SNR: -7']"
298-126791-0011_10,"['SNR: 10']"
2691-156750-0015_-13,"['SNR: -13']"
6147-34605-0022_8,"['SNR: 8']"
226-131533-0033_-8,"['SNR: -8']"
2182-181173-0030_2,"['SNR: 2']"
3168-173565-0055_9,"['SNR: 9']"
3436-172171-0048_9,"['SNR: 9']"
445-123860-0019_-10,"['SNR: -10']"
1034-121119-0061_1,"['SNR: 1']"
5104-33407-0020_5,"['SNR: 5']"
118-47824-0003_-14,"['SNR: -14']"
8747-293952-0084_-9,"['SNR: -9']"
8238-274553-0010_-7,"['SNR: -7']"
8324-286683-0000_-1,"['SNR: -1']"
2196-170151-0008_6,"['SNR: 6']"
3240-131232-0034_8,"['SNR: 8']"
1502-122619-0041_-13,"['SNR: -13']"
4788-94904-0037_-13,"['SNR: -13']"
8468-286673-0006_-14,"['SNR: -14']"
332-128985-0021_-15,"['SNR: -15']"
458-126290-0003_8,"['SNR: 8']"
8838-298546-0018_-10,"['SNR: -10']"
1963-142776-0012_2,"['SNR: 2']"
5750-100289-0036_-11,"['SNR: -11']"
4214-7146-0047_-3,"['SNR: -3']"
1841-159771-0006_7,"['SNR: 7']"
7635-105661-0036_9,"['SNR: 9']"
8425-287387-0011_9,"['SNR: 9']"
6836-61803-0024_-10,"['SNR: -10']"
1737-148989-0018_-7,"['SNR: -7']"
8108-280359-0024_-3,"['SNR: -3']"
3879-174923-0004_-14,"['SNR: -14']"
1743-142913-0018_-5,"['SNR: -5']"
27-124992-0042_9,"['SNR: 9']"
8063-274112-0034_-14,"['SNR: -14']"
8747-293952-0010_7,"['SNR: 7']"
4297-13006-0005_-2,"['SNR: -2']"
2002-139469-0088_-1,"['SNR: -1']"
6437-66173-0055_-3,"['SNR: -3']"
1040-133433-0022_-13,"['SNR: -13']"
211-122442-0065_-6,"['SNR: -6']"
5561-41615-0048_0,"['SNR: 0']"
6437-66173-0007_9,"['SNR: 9']"
26-495-0053_2,"['SNR: 2']"
4195-186237-0016_-1,"['SNR: -1']"
7780-274562-0102_3,"['SNR: 3']"
2518-154825-0016_-9,"['SNR: -9']"
4137-11701-0001_-12,"['SNR: -12']"
7635-105661-0027_-9,"['SNR: -9']"
229-130880-0048_-7,"['SNR: -7']"
196-122152-0026_8,"['SNR: 8']"
2289-152254-0001_-1,"['SNR: -1']"
103-1241-0039_3,"['SNR: 3']"
328-129766-0048_0,"['SNR: 0']"
3235-28452-0017_4,"['SNR: 4']"
6476-57446-0052_4,"['SNR: 4']"
83-9960-0012_-9,"['SNR: -9']"
163-122947-0072_9,"['SNR: 9']"
839-130898-0091_-13,"['SNR: -13']"
5561-39621-0035_-13,"['SNR: -13']"
696-93314-0056_-9,"['SNR: -9']"
3830-12531-0020_-2,"['SNR: -2']"
4406-16882-0033_-6,"['SNR: -6']"
4481-17498-0006_2,"['SNR: 2']"
27-124992-0009_-2,"['SNR: -2']"
7226-86965-0047_-8,"['SNR: -8']"
1594-135914-0012_-4,"['SNR: -4']"
481-123719-0036_-13,"['SNR: -13']"
4898-20016-0028_5,"['SNR: 5']"
7178-34644-0038_-14,"['SNR: -14']"
2007-132570-0016_-15,"['SNR: -15']"
1334-135589-0031_3,"['SNR: 3']"
831-130739-0057_6,"['SNR: 6']"
8051-295385-0010_-13,"['SNR: -13']"
1737-148989-0003_0,"['SNR: 0']"
6836-61804-0019_-5,"['SNR: -5']"
5322-7678-0001_-8,"['SNR: -8']"
8095-274345-0013_-8,"['SNR: -8']"
426-122821-0004_-5,"['SNR: -5']"
6454-120342-0016_-10,"['SNR: -10']"
125-121342-0001_-3,"['SNR: -3']"
4406-16882-0025_-4,"['SNR: -4']"
311-124404-0114_5,"['SNR: 5']"
4859-29340-0021_-3,"['SNR: -3']"
6563-285357-0040_-11,"['SNR: -11']"
3168-173565-0009_7,"['SNR: 7']"
1246-124548-0027_9,"['SNR: 9']"
229-130880-0009_-3,"['SNR: -3']"
3214-167607-0003_-14,"['SNR: -14']"
7505-83618-0017_6,"['SNR: 6']"
125-121124-0041_-11,"['SNR: -11']"
39-121916-0026_5,"['SNR: 5']"
8123-275209-0005_2,"['SNR: 2']"
1553-140048-0046_-9,"['SNR: -9']"
2910-131096-0054_6,"['SNR: 6']"
446-123501-0033_-3,"['SNR: -3']"
7178-34644-0018_-13,"['SNR: -13']"
1183-128659-0012_4,"['SNR: 4']"
7635-105409-0020_10,"['SNR: 10']"
7367-86737-0058_-12,"['SNR: -12']"
2196-170379-0021_-12,"['SNR: -12']"
3982-182255-0020_6,"['SNR: 6']"
587-54108-0003_-3,"['SNR: -3']"
1737-148989-0027_-14,"['SNR: -14']"
7113-86041-0092_-5,"['SNR: -5']"
2136-5147-0027_-4,"['SNR: -4']"
3723-171631-0052_1,"['SNR: 1']"
1098-133695-0042_-10,"['SNR: -10']"
289-121665-0020_3,"['SNR: 3']"
887-123290-0011_8,"['SNR: 8']"
4788-294466-0005_1,"['SNR: 1']"
7178-34644-0002_9,"['SNR: 9']"
26-495-0083_-10,"['SNR: -10']"
6147-34605-0032_-1,"['SNR: -1']"
289-121652-0002_-10,"['SNR: -10']"
2843-152918-0063_-1,"['SNR: -1']"
4830-25898-0006_5,"['SNR: 5']"
4640-19187-0041_-9,"['SNR: -9']"
374-180298-0036_8,"['SNR: 8']"
4397-15678-0006_5,"['SNR: 5']"
6880-216547-0026_7,"['SNR: 7']"
6078-54013-0076_10,"['SNR: 10']"
4051-11217-0041_-3,"['SNR: -3']"
3112-9555-0065_-9,"['SNR: -9']"
2136-5147-0037_9,"['SNR: 9']"
2007-149877-0011_-13,"['SNR: -13']"
5393-19218-0032_-6,"['SNR: -6']"
150-126112-0008_-4,"['SNR: -4']"
6563-63821-0032_-1,"['SNR: -1']"
5750-100289-0048_5,"['SNR: 5']"
2196-170379-0033_-1,"['SNR: -1']"
6848-252322-0030_10,"['SNR: 10']"
307-127539-0001_3,"['SNR: 3']"
1098-133695-0020_-6,"['SNR: -6']"
7264-92316-0011_-3,"['SNR: -3']"
5393-19219-0011_1,"['SNR: 1']"
4813-248638-0055_6,"['SNR: 6']"
3168-173565-0001_-3,"['SNR: -3']"
6836-61803-0037_6,"['SNR: 6']"
5652-39938-0002_7,"['SNR: 7']"
2691-156755-0011_7,"['SNR: 7']"
8975-270782-0042_-3,"['SNR: -3']"
8609-262281-0033_-10,"['SNR: -10']"
3242-67153-0010_-3,"['SNR: -3']"
4859-29340-0022_-7,"['SNR: -7']"
8324-286683-0024_8,"['SNR: 8']"
4481-17498-0020_8,"['SNR: 8']"
4160-11550-0016_2,"['SNR: 2']"
8123-275216-0040_3,"['SNR: 3']"
3440-171009-0019_0,"['SNR: 0']"
3607-135982-0033_-12,"['SNR: -12']"
1069-133709-0044_-8,"['SNR: -8']"
5789-70653-0009_0,"['SNR: 0']"
1594-135914-0051_9,"['SNR: 9']"
7859-102521-0004_10,"['SNR: 10']"
298-126790-0022_-5,"['SNR: -5']"
26-495-0019_4,"['SNR: 4']"
3664-178355-0025_0,"['SNR: 0']"
5678-43303-0017_-12,"['SNR: -12']"
1355-39947-0033_-6,"['SNR: -6']"
27-124992-0077_10,"['SNR: 10']"
4898-28461-0044_2,"['SNR: 2']"
7402-90848-0057_-14,"['SNR: -14']"
3374-298026-0042_6,"['SNR: 6']"
8580-287363-0003_-1,"['SNR: -1']"
1624-142933-0044_-12,"['SNR: -12']"
4441-76250-0031_-3,"['SNR: -3']"
1502-122619-0064_-15,"['SNR: -15']"
1963-142393-0022_-1,"['SNR: -1']"
78-368-0038_6,"['SNR: 6']"
2436-2481-0034_5,"['SNR: 5']"
460-172359-0033_10,"['SNR: 10']"
6880-216547-0065_10,"['SNR: 10']"
587-54108-0025_-6,"['SNR: -6']"
4441-76263-0016_-11,"['SNR: -11']"
8629-261140-0001_-6,"['SNR: -6']"
8108-280354-0015_0,"['SNR: 0']"
1081-128618-0004_-15,"['SNR: -15']"
2436-2481-0020_-11,"['SNR: -11']"
150-126107-0037_10,"['SNR: 10']"
2159-179157-0023_-13,"['SNR: -13']"
150-126112-0030_-11,"['SNR: -11']"
2391-145015-0054_-11,"['SNR: -11']"
3607-135982-0051_-13,"['SNR: -13']"
2893-139310-0020_-4,"['SNR: -4']"
4481-17499-0030_10,"['SNR: 10']"
2159-179157-0017_0,"['SNR: 0']"
4297-13006-0013_-2,"['SNR: -2']"
5678-43303-0011_-6,"['SNR: -6']"
2007-149877-0025_5,"['SNR: 5']"
5456-24741-0011_-10,"['SNR: -10']"
26-496-0019_-8,"['SNR: -8']"
6367-65536-0016_5,"['SNR: 5']"
5322-7680-0010_-13,"['SNR: -13']"
6476-96661-0008_9,"['SNR: 9']"
3723-171115-0042_-12,"['SNR: -12']"
1502-122615-0027_-10,"['SNR: -10']"
4680-16041-0012_1,"['SNR: 1']"
7278-91083-0020_-8,"['SNR: -8']"
229-130880-0057_10,"['SNR: 10']"
78-369-0010_-14,"['SNR: -14']"
2989-138028-0024_-7,"['SNR: -7']"
6415-100596-0013_-4,"['SNR: -4']"
211-122442-0016_10,"['SNR: 10']"
6531-61334-0016_-5,"['SNR: -5']"
32-4137-0006_-2,"['SNR: -2']"
445-123857-0025_0,"['SNR: 0']"
4362-15663-0024_0,"['SNR: 0']"
1898-145724-0017_4,"['SNR: 4']"
4859-29340-0023_10,"['SNR: 10']"
7264-92316-0002_-15,"['SNR: -15']"
5322-7679-0025_-7,"['SNR: -7']"
1624-168623-0033_-5,"['SNR: -5']"
1334-135589-0068_3,"['SNR: 3']"
78-368-0001_-1,"['SNR: -1']"
446-123501-0014_-14,"['SNR: -14']"
2764-36619-0039_-8,"['SNR: -8']"
4137-11702-0054_7,"['SNR: 7']"
441-128982-0029_-13,"['SNR: -13']"
5390-30102-0006_5,"['SNR: 5']"
8324-286683-0030_4,"['SNR: 4']"
6437-66172-0001_0,"['SNR: 0']"
2764-36617-0005_-10,"['SNR: -10']"
2289-152258-0010_-14,"['SNR: -14']"
6880-216547-0078_7,"['SNR: 7']"
7794-295947-0008_3,"['SNR: 3']"
8123-275209-0026_-4,"['SNR: -4']"
8226-274371-0040_-9,"['SNR: -9']"
6818-76332-0042_7,"['SNR: 7']"
1970-26100-0009_7,"['SNR: 7']"
7059-77897-0031_8,"['SNR: 8']"
5867-48852-0030_-1,"['SNR: -1']"
1898-145720-0003_-4,"['SNR: -4']"
2910-131096-0043_-10,"['SNR: -10']"
150-126107-0034_1,"['SNR: 1']"
8629-261140-0044_-6,"['SNR: -6']"
3807-4923-0035_-7,"['SNR: -7']"
2384-152900-0089_-3,"['SNR: -3']"
1841-179183-0028_3,"['SNR: 3']"
6272-70191-0028_1,"['SNR: 1']"
26-495-0045_-8,"['SNR: -8']"
4788-94904-0008_-3,"['SNR: -3']"
4853-27670-0004_10,"['SNR: 10']"
4898-28461-0033_5,"['SNR: 5']"
6019-3185-0063_-6,"['SNR: -6']"
669-129061-0005_-11,"['SNR: -11']"
4014-186176-0036_-14,"['SNR: -14']"
3723-171631-0025_-7,"['SNR: -7']"
6019-3185-0067_9,"['SNR: 9']"
911-128684-0046_-9,"['SNR: -9']"
7059-77897-0010_9,"['SNR: 9']"
3879-174923-0015_-3,"['SNR: -3']"
7302-86814-0013_-2,"['SNR: -2']"
198-209-0027_0,"['SNR: 0']"
3240-131231-0076_-15,"['SNR: -15']"
405-130894-0020_-13,"['SNR: -13']"
7302-86814-0005_4,"['SNR: 4']"
8063-274116-0012_-6,"['SNR: -6']"
3807-4955-0015_3,"['SNR: 3']"
5678-43302-0000_-12,"['SNR: -12']"
39-121916-0000_-2,"['SNR: -2']"
78-369-0052_0,"['SNR: 0']"
1723-141149-0110_-8,"['SNR: -8']"
5339-14134-0019_-5,"['SNR: -5']"
3240-131231-0049_-8,"['SNR: -8']"
2518-154826-0020_-10,"['SNR: -10']"
2952-410-0060_-10,"['SNR: -10']"
250-142276-0057_-11,"['SNR: -11']"
4406-16882-0002_9,"['SNR: 9']"
1246-124548-0010_0,"['SNR: 0']"
3526-175658-0027_3,"['SNR: 3']"
6563-285357-0032_8,"['SNR: 8']"
3699-175950-0006_-11,"['SNR: -11']"
5514-19192-0019_-10,"['SNR: -10']"
8629-261140-0029_-12,"['SNR: -12']"
2836-5355-0004_1,"['SNR: 1']"
445-123857-0017_-12,"['SNR: -12']"
1502-122619-0095_-2,"['SNR: -2']"
4859-26870-0000_3,"['SNR: 3']"
8770-295462-0006_-10,"['SNR: -10']"
1992-141719-0016_-10,"['SNR: -10']"
2182-150130-0010_-10,"['SNR: -10']"
7302-86814-0049_-15,"['SNR: -15']"
5778-12761-0011_-14,"['SNR: -14']"
8226-274371-0019_7,"['SNR: 7']"
1455-138263-0023_1,"['SNR: 1']"
8975-270782-0003_5,"['SNR: 5']"
831-130739-0021_-4,"['SNR: -4']"
669-129061-0027_5,"['SNR: 5']"
2092-145706-0006_8,"['SNR: 8']"
229-130880-0053_6,"['SNR: 6']"
1034-121119-0073_6,"['SNR: 6']"
909-131044-0009_5,"['SNR: 5']"
1235-135887-0016_-1,"['SNR: -1']"
441-128982-0024_-9,"['SNR: -9']"
8838-298545-0035_4,"['SNR: 4']"
8051-119902-0036_-14,"['SNR: -14']"
7511-102419-0041_3,"['SNR: 3']"
1743-142912-0029_-10,"['SNR: -10']"
1926-143879-0016_9,"['SNR: 9']"
5022-29405-0014_10,"['SNR: 10']"
1898-145724-0030_-15,"['SNR: -15']"
2911-7601-0003_-5,"['SNR: -5']"
2159-179154-0037_-11,"['SNR: -11']"
4362-15663-0064_-6,"['SNR: -6']"
8088-284756-0069_-11,"['SNR: -11']"
8238-274553-0016_-9,"['SNR: -9']"
311-124404-0075_5,"['SNR: 5']"
4014-186175-0000_-2,"['SNR: -2']"
26-495-0073_-1,"['SNR: -1']"
6000-55211-0018_-3,"['SNR: -3']"
2391-145015-0031_-5,"['SNR: -5']"
2007-132570-0022_-14,"['SNR: -14']"
4267-287369-0023_-11,"['SNR: -11']"
3879-173592-0026_-15,"['SNR: -15']"
150-132655-0030_-5,"['SNR: -5']"
6078-54013-0010_-15,"['SNR: -15']"
4267-78186-0025_-15,"['SNR: -15']"
201-127786-0030_4,"['SNR: 4']"
8630-305213-0051_4,"['SNR: 4']"
3112-9555-0054_6,"['SNR: 6']"
1081-128618-0007_-7,"['SNR: -7']"
1116-132847-0018_1,"['SNR: 1']"
7367-86737-0004_3,"['SNR: 3']"
5678-43302-0037_4,"['SNR: 4']"
7067-76048-0054_-11,"['SNR: -11']"
6209-34600-0002_4,"['SNR: 4']"
7859-102518-0013_5,"['SNR: 5']"
8770-295465-0012_-9,"['SNR: -9']"
6836-61804-0010_-3,"['SNR: -3']"
4195-186236-0006_-9,"['SNR: -9']"
4397-15678-0034_10,"['SNR: 10']"
7800-283492-0030_-13,"['SNR: -13']"
3168-173565-0037_-8,"['SNR: -8']"
7078-271888-0014_-5,"['SNR: -5']"
8238-274553-0012_9,"['SNR: 9']"
201-127786-0058_-7,"['SNR: -7']"
6880-216547-0017_6,"['SNR: 6']"
1867-148436-0042_3,"['SNR: 3']"
4088-158077-0068_8,"['SNR: 8']"
3112-9555-0027_10,"['SNR: 10']"
1040-133433-0010_0,"['SNR: 0']"
1263-138246-0033_-5,"['SNR: -5']"
8629-261139-0019_-2,"['SNR: -2']"
298-126791-0063_0,"['SNR: 0']"
1992-141719-0009_-4,"['SNR: -4']"
8609-283227-0046_-15,"['SNR: -15']"
2893-139310-0008_-1,"['SNR: -1']"
7278-246956-0003_-13,"['SNR: -13']"
6415-111615-0038_0,"['SNR: 0']"
26-495-0013_-7,"['SNR: -7']"
412-126975-0036_-4,"['SNR: -4']"
6209-34599-0016_2,"['SNR: 2']"
2159-179156-0025_-2,"['SNR: -2']"
6476-57446-0004_9,"['SNR: 9']"
4830-25898-0017_-9,"['SNR: -9']"
8609-262281-0041_1,"['SNR: 1']"
4137-11701-0003_-9,"['SNR: -9']"
6064-56165-0007_-4,"['SNR: -4']"
6147-34606-0023_-5,"['SNR: -5']"
6081-41998-0011_8,"['SNR: 8']"
8425-292520-0010_10,"['SNR: 10']"
8088-284756-0108_-1,"['SNR: -1']"
7780-274562-0001_-11,"['SNR: -11']"
8063-274115-0005_-14,"['SNR: -14']"
298-126791-0040_-7,"['SNR: -7']"
2007-149877-0032_-13,"['SNR: -13']"
5393-19218-0033_5,"['SNR: 5']"
311-124404-0108_-5,"['SNR: -5']"
6818-76332-0036_-11,"['SNR: -11']"
4680-16041-0022_0,"['SNR: 0']"
7113-86041-0043_-7,"['SNR: -7']"
7367-86737-0026_7,"['SNR: 7']"
1183-133256-0017_5,"['SNR: 5']"
2514-149482-0096_-11,"['SNR: -11']"
4297-13009-0046_1,"['SNR: 1']"
8098-275181-0027_2,"['SNR: 2']"
730-359-0016_-9,"['SNR: -9']"
2002-139469-0048_-13,"['SNR: -13']"
8226-274369-0007_-8,"['SNR: -8']"
2843-152918-0012_-4,"['SNR: -4']"
8108-280359-0000_2,"['SNR: 2']"
8014-280382-0010_-7,"['SNR: -7']"
6385-220959-0009_-7,"['SNR: -7']"
7517-100442-0034_8,"['SNR: 8']"
6272-70191-0035_5,"['SNR: 5']"
7800-283492-0019_-3,"['SNR: -3']"
696-93314-0015_-5,"['SNR: -5']"
2836-5355-0033_9,"['SNR: 9']"
458-126294-0001_2,"['SNR: 2']"
2007-132570-0021_3,"['SNR: 3']"
4680-16026-0022_-3,"['SNR: -3']"
8098-278252-0000_-2,"['SNR: -2']"
7635-105409-0048_4,"['SNR: 4']"
8770-295465-0027_-7,"['SNR: -7']"
1081-125237-0055_7,"['SNR: 7']"
32-4137-0049_-1,"['SNR: -1']"
6531-61334-0131_3,"['SNR: 3']"
2514-149482-0053_-3,"['SNR: -3']"
2893-139310-0010_8,"['SNR: 8']"
3259-158083-0115_10,"['SNR: 10']"
201-127786-0070_5,"['SNR: 5']"
1088-129236-0028_-3,"['SNR: -3']"
332-128985-0079_-5,"['SNR: -5']"
2416-152139-0024_-5,"['SNR: -5']"
7264-92310-0001_-10,"['SNR: -10']"
4267-72637-0032_1,"['SNR: 1']"
307-127540-0011_-3,"['SNR: -3']"
441-130108-0025_-9,"['SNR: -9']"
6367-65536-0058_-3,"['SNR: -3']"
6081-42010-0005_-6,"['SNR: -6']"
332-128985-0032_-13,"['SNR: -13']"
4441-76263-0006_9,"['SNR: 9']"
4813-248641-0009_-15,"['SNR: -15']"
289-121652-0006_-4,"['SNR: -4']"
5163-18515-0038_1,"['SNR: 1']"
8095-274348-0001_-11,"['SNR: -11']"
7113-86041-0082_9,"['SNR: 9']"
4859-26870-0015_10,"['SNR: 10']"
1841-150351-0000_-1,"['SNR: -1']"
374-180299-0038_0,"['SNR: 0']"
481-123719-0007_-11,"['SNR: -11']"
4397-15666-0015_0,"['SNR: 0']"
4195-17507-0039_-7,"['SNR: -7']"
8063-274112-0040_-12,"['SNR: -12']"
5339-14133-0013_-11,"['SNR: -11']"
6064-56168-0015_6,"['SNR: 6']"
3982-178459-0018_1,"['SNR: 1']"
201-127786-0053_-8,"['SNR: -8']"
1116-132851-0025_-10,"['SNR: -10']"
8051-118101-0000_9,"['SNR: 9']"
8838-298546-0021_-1,"['SNR: -1']"
200-126784-0022_3,"['SNR: 3']"
311-124404-0040_-8,"['SNR: -8']"
302-123504-0015_9,"['SNR: 9']"
8098-278278-0009_-3,"['SNR: -3']"
5778-54535-0010_3,"['SNR: 3']"
669-129074-0023_-2,"['SNR: -2']"
4014-186183-0006_-8,"['SNR: -8']"
2911-12359-0017_-3,"['SNR: -3']"
5390-30102-0030_7,"['SNR: 7']"
332-128985-0055_0,"['SNR: 0']"
4680-16042-0023_-3,"['SNR: -3']"
4640-19188-0005_-10,"['SNR: -10']"
1263-139804-0017_1,"['SNR: 1']"
4297-13006-0001_-8,"['SNR: -8']"
150-126107-0009_-14,"['SNR: -14']"
4680-16042-0011_7,"['SNR: 7']"
4680-16041-0004_8,"['SNR: 8']"
5867-48852-0065_-14,"['SNR: -14']"
103-1241-0024_1,"['SNR: 1']"
4160-11549-0018_3,"['SNR: 3']"
4680-16042-0013_-15,"['SNR: -15']"
1723-141149-0094_-12,"['SNR: -12']"
7511-102420-0045_-1,"['SNR: -1']"
1898-145702-0016_-11,"['SNR: -11']"
5652-19215-0021_1,"['SNR: 1']"
83-9960-0003_0,"['SNR: 0']"
8425-292520-0007_-12,"['SNR: -12']"
7302-86814-0033_3,"['SNR: 3']"
7505-83618-0020_-1,"['SNR: -1']"
89-219-0039_0,"['SNR: 0']"
6181-216552-0082_-15,"['SNR: -15']"
441-130108-0001_-14,"['SNR: -14']"
163-122947-0019_4,"['SNR: 4']"
8425-287387-0007_-12,"['SNR: -12']"
8975-270782-0022_7,"['SNR: 7']"
6272-70191-0010_-6,"['SNR: -6']"
7278-246956-0021_-11,"['SNR: -11']"
1970-28415-0012_5,"['SNR: 5']"
7278-104730-0037_-8,"['SNR: -8']"
6181-216552-0054_6,"['SNR: 6']"
6019-3185-0091_6,"['SNR: 6']"
3242-67168-0020_8,"['SNR: 8']"
5163-39921-0034_-8,"['SNR: -8']"
3830-12530-0017_-13,"['SNR: -13']"
3983-5331-0015_-12,"['SNR: -12']"
2514-149482-0000_3,"['SNR: 3']"
5750-100289-0056_-14,"['SNR: -14']"
3607-29116-0032_-11,"['SNR: -11']"
1116-132851-0019_-15,"['SNR: -15']"
6529-62556-0001_3,"['SNR: 3']"
5390-24512-0034_-14,"['SNR: -14']"
7517-100442-0024_8,"['SNR: 8']"
696-93314-0028_4,"['SNR: 4']"
229-130880-0068_9,"['SNR: 9']"
7078-271888-0009_-15,"['SNR: -15']"
2182-181183-0036_7,"['SNR: 7']"
5339-14133-0014_-3,"['SNR: -3']"
5393-19219-0000_0,"['SNR: 0']"
1737-146161-0008_-4,"['SNR: -4']"
7264-92310-0028_7,"['SNR: 7']"
26-495-0068_0,"['SNR: 0']"
8063-274117-0029_-7,"['SNR: -7']"
4830-25898-0050_6,"['SNR: 6']"
1455-134435-0001_-2,"['SNR: -2']"
5514-19193-0032_4,"['SNR: 4']"
5192-19396-0024_9,"['SNR: 9']"
4640-19188-0002_-13,"['SNR: -13']"
3947-13260-0005_2,"['SNR: 2']"
332-128985-0053_6,"['SNR: 6']"
4267-287369-0032_2,"['SNR: 2']"
5514-19193-0023_10,"['SNR: 10']"
6529-62556-0040_-15,"['SNR: -15']"
5678-43303-0036_-6,"['SNR: -6']"
6078-54007-0014_2,"['SNR: 2']"
5456-58161-0006_8,"['SNR: 8']"
8468-294887-0009_8,"['SNR: 8']"
6415-111615-0017_-4,"['SNR: -4']"
4051-11218-0057_-5,"['SNR: -5']"
3240-131231-0020_4,"['SNR: 4']"
1867-154071-0017_6,"['SNR: 6']"
4267-78186-0012_-10,"['SNR: -10']"
1723-141149-0086_-10,"['SNR: -10']"
2196-174172-0028_-8,"['SNR: -8']"
839-130898-0020_-10,"['SNR: -10']"
831-130739-0032_2,"['SNR: 2']"
1263-139804-0004_-3,"['SNR: -3']"
730-358-0013_-6,"['SNR: -6']"
4018-107338-0007_4,"['SNR: 4']"
1502-122619-0033_-9,"['SNR: -9']"
87-121553-0037_3,"['SNR: 3']"
6019-3185-0014_-8,"['SNR: -8']"
3214-167606-0026_-11,"['SNR: -11']"
2092-145706-0017_9,"['SNR: 9']"
5750-100289-0020_-3,"['SNR: -3']"
2159-179156-0021_-2,"['SNR: -2']"
6437-66173-0043_7,"['SNR: 7']"
254-127705-0016_-9,"['SNR: -9']"
5163-39921-0030_-9,"['SNR: -9']"
3830-12530-0028_-5,"['SNR: -5']"
669-129061-0021_-7,"['SNR: -7']"
5750-35690-0011_8,"['SNR: 8']"
3857-180923-0010_-7,"['SNR: -7']"
1098-133695-0073_-7,"['SNR: -7']"
5022-29411-0011_-10,"['SNR: -10']"
254-127705-0036_-15,"['SNR: -15']"
7278-104730-0038_7,"['SNR: 7']"
4640-19188-0023_-1,"['SNR: -1']"
1970-26100-0015_-11,"['SNR: -11']"
125-121124-0046_-2,"['SNR: -2']"
7113-86041-0027_-2,"['SNR: -2']"
89-219-0036_8,"['SNR: 8']"
8419-293469-0016_0,"['SNR: 0']"
322-124147-0014_-13,"['SNR: -13']"
8797-294123-0079_-9,"['SNR: -9']"
3664-178355-0024_-15,"['SNR: -15']"
2289-152258-0026_-3,"['SNR: -3']"
229-130880-0087_-13,"['SNR: -13']"
4018-103416-0012_-10,"['SNR: -10']"
2416-152139-0009_10,"['SNR: 10']"
8797-294123-0050_-10,"['SNR: -10']"
8419-293469-0023_-12,"['SNR: -12']"
1098-133695-0071_-14,"['SNR: -14']"
7148-82991-0013_-4,"['SNR: -4']"
1926-147987-0022_0,"['SNR: 0']"
3214-167602-0021_-1,"['SNR: -1']"
1334-135589-0053_2,"['SNR: 2']"
7447-91187-0059_-14,"['SNR: -14']"
1183-133256-0011_2,"['SNR: 2']"
2007-149877-0061_8,"['SNR: 8']"
7402-90848-0025_-15,"['SNR: -15']"
696-93314-0066_-5,"['SNR: -5']"
2002-139469-0013_-11,"['SNR: -11']"
2817-142371-0000_-1,"['SNR: -1']"
5688-15787-0033_-13,"['SNR: -13']"
8123-275209-0014_-9,"['SNR: -9']"
5789-57158-0020_-1,"['SNR: -1']"
696-93314-0014_0,"['SNR: 0']"
3240-131231-0028_9,"['SNR: 9']"
4640-19188-0003_-2,"['SNR: -2']"
7511-102419-0031_3,"['SNR: 3']"
103-1240-0043_-7,"['SNR: -7']"
696-93314-0036_-10,"['SNR: -10']"
4340-15220-0065_-10,"['SNR: -10']"
1334-135589-0092_1,"['SNR: 1']"
831-130746-0041_10,"['SNR: 10']"
5456-24741-0017_-9,"['SNR: -9']"
1455-134435-0055_10,"['SNR: 10']"
6880-216547-0107_6,"['SNR: 6']"
6064-56165-0025_-4,"['SNR: -4']"
3440-171009-0041_-1,"['SNR: -1']"
3259-158083-0124_-7,"['SNR: -7']"
730-359-0010_-13,"['SNR: -13']"
7078-271888-0091_5,"['SNR: 5']"
78-368-0053_-9,"['SNR: -9']"
211-122442-0061_-2,"['SNR: -2']"
4813-248638-0044_-12,"['SNR: -12']"
5104-33406-0011_-5,"['SNR: -5']"
298-126790-0028_6,"['SNR: 6']"
2836-5355-0008_-12,"['SNR: -12']"
7517-100437-0019_-11,"['SNR: -11']"
6209-34601-0004_4,"['SNR: 4']"
4160-14187-0007_-1,"['SNR: -1']"
1737-142396-0009_3,"['SNR: 3']"
2436-2476-0029_-7,"['SNR: -7']"
2893-139310-0011_-9,"['SNR: -9']"
7113-86041-0065_5,"['SNR: 5']"
4014-186176-0013_-10,"['SNR: -10']"
5463-39174-0032_9,"['SNR: 9']"
8238-274553-0054_-11,"['SNR: -11']"
2764-36616-0001_-11,"['SNR: -11']"
4088-158077-0004_4,"['SNR: 4']"
4898-20016-0010_6,"['SNR: 6']"
5393-19219-0045_-6,"['SNR: -6']"
211-122442-0071_5,"['SNR: 5']"
78-369-0041_10,"['SNR: 10']"
40-121026-0028_-8,"['SNR: -8']"
4267-287369-0036_8,"['SNR: 8']"
8123-275193-0023_-12,"['SNR: -12']"
6367-65536-0048_-8,"['SNR: -8']"
4195-186237-0029_-14,"['SNR: -14']"
5778-54535-0023_-3,"['SNR: -3']"
2989-138035-0034_-6,"['SNR: -6']"
2952-410-0029_9,"['SNR: 9']"
7312-92432-0002_1,"['SNR: 1']"
8238-274553-0042_-5,"['SNR: -5']"
1970-26100-0028_-10,"['SNR: -10']"
4297-13009-0003_6,"['SNR: 6']"
19-198-0004_0,"['SNR: 0']"
200-126784-0000_-11,"['SNR: -11']"
1098-133695-0067_-9,"['SNR: -9']"
7264-92316-0031_8,"['SNR: 8']"
3699-19402-0005_6,"['SNR: 6']"
1743-142912-0033_8,"['SNR: 8']"
5393-19219-0026_-13,"['SNR: -13']"
8238-274553-0029_0,"['SNR: 0']"
200-126784-0036_-5,"['SNR: -5']"
2910-131096-0069_10,"['SNR: 10']"
1455-138263-0029_-8,"['SNR: -8']"
2893-139310-0030_4,"['SNR: 4']"
8425-292520-0018_7,"['SNR: 7']"
6529-62554-0021_8,"['SNR: 8']"
2391-145015-0028_1,"['SNR: 1']"
4018-107338-0025_-14,"['SNR: -14']"
1363-139304-0013_-13,"['SNR: -13']"
8108-280354-0012_7,"['SNR: 7']"
3879-173592-0035_2,"['SNR: 2']"
8123-275216-0020_-15,"['SNR: -15']"
1553-140048-0019_-4,"['SNR: -4']"
226-131533-0034_-8,"['SNR: -8']"
2910-131096-0085_3,"['SNR: 3']"
1069-133699-0022_-14,"['SNR: -14']"
6529-62556-0006_8,"['SNR: 8']"
4406-16882-0031_0,"['SNR: 0']"
163-122947-0051_6,"['SNR: 6']"
2843-152918-0074_-15,"['SNR: -15']"
7800-283493-0025_-13,"['SNR: -13']"
7148-7763-0035_0,"['SNR: 0']"
1081-125237-0035_-12,"['SNR: -12']"
1334-135589-0106_-15,"['SNR: -15']"
103-1241-0022_0,"['SNR: 0']"
7402-90848-0044_-11,"['SNR: -11']"
1502-122619-0051_9,"['SNR: 9']"
3240-131231-0030_-1,"['SNR: -1']"
6081-42010-0011_-14,"['SNR: -14']"
839-130898-0047_1,"['SNR: 1']"
7078-271888-0067_-7,"['SNR: -7']"
460-172357-0003_-10,"['SNR: -10']"
3235-28433-0011_7,"['SNR: 7']"
3664-11714-0013_-9,"['SNR: -9']"
7302-86814-0015_-13,"['SNR: -13']"
1624-168623-0048_-12,"['SNR: -12']"
5022-29405-0023_-10,"['SNR: -10']"
4853-29413-0010_3,"['SNR: 3']"
2007-149877-0023_6,"['SNR: 6']"
5652-39938-0004_2,"['SNR: 2']"
8629-261139-0003_-3,"['SNR: -3']"
4340-15220-0072_3,"['SNR: 3']"
6437-66172-0000_5,"['SNR: 5']"
1624-168623-0036_-4,"['SNR: -4']"
4018-107338-0010_2,"['SNR: 2']"
2391-145015-0011_0,"['SNR: 0']"
887-123290-0031_8,"['SNR: 8']"
7078-271888-0032_10,"['SNR: 10']"
8063-274116-0006_-9,"['SNR: -9']"
3168-173565-0012_4,"['SNR: 4']"
6209-34601-0013_2,"['SNR: 2']"
4859-22176-0007_-4,"['SNR: -4']"
4214-7146-0044_8,"['SNR: 8']"
2436-2481-0016_8,"['SNR: 8']"
1553-140047-0046_10,"['SNR: 10']"
587-54108-0027_-9,"['SNR: -9']"
2002-139469-0017_-10,"['SNR: -10']"
250-142276-0038_-6,"['SNR: -6']"
909-131045-0008_0,"['SNR: 0']"
8312-279790-0006_-7,"['SNR: -7']"
3982-178459-0021_7,"['SNR: 7']"
4406-16883-0052_-2,"['SNR: -2']"
6000-55211-0030_-9,"['SNR: -9']"
412-126975-0016_7,"['SNR: 7']"
405-130894-0016_-9,"['SNR: -9']"
1447-130552-0027_-2,"['SNR: -2']"
5789-57195-0028_2,"['SNR: 2']"
2092-145706-0021_0,"['SNR: 0']"
6925-80680-0021_-11,"['SNR: -11']"
1363-139304-0045_-3,"['SNR: -3']"
3982-178459-0000_10,"['SNR: 10']"
5808-54425-0041_-5,"['SNR: -5']"
1553-140047-0007_0,"['SNR: 0']"
89-218-0035_9,"['SNR: 9']"
5022-29405-0020_4,"['SNR: 4']"
3235-28433-0023_1,"['SNR: 1']"
8770-295463-0015_9,"['SNR: 9']"
2136-5147-0020_-7,"['SNR: -7']"
7190-90543-0024_-6,"['SNR: -6']"
2764-36617-0014_-14,"['SNR: -14']"
6209-34599-0031_-8,"['SNR: -8']"
5789-57158-0032_1,"['SNR: 1']"
3830-12531-0015_-14,"['SNR: -14']"
8419-286667-0000_-15,"['SNR: -15']"
4397-15668-0038_-11,"['SNR: -11']"
118-47824-0060_10,"['SNR: 10']"
5652-19215-0057_-2,"['SNR: -2']"
7148-59157-0005_-2,"['SNR: -2']"
412-126975-0071_-4,"['SNR: -4']"
6000-55211-0048_-12,"['SNR: -12']"
4160-11550-0021_7,"['SNR: 7']"
1034-121119-0018_6,"['SNR: 6']"
1098-133695-0088_10,"['SNR: 10']"
8014-280382-0012_-4,"['SNR: -4']"
669-129061-0084_-11,"['SNR: -11']"
7800-283493-0009_-12,"['SNR: -12']"
7800-283492-0035_0,"['SNR: 0']"
839-130898-0056_-1,"['SNR: -1']"
8226-274369-0017_-10,"['SNR: -10']"
4018-107312-0018_-4,"['SNR: -4']"
5688-15787-0009_4,"['SNR: 4']"
1363-135842-0016_-14,"['SNR: -14']"
5561-39621-0008_-13,"['SNR: -13']"
831-130739-0019_2,"['SNR: 2']"
2436-2481-0011_9,"['SNR: 9']"
5867-48852-0079_-1,"['SNR: -1']"
1578-6379-0002_-8,"['SNR: -8']"
1183-133256-0021_-8,"['SNR: -8']"
8629-261139-0009_3,"['SNR: 3']"
322-124147-0045_-2,"['SNR: -2']"
4853-27671-0023_-7,"['SNR: -7']"
3235-28452-0020_-6,"['SNR: -6']"
4640-19187-0018_-15,"['SNR: -15']"
6367-65536-0037_-3,"['SNR: -3']"
2989-138035-0064_10,"['SNR: 10']"
5049-25947-0104_-12,"['SNR: -12']"
4406-16883-0035_-2,"['SNR: -2']"
4195-186237-0004_-14,"['SNR: -14']"
6437-66172-0011_3,"['SNR: 3']"
1040-133433-0072_-14,"['SNR: -14']"
2092-145706-0074_6,"['SNR: 6']"
3374-298032-0024_0,"['SNR: 0']"
2691-156745-0004_-7,"['SNR: -7']"
8108-280359-0006_4,"['SNR: 4']"
8419-286676-0030_3,"['SNR: 3']"
289-121665-0041_-2,"['SNR: -2']"
5104-33407-0013_5,"['SNR: 5']"
8108-274318-0039_2,"['SNR: 2']"
8425-246962-0015_-13,"['SNR: -13']"
26-495-0061_-9,"['SNR: -9']"
4297-13006-0011_-8,"['SNR: -8']"
4813-248638-0029_-15,"['SNR: -15']"
3240-131231-0031_7,"['SNR: 7']"
2836-5355-0024_-15,"['SNR: -15']"
426-122822-0011_4,"['SNR: 4']"
201-127786-0069_8,"['SNR: 8']"
5561-41615-0003_-5,"['SNR: -5']"
405-130894-0045_10,"['SNR: 10']"
5750-100289-0079_3,"['SNR: 3']"
4830-25898-0036_7,"['SNR: 7']"
2416-152137-0022_-12,"['SNR: -12']"
8108-274318-0035_5,"['SNR: 5']"
1034-121119-0092_-6,"['SNR: -6']"
1867-148436-0039_1,"['SNR: 1']"
7226-86964-0021_-13,"['SNR: -13']"
2384-152900-0054_-8,"['SNR: -8']"
1088-129236-0020_2,"['SNR: 2']"
6437-66173-0047_-6,"['SNR: -6']"
3857-180923-0024_6,"['SNR: 6']"
8465-246940-0004_-9,"['SNR: -9']"
103-1241-0029_-14,"['SNR: -14']"
5678-43301-0016_-6,"['SNR: -6']"
2911-15084-0000_-11,"['SNR: -11']"
2764-36619-0014_-8,"['SNR: -8']"
1594-135914-0110_-8,"['SNR: -8']"
6209-34601-0036_7,"['SNR: 7']"
3983-5371-0029_-9,"['SNR: -9']"
26-495-0080_7,"['SNR: 7']"
2007-149877-0012_8,"['SNR: 8']"
5867-48852-0078_-6,"['SNR: -6']"
289-121665-0022_8,"['SNR: 8']"
3486-166424-0070_-1,"['SNR: -1']"
201-127786-0048_0,"['SNR: 0']"
7402-59171-0041_0,"['SNR: 0']"
248-130644-0030_2,"['SNR: 2']"
8051-295385-0027_0,"['SNR: 0']"
3214-167602-0016_0,"['SNR: 0']"
7264-92316-0043_-15,"['SNR: -15']"
1235-135884-0034_-12,"['SNR: -12']"
1235-135883-0028_6,"['SNR: 6']"
1246-124548-0018_2,"['SNR: 2']"
5192-19397-0014_-14,"['SNR: -14']"
5022-29411-0039_-8,"['SNR: -8']"
8226-274371-0003_-13,"['SNR: -13']"
2196-170151-0016_-3,"['SNR: -3']"
1355-39947-0071_-6,"['SNR: -6']"
6531-61334-0042_2,"['SNR: 2']"
125-121342-0013_9,"['SNR: 9']"
5163-39921-0002_-1,"['SNR: -1']"
298-126790-0003_5,"['SNR: 5']"
4898-28461-0058_-3,"['SNR: -3']"
403-128339-0051_-14,"['SNR: -14']"
27-123349-0027_-7,"['SNR: -7']"
8095-274346-0045_3,"['SNR: 3']"
441-130108-0009_8,"['SNR: 8']"
4297-13009-0063_9,"['SNR: 9']"
2514-149482-0091_6,"['SNR: 6']"
5049-25947-0000_4,"['SNR: 4']"
3983-5371-0040_-11,"['SNR: -11']"
83-11691-0006_7,"['SNR: 7']"
3112-9554-0003_5,"['SNR: 5']"
1723-141149-0090_-6,"['SNR: -6']"
1081-125237-0111_-7,"['SNR: -7']"
6818-76332-0032_8,"['SNR: 8']"
2416-152139-0054_6,"['SNR: 6']"
1098-133695-0081_4,"['SNR: 4']"
8468-295198-0019_3,"['SNR: 3']"
1743-142912-0002_-8,"['SNR: -8']"
2836-5354-0039_-4,"['SNR: -4']"
6437-66173-0001_0,"['SNR: 0']"
3436-172171-0022_6,"['SNR: 6']"
5463-39174-0035_-13,"['SNR: -13']"
2196-170151-0001_-15,"['SNR: -15']"
7059-77900-0029_-2,"['SNR: -2']"
374-180298-0035_5,"['SNR: 5']"
233-155990-0034_-8,"['SNR: -8']"
5778-12761-0006_2,"['SNR: 2']"
7113-86041-0041_-12,"['SNR: -12']"
4051-11218-0011_-1,"['SNR: -1']"
4160-14187-0005_-3,"['SNR: -3']"
7148-7763-0002_-11,"['SNR: -11']"
118-124588-0019_-12,"['SNR: -12']"
3723-171115-0017_-4,"['SNR: -4']"
1737-142396-0000_-13,"['SNR: -13']"
1926-147987-0016_0,"['SNR: 0']"
3807-4923-0054_-2,"['SNR: -2']"
3879-174923-0008_-11,"['SNR: -11']"
7190-90543-0043_-9,"['SNR: -9']"
3982-178459-0003_10,"['SNR: 10']"
6181-216552-0014_-6,"['SNR: -6']"
5514-19192-0045_-13,"['SNR: -13']"
8238-274553-0011_2,"['SNR: 2']"
307-127539-0022_-14,"['SNR: -14']"
198-129977-0020_-2,"['SNR: -2']"
150-132655-0013_4,"['SNR: 4']"
5514-19192-0003_-11,"['SNR: -11']"
7113-86041-0058_5,"['SNR: 5']"
1723-141149-0000_-10,"['SNR: -10']"
887-123291-0039_1,"['SNR: 1']"
8797-294123-0071_-7,"['SNR: -7']"
4813-248638-0014_0,"['SNR: 0']"
1723-141149-0049_-2,"['SNR: -2']"
4267-287369-0035_10,"['SNR: 10']"
125-121124-0086_3,"['SNR: 3']"
1743-142914-0030_-13,"['SNR: -13']"
3242-67168-0014_9,"['SNR: 9']"
7367-86737-0098_7,"['SNR: 7']"
2007-132570-0052_5,"['SNR: 5']"
2910-131096-0010_5,"['SNR: 5']"
5652-19215-0027_-11,"['SNR: -11']"
1235-135883-0039_-1,"['SNR: -1']"
445-123860-0001_-2,"['SNR: -2']"
5390-24512-0048_0,"['SNR: 0']"
8797-294123-0094_4,"['SNR: 4']"
1743-142914-0003_-9,"['SNR: -9']"
4088-158077-0023_-11,"['SNR: -11']"
26-495-0050_-13,"['SNR: -13']"
2289-152257-0027_-14,"['SNR: -14']"
3807-4923-0017_-12,"['SNR: -12']"
5808-48608-0042_8,"['SNR: 8']"
2436-2477-0032_-4,"['SNR: -4']"
7780-274562-0091_5,"['SNR: 5']"
8088-284756-0003_-14,"['SNR: -14']"
8063-274115-0015_-10,"['SNR: -10']"
4267-78186-0021_-10,"['SNR: -10']"
4195-186236-0003_10,"['SNR: 10']"
3440-171009-0031_-6,"['SNR: -6']"
1183-133256-0001_6,"['SNR: 6']"
5390-30102-0028_5,"['SNR: 5']"
4898-28461-0022_7,"['SNR: 7']"
2514-149482-0005_3,"['SNR: 3']"
1455-138263-0032_-11,"['SNR: -11']"
403-126855-0018_1,"['SNR: 1']"
3879-174923-0032_-9,"['SNR: -9']"
3982-178459-0027_7,"['SNR: 7']"
7780-274562-0045_8,"['SNR: 8']"
4018-107338-0008_9,"['SNR: 9']"
412-126975-0058_-2,"['SNR: -2']"
6880-216547-0016_-12,"['SNR: -12']"
2436-2477-0033_1,"['SNR: 1']"
2436-2476-0037_-8,"['SNR: -8']"
2436-2476-0032_-7,"['SNR: -7']"
8063-274116-0029_2,"['SNR: 2']"
2436-2477-0009_10,"['SNR: 10']"
328-129766-0066_-15,"['SNR: -15']"
3240-131231-0042_-1,"['SNR: -1']"
1447-130551-0021_0,"['SNR: 0']"
6437-66173-0045_-7,"['SNR: -7']"
289-121652-0015_-1,"['SNR: -1']"
198-129977-0027_-8,"['SNR: -8']"
1970-28415-0034_-13,"['SNR: -13']"
1355-39947-0017_-13,"['SNR: -13']"
7635-105409-0027_-12,"['SNR: -12']"
6147-34605-0018_8,"['SNR: 8']"
2989-138028-0014_-12,"['SNR: -12']"
7078-271888-0097_-14,"['SNR: -14']"
8838-298546-0003_-15,"['SNR: -15']"
445-123857-0006_-9,"['SNR: -9']"
6476-57446-0059_-7,"['SNR: -7']"
3664-178355-0023_-5,"['SNR: -5']"
2196-174172-0025_-3,"['SNR: -3']"
6437-66173-0005_-13,"['SNR: -13']"
1081-125237-0025_-15,"['SNR: -15']"
4853-27670-0021_-1,"['SNR: -1']"
1355-39947-0054_7,"['SNR: 7']"
4051-11217-0010_2,"['SNR: 2']"
298-126791-0053_-12,"['SNR: -12']"
27-124992-0047_-14,"['SNR: -14']"
2436-2476-0002_-12,"['SNR: -12']"
446-123502-0039_8,"['SNR: 8']"
8609-283227-0003_5,"['SNR: 5']"
3607-135982-0016_9,"['SNR: 9']"
2391-145015-0117_-13,"['SNR: -13']"
3807-4955-0027_9,"['SNR: 9']"
201-127786-0013_-13,"['SNR: -13']"
19-227-0042_-6,"['SNR: -6']"
8629-261139-0023_-5,"['SNR: -5']"
3807-4923-0056_-13,"['SNR: -13']"
6209-34599-0037_-1,"['SNR: -1']"
7067-76048-0041_-10,"['SNR: -10']"
1069-133699-0053_-8,"['SNR: -8']"
8238-274553-0027_5,"['SNR: 5']"
2843-152918-0052_-12,"['SNR: -12']"
3879-173592-0013_-9,"['SNR: -9']"
196-122152-0028_-13,"['SNR: -13']"
2391-145015-0076_-7,"['SNR: -7']"
8095-274345-0015_-2,"['SNR: -2']"
4830-25898-0021_0,"['SNR: 0']"
4088-158077-0001_-9,"['SNR: -9']"
7367-86737-0072_-10,"['SNR: -10']"
8609-283227-0024_1,"['SNR: 1']"
7226-86964-0058_-11,"['SNR: -11']"
2952-410-0035_6,"['SNR: 6']"
5339-14134-0067_5,"['SNR: 5']"
2817-142371-0008_-14,"['SNR: -14']"
2391-145015-0115_3,"['SNR: 3']"
1841-150351-0007_-4,"['SNR: -4']"
7517-100429-0027_-13,"['SNR: -13']"
458-126294-0008_-4,"['SNR: -4']"
1926-143879-0001_-9,"['SNR: -9']"
6925-80680-0004_-14,"['SNR: -14']"
1088-134315-0021_7,"['SNR: 7']"
669-129061-0014_-4,"['SNR: -4']"
3664-178355-0033_8,"['SNR: 8']"
3526-175658-0010_-4,"['SNR: -4']"
8108-280354-0000_-14,"['SNR: -14']"
8609-283227-0042_-7,"['SNR: -7']"
4160-11550-0037_-7,"['SNR: -7']"
7148-82991-0024_-10,"['SNR: -10']"
5339-14133-0018_-13,"['SNR: -13']"
4362-15663-0052_10,"['SNR: 10']"
103-1241-0009_6,"['SNR: 6']"
8975-270782-0011_-5,"['SNR: -5']"
4898-20016-0000_-14,"['SNR: -14']"
6529-62554-0031_1,"['SNR: 1']"
3240-131231-0003_-3,"['SNR: -3']"
3168-173565-0052_-12,"['SNR: -12']"
27-123349-0018_-3,"['SNR: -3']"
89-219-0014_-11,"['SNR: -11']"
2007-132570-0019_-14,"['SNR: -14']"
3235-28433-0047_-1,"['SNR: -1']"
39-121914-0036_-11,"['SNR: -11']"
6925-80680-0025_8,"['SNR: 8']"
3168-173564-0023_7,"['SNR: 7']"
5022-29405-0009_-15,"['SNR: -15']"
3664-178366-0026_1,"['SNR: 1']"
3982-178459-0061_-13,"['SNR: -13']"
4788-294466-0004_-10,"['SNR: -10']"
4859-29340-0033_-1,"['SNR: -1']"
1926-143879-0020_6,"['SNR: 6']"
831-130746-0011_-15,"['SNR: -15']"
2416-152139-0025_5,"['SNR: 5']"
8838-298546-0010_-5,"['SNR: -5']"
4088-158077-0051_-4,"['SNR: -4']"
2391-145015-0091_-11,"['SNR: -11']"
1841-179183-0026_4,"['SNR: 4']"
250-142286-0002_-8,"['SNR: -8']"
7264-92310-0016_-8,"['SNR: -8']"
8630-305213-0002_-4,"['SNR: -4']"
1334-135589-0100_5,"['SNR: 5']"
2691-156755-0003_7,"['SNR: 7']"
125-121342-0043_2,"['SNR: 2']"
3486-166424-0054_2,"['SNR: 2']"
1098-133695-0053_10,"['SNR: 10']"
8063-274115-0021_-8,"['SNR: -8']"
1455-138263-0009_-3,"['SNR: -3']"
4160-14187-0008_1,"['SNR: 1']"
1088-134315-0040_-6,"['SNR: -6']"
2182-181183-0029_-13,"['SNR: -13']"
248-130697-0002_-7,"['SNR: -7']"
6181-216552-0057_-10,"['SNR: -10']"
103-1241-0026_9,"['SNR: 9']"
6064-56165-0034_8,"['SNR: 8']"
6367-74004-0015_8,"['SNR: 8']"
2518-154825-0040_3,"['SNR: 3']"
7517-100442-0016_10,"['SNR: 10']"
587-54108-0043_-1,"['SNR: -1']"
1235-135884-0018_-15,"['SNR: -15']"
426-122822-0028_-11,"['SNR: -11']"
8063-274115-0006_-14,"['SNR: -14']"
2391-145015-0120_9,"['SNR: 9']"
7264-92310-0025_1,"['SNR: 1']"
229-130880-0015_1,"['SNR: 1']"
374-180299-0045_10,"['SNR: 10']"
2159-179154-0026_7,"['SNR: 7']"
8088-284756-0087_-9,"['SNR: -9']"
2893-139310-0012_-9,"['SNR: -9']"
2092-145706-0039_-13,"['SNR: -13']"
19-198-0027_-2,"['SNR: -2']"
4137-11702-0035_-7,"['SNR: -7']"
1235-135884-0027_-3,"['SNR: -3']"
3112-9554-0011_5,"['SNR: 5']"
4813-248641-0023_-14,"['SNR: -14']"
8425-287387-0004_5,"['SNR: 5']"
7059-88364-0012_-4,"['SNR: -4']"
1553-140048-0016_5,"['SNR: 5']"
7780-274562-0044_-3,"['SNR: -3']"
307-127535-0015_2,"['SNR: 2']"
2196-170151-0025_-12,"['SNR: -12']"
4297-13006-0015_-2,"['SNR: -2']"
1963-142776-0008_10,"['SNR: 10']"
1841-159771-0041_0,"['SNR: 0']"
1455-138263-0003_2,"['SNR: 2']"
5561-41615-0041_9,"['SNR: 9']"
7302-86815-0067_2,"['SNR: 2']"
5678-43303-0033_3,"['SNR: 3']"
3664-11714-0014_-2,"['SNR: -2']"
5192-19397-0069_-7,"['SNR: -7']"
7635-105661-0016_1,"['SNR: 1']"
3983-5371-0031_7,"['SNR: 7']"
3526-176653-0046_-14,"['SNR: -14']"
5514-19192-0014_-13,"['SNR: -13']"
1594-135914-0025_-10,"['SNR: -10']"
2817-142380-0003_-13,"['SNR: -13']"
3168-173565-0007_5,"['SNR: 5']"
8770-295462-0032_10,"['SNR: 10']"
2836-5354-0032_7,"['SNR: 7']"
233-155990-0021_-10,"['SNR: -10']"
40-121026-0032_6,"['SNR: 6']"
6415-116629-0034_9,"['SNR: 9']"
1355-39947-0048_1,"['SNR: 1']"
5463-39173-0009_10,"['SNR: 10']"
3664-178366-0024_1,"['SNR: 1']"
150-126112-0019_7,"['SNR: 7']"
403-216-0000_-10,"['SNR: -10']"
83-3054-0009_-7,"['SNR: -7']"
289-121665-0034_-4,"['SNR: -4']"
4051-11217-0024_-6,"['SNR: -6']"
831-130739-0040_-14,"['SNR: -14']"
2764-36616-0038_5,"['SNR: 5']"
254-127705-0006_-4,"['SNR: -4']"
4195-186236-0000_-9,"['SNR: -9']"
5022-29405-0037_-13,"['SNR: -13']"
7278-104730-0002_-14,"['SNR: -14']"
3436-172162-0051_-1,"['SNR: -1']"
2893-139310-0001_3,"['SNR: 3']"
1034-121119-0020_-13,"['SNR: -13']"
2159-179157-0007_6,"['SNR: 6']"
2436-2476-0028_-8,"['SNR: -8']"
8629-261139-0062_0,"['SNR: 0']"
2893-139322-0051_-6,"['SNR: -6']"
1040-133433-0062_-10,"['SNR: -10']"
5703-47212-0051_-2,"['SNR: -2']"
6476-57446-0032_-10,"['SNR: -10']"
4406-16882-0062_10,"['SNR: 10']"
1116-132851-0006_-9,"['SNR: -9']"
311-124404-0018_7,"['SNR: 7']"
2514-149482-0062_-3,"['SNR: -3']"
298-126791-0020_-9,"['SNR: -9']"
7113-86041-0042_0,"['SNR: 0']"
5463-39173-0045_-1,"['SNR: -1']"
1963-142393-0044_7,"['SNR: 7']"
4195-17507-0005_9,"['SNR: 9']"
7505-258964-0040_6,"['SNR: 6']"
3947-13260-0026_-15,"['SNR: -15']"
730-359-0042_-12,"['SNR: -12']"
6415-116629-0024_-9,"['SNR: -9']"
229-130880-0033_-6,"['SNR: -6']"
831-130746-0025_-13,"['SNR: -13']"
8098-275181-0014_-10,"['SNR: -10']"
298-126791-0014_0,"['SNR: 0']"
322-124147-0081_8,"['SNR: 8']"
7113-86041-0105_-12,"['SNR: -12']"
2436-2476-0021_-7,"['SNR: -7']"
1069-133699-0001_-8,"['SNR: -8']"
6385-220959-0001_10,"['SNR: 10']"
4297-13006-0023_10,"['SNR: 10']"
8747-293952-0020_-2,"['SNR: -2']"
1116-137572-0008_-1,"['SNR: -1']"
4859-26870-0001_-6,"['SNR: -6']"
911-128684-0033_-8,"['SNR: -8']"
2836-5355-0020_-5,"['SNR: -5']"
2893-139310-0024_3,"['SNR: 3']"
32-4137-0016_-15,"['SNR: -15']"
163-122947-0063_-9,"['SNR: -9']"
3607-135982-0015_-7,"['SNR: -7']"
3983-5371-0054_-8,"['SNR: -8']"
8098-278252-0023_4,"['SNR: 4']"
8238-274553-0074_7,"['SNR: 7']"
2514-149482-0086_-3,"['SNR: -3']"
8324-286681-0011_-12,"['SNR: -12']"
3857-182315-0006_10,"['SNR: 10']"
7780-274562-0038_1,"['SNR: 1']"
2391-145015-0078_-14,"['SNR: -14']"
3723-171115-0053_-12,"['SNR: -12']"
7067-76048-0005_5,"['SNR: 5']"
2007-149877-0043_-9,"['SNR: -9']"
2518-154826-0010_5,"['SNR: 5']"
4297-13006-0033_10,"['SNR: 10']"
4853-27671-0015_4,"['SNR: 4']"
405-130894-0002_-9,"['SNR: -9']"
909-131044-0008_3,"['SNR: 3']"
3830-12530-0034_-15,"['SNR: -15']"
19-198-0008_9,"['SNR: 9']"
4088-158077-0032_-14,"['SNR: -14']"
7264-92316-0036_-10,"['SNR: -10']"
1263-141777-0006_-2,"['SNR: -2']"
5703-47198-0029_-2,"['SNR: -2']"
1743-142913-0027_-8,"['SNR: -8']"
196-122150-0038_7,"['SNR: 7']"
5652-19215-0030_-3,"['SNR: -3']"
911-130578-0020_8,"['SNR: 8']"
6078-54007-0005_4,"['SNR: 4']"
3374-298026-0018_7,"['SNR: 7']"
8770-295463-0007_-4,"['SNR: -4']"
3242-67168-0030_-11,"['SNR: -11']"
27-123349-0031_-12,"['SNR: -12']"
5390-30102-0021_-3,"['SNR: -3']"
3699-175950-0010_-4,"['SNR: -4']"
7780-274562-0064_-15,"['SNR: -15']"
8051-119902-0003_0,"['SNR: 0']"
1970-10594-0003_5,"['SNR: 5']"
6437-66172-0025_0,"['SNR: 0']"
7402-59171-0044_1,"['SNR: 1']"
3983-5331-0014_-10,"['SNR: -10']"
2691-156745-0013_5,"['SNR: 5']"
669-129061-0038_9,"['SNR: 9']"
2518-154826-0022_4,"['SNR: 4']"
4406-16883-0030_7,"['SNR: 7']"
5561-41615-0019_9,"['SNR: 9']"
2007-149877-0018_-3,"['SNR: -3']"
1926-147979-0032_-15,"['SNR: -15']"
3259-158083-0123_0,"['SNR: 0']"
6925-80680-0055_-6,"['SNR: -6']"
2136-5143-0038_4,"['SNR: 4']"
8098-278278-0019_-14,"['SNR: -14']"
6818-68772-0042_-10,"['SNR: -10']"
6454-120342-0012_-11,"['SNR: -11']"
481-123720-0058_-12,"['SNR: -12']"
4014-186179-0016_7,"['SNR: 7']"
328-129766-0056_-1,"['SNR: -1']"
6818-68772-0035_3,"['SNR: 3']"
211-122425-0065_-3,"['SNR: -3']"
196-122152-0005_-3,"['SNR: -3']"
3664-178366-0028_-13,"['SNR: -13']"
6078-54013-0008_-6,"['SNR: -6']"
1235-135884-0029_-4,"['SNR: -4']"
311-124404-0025_3,"['SNR: 3']"
5163-39921-0014_4,"['SNR: 4']"
39-121914-0006_-13,"['SNR: -13']"
6818-76332-0048_4,"['SNR: 4']"
730-359-0023_-4,"['SNR: -4']"
1502-122619-0014_-13,"['SNR: -13']"
7511-102419-0023_-5,"['SNR: -5']"
6367-74004-0018_7,"['SNR: 7']"
3664-178355-0019_9,"['SNR: 9']"
1723-141149-0064_7,"['SNR: 7']"
1088-134315-0000_9,"['SNR: 9']"
83-11691-0036_5,"['SNR: 5']"
3664-178355-0027_10,"['SNR: 10']"
2843-152918-0034_-14,"['SNR: -14']"
7859-102519-0011_-4,"['SNR: -4']"
89-219-0057_4,"['SNR: 4']"
229-130880-0045_-5,"['SNR: -5']"
426-122821-0033_8,"['SNR: 8']"
1594-135914-0066_9,"['SNR: 9']"
2136-5143-0025_-15,"['SNR: -15']"
4406-16882-0032_-1,"['SNR: -1']"
4297-13009-0033_-3,"['SNR: -3']"
3235-28433-0017_7,"['SNR: 7']"
4640-19189-0001_-10,"['SNR: -10']"
2002-139469-0019_-10,"['SNR: -10']"
3526-176653-0034_-5,"['SNR: -5']"
7402-59171-0042_10,"['SNR: 10']"
7635-105661-0043_-12,"['SNR: -12']"
3982-178459-0049_5,"['SNR: 5']"
1263-139804-0002_-12,"['SNR: -12']"
198-129977-0006_9,"['SNR: 9']"
4680-16042-0027_5,"['SNR: 5']"
6272-70171-0021_-12,"['SNR: -12']"
4340-15220-0009_-8,"['SNR: -8']"
1098-133695-0055_-10,"['SNR: -10']"
441-128982-0001_4,"['SNR: 4']"
226-131532-0034_-8,"['SNR: -8']"
1867-148436-0043_7,"['SNR: 7']"
1737-146161-0017_-10,"['SNR: -10']"
2893-139322-0017_-11,"['SNR: -11']"
89-218-0046_-15,"['SNR: -15']"
7178-34644-0073_5,"['SNR: 5']"
7264-92316-0040_6,"['SNR: 6']"
4406-16882-0000_2,"['SNR: 2']"
1355-39947-0039_1,"['SNR: 1']"
2384-152900-0068_1,"['SNR: 1']"
7780-274562-0010_5,"['SNR: 5']"
7148-7763-0011_10,"['SNR: 10']"
441-130108-0014_-6,"['SNR: -6']"
2817-142371-0039_5,"['SNR: 5']"
4195-17507-0003_9,"['SNR: 9']"
4014-186176-0005_4,"['SNR: 4']"
2436-2481-0025_6,"['SNR: 6']"
7447-91187-0050_-9,"['SNR: -9']"
4160-14187-0019_-15,"['SNR: -15']"
3486-166446-0028_1,"['SNR: 1']"
3486-166446-0008_8,"['SNR: 8']"
6385-220959-0011_-12,"['SNR: -12']"
730-358-0004_-1,"['SNR: -1']"
6064-300880-0009_9,"['SNR: 9']"
460-172359-0042_-6,"['SNR: -6']"
7226-86964-0004_-5,"['SNR: -5']"
3486-166424-0019_-9,"['SNR: -9']"
7447-91186-0041_-8,"['SNR: -8']"
1455-134435-0012_6,"['SNR: 6']"
1455-138263-0012_-5,"['SNR: -5']"
7059-77897-0007_0,"['SNR: 0']"
481-123720-0073_1,"['SNR: 1']"
3436-172162-0035_2,"['SNR: 2']"
8088-284756-0093_-9,"['SNR: -9']"
7059-88364-0008_8,"['SNR: 8']"
4853-27671-0016_-12,"['SNR: -12']"
4137-11702-0034_-3,"['SNR: -3']"
4397-15678-0012_3,"['SNR: 3']"
3830-12535-0023_5,"['SNR: 5']"
730-358-0055_8,"['SNR: 8']"
1334-135589-0001_6,"['SNR: 6']"
911-128684-0012_5,"['SNR: 5']"
3259-158083-0052_-4,"['SNR: -4']"
118-47824-0020_-12,"['SNR: -12']"
8088-284756-0041_-8,"['SNR: -8']"
2289-152254-0013_1,"['SNR: 1']"
4481-17498-0032_-11,"['SNR: -11']"
8063-274115-0014_-13,"['SNR: -13']"
1926-147979-0029_9,"['SNR: 9']"
7067-76048-0014_10,"['SNR: 10']"
8123-275216-0041_-2,"['SNR: -2']"
1069-133709-0008_-12,"['SNR: -12']"
6147-34605-0001_-6,"['SNR: -6']"
5652-39938-0047_-8,"['SNR: -8']"
8123-275193-0002_-15,"['SNR: -15']"
3607-29116-0035_-13,"['SNR: -13']"
625-132118-0038_-13,"['SNR: -13']"
5867-48852-0102_-13,"['SNR: -13']"
2007-132570-0058_2,"['SNR: 2']"
5163-39921-0033_-5,"['SNR: -5']"
8747-293952-0014_-11,"['SNR: -11']"
839-130898-0074_-1,"['SNR: -1']"
3242-8112-0006_-1,"['SNR: -1']"
198-126831-0008_-14,"['SNR: -14']"
4018-107338-0019_9,"['SNR: 9']"
5022-29411-0024_3,"['SNR: 3']"
831-130746-0036_2,"['SNR: 2']"
3983-5331-0043_1,"['SNR: 1']"
6836-61803-0040_-4,"['SNR: -4']"
4859-22176-0009_0,"['SNR: 0']"
125-121342-0041_-11,"['SNR: -11']"
4088-158077-0069_-7,"['SNR: -7']"
8238-283452-0024_-8,"['SNR: -8']"
1553-140047-0006_8,"['SNR: 8']"
250-142286-0014_10,"['SNR: 10']"
831-130746-0035_8,"['SNR: 8']"
1263-139804-0016_7,"['SNR: 7']"
254-145458-0020_-8,"['SNR: -8']"
1355-39947-0073_0,"['SNR: 0']"
302-123516-0012_-7,"['SNR: -7']"
2092-145706-0066_-6,"['SNR: -6']"
426-122821-0023_-3,"['SNR: -3']"
7367-86737-0024_3,"['SNR: 3']"
3830-12530-0020_-2,"['SNR: -2']"
211-122425-0027_-7,"['SNR: -7']"
6476-57446-0029_-6,"['SNR: -6']"
4014-186176-0017_8,"['SNR: 8']"
4340-15220-0047_10,"['SNR: 10']"
4051-11218-0055_-9,"['SNR: -9']"
7800-283478-0004_2,"['SNR: 2']"
7505-258958-0004_5,"['SNR: 5']"
4813-248641-0029_3,"['SNR: 3']"
1578-140045-0005_-14,"['SNR: -14']"
4137-11701-0041_-14,"['SNR: -14']"
7067-76047-0020_9,"['SNR: 9']"
226-122538-0012_4,"['SNR: 4']"
322-124146-0004_5,"['SNR: 5']"
89-218-0057_5,"['SNR: 5']"
4160-11549-0006_-9,"['SNR: -9']"
5808-54425-0058_-12,"['SNR: -12']"
2136-5140-0011_-11,"['SNR: -11']"
4788-294466-0027_-5,"['SNR: -5']"
3699-19401-0015_-10,"['SNR: -10']"
254-127705-0009_-7,"['SNR: -7']"
3699-175950-0017_-14,"['SNR: -14']"
8098-278278-0020_-7,"['SNR: -7']"
1088-134315-0045_-4,"['SNR: -4']"
5750-100289-0034_6,"['SNR: 6']"
1355-39947-0088_8,"['SNR: 8']"
4406-16883-0008_-8,"['SNR: -8']"
40-121026-0012_-11,"['SNR: -11']"
6367-74004-0019_-8,"['SNR: -8']"
2007-132570-0027_-7,"['SNR: -7']"
302-123523-0010_-8,"['SNR: -8']"
311-124404-0021_-6,"['SNR: -6']"
625-132112-0058_-12,"['SNR: -12']"
1081-125237-0022_3,"['SNR: 3']"
4195-186237-0000_10,"['SNR: 10']"
1963-142393-0004_10,"['SNR: 10']"
3879-174923-0021_-3,"['SNR: -3']"
2384-152900-0088_-11,"['SNR: -11']"
3807-4923-0041_2,"['SNR: 2']"
4397-15666-0003_-14,"['SNR: -14']"
4853-29413-0022_9,"['SNR: 9']"
696-93314-0053_-11,"['SNR: -11']"
8226-274371-0013_6,"['SNR: 6']"
3214-167606-0005_-11,"['SNR: -11']"
8419-286667-0003_3,"['SNR: 3']"
307-127535-0025_-4,"['SNR: -4']"
7859-102519-0009_-4,"['SNR: -4']"
8123-275209-0023_-14,"['SNR: -14']"
1970-10594-0018_9,"['SNR: 9']"
4362-15663-0082_-10,"['SNR: -10']"
2989-138028-0026_-6,"['SNR: -6']"
6000-86686-0006_6,"['SNR: 6']"
1963-142393-0011_0,"['SNR: 0']"
6147-34607-0024_-3,"['SNR: -3']"
2436-2476-0016_-1,"['SNR: -1']"
3436-172162-0026_-5,"['SNR: -5']"
2182-150130-0015_9,"['SNR: 9']"
5393-19218-0039_-12,"['SNR: -12']"
196-122159-0002_-11,"['SNR: -11']"
5163-18515-0033_-2,"['SNR: -2']"
4214-7146-0055_-5,"['SNR: -5']"
8468-294887-0019_-9,"['SNR: -9']"
5678-43303-0013_3,"['SNR: 3']"
3830-12535-0032_-2,"['SNR: -2']"
696-93314-0030_4,"['SNR: 4']"
328-129766-0016_-8,"['SNR: -8']"
1743-142913-0009_-13,"['SNR: -13']"
1841-179183-0021_-7,"['SNR: -7']"
5390-30096-0003_10,"['SNR: 10']"
2836-5355-0028_-1,"['SNR: -1']"
39-121914-0043_-11,"['SNR: -11']"
2989-138028-0057_8,"['SNR: 8']"
1594-135914-0118_-1,"['SNR: -1']"
7312-92432-0011_4,"['SNR: 4']"
7078-271888-0017_10,"['SNR: 10']"
2691-156745-0019_2,"['SNR: 2']"
405-130894-0064_-6,"['SNR: -6']"
1034-121119-0042_-9,"['SNR: -9']"
8063-274116-0018_-6,"['SNR: -6']"
89-219-0061_-11,"['SNR: -11']"
6476-96661-0006_-13,"['SNR: -13']"
2182-150130-0018_-5,"['SNR: -5']"
289-121665-0016_5,"['SNR: 5']"
6147-34606-0003_-8,"['SNR: -8']"
332-128985-0074_-13,"['SNR: -13']"
6209-34600-0025_-11,"['SNR: -11']"
6181-216552-0002_-4,"['SNR: -4']"
201-127786-0045_-7,"['SNR: -7']"
89-218-0007_-3,"['SNR: -3']"
2764-36616-0009_-13,"['SNR: -13']"
1737-142397-0027_0,"['SNR: 0']"
6000-86686-0020_-10,"['SNR: -10']"
39-121914-0017_1,"['SNR: 1']"
8063-274116-0011_-2,"['SNR: -2']"
446-123502-0010_-1,"['SNR: -1']"
7067-76048-0009_-4,"['SNR: -4']"
5049-25947-0011_8,"['SNR: 8']"
3112-9554-0001_9,"['SNR: 9']"
2136-5143-0029_-1,"['SNR: -1']"
1578-140045-0004_-15,"['SNR: -15']"
730-358-0056_-15,"['SNR: -15']"
6880-216547-0048_2,"['SNR: 2']"
4406-16882-0042_10,"['SNR: 10']"
8063-274117-0034_-5,"['SNR: -5']"
328-129766-0081_4,"['SNR: 4']"
1334-135589-0037_-6,"['SNR: -6']"
7264-92316-0045_6,"['SNR: 6']"
3486-166424-0043_-1,"['SNR: -1']"
1898-145720-0007_-10,"['SNR: -10']"
4051-11218-0035_3,"['SNR: 3']"
3486-166424-0000_-8,"['SNR: -8']"
3242-67153-0016_-14,"['SNR: -14']"
4397-15678-0003_7,"['SNR: 7']"
7517-100429-0026_-15,"['SNR: -15']"
5867-48852-0029_-9,"['SNR: -9']"
4160-14187-0027_-13,"['SNR: -13']"
4406-16882-0016_-6,"['SNR: -6']"
460-172357-0015_8,"['SNR: 8']"
7178-34644-0062_8,"['SNR: 8']"
8797-294123-0054_10,"['SNR: 10']"
89-218-0056_-6,"['SNR: -6']"
2289-152254-0016_-5,"['SNR: -5']"
254-145458-0018_-4,"['SNR: -4']"
1081-125237-0090_6,"['SNR: 6']"
2289-152258-0024_5,"['SNR: 5']"
2384-152900-0029_7,"['SNR: 7']"
6925-80680-0062_0,"['SNR: 0']"
7780-274562-0050_1,"['SNR: 1']"
1898-145715-0050_5,"['SNR: 5']"
2007-149877-0042_-14,"['SNR: -14']"
5808-48608-0033_10,"['SNR: 10']"
8098-275181-0003_-2,"['SNR: -2']"
911-128684-0090_8,"['SNR: 8']"
289-121652-0001_-2,"['SNR: -2']"
1898-145720-0016_2,"['SNR: 2']"
8088-284756-0101_-11,"['SNR: -11']"
6563-63821-0046_2,"['SNR: 2']"
2002-139469-0080_3,"['SNR: 3']"
8770-295463-0000_-12,"['SNR: -12']"
32-4137-0003_9,"['SNR: 9']"
7278-91083-0007_-5,"['SNR: -5']"
3607-29116-0029_5,"['SNR: 5']"
4195-186236-0009_2,"['SNR: 2']"
625-132118-0015_0,"['SNR: 0']"
8088-284756-0095_-3,"['SNR: -3']"
3259-158083-0033_-6,"['SNR: -6']"
211-122442-0080_-13,"['SNR: -13']"
4406-16882-0012_5,"['SNR: 5']"
2691-156755-0021_-13,"['SNR: -13']"
1363-135842-0008_2,"['SNR: 2']"
4214-7146-0077_-15,"['SNR: -15']"
8630-305213-0008_3,"['SNR: 3']"
26-495-0067_7,"['SNR: 7']"
6081-41998-0012_-8,"['SNR: -8']"
3214-167607-0015_-9,"['SNR: -9']"
426-122821-0003_3,"['SNR: 3']"
1553-140048-0017_2,"['SNR: 2']"
1040-133433-0058_-10,"['SNR: -10']"
163-122947-0056_-15,"['SNR: -15']"
5867-48852-0002_6,"['SNR: 6']"
5867-48852-0075_2,"['SNR: 2']"
248-130652-0004_-14,"['SNR: -14']"
6454-107462-0033_0,"['SNR: 0']"
2764-36616-0000_-10,"['SNR: -10']"
2092-145706-0009_6,"['SNR: 6']"
229-130880-0039_-7,"['SNR: -7']"
2911-7601-0020_1,"['SNR: 1']"
6529-62556-0009_2,"['SNR: 2']"
3112-9555-0089_9,"['SNR: 9']"
3699-19402-0028_-15,"['SNR: -15']"
4051-11217-0026_-7,"['SNR: -7']"
5688-15787-0026_-5,"['SNR: -5']"
2518-154825-0044_5,"['SNR: 5']"
298-126791-0027_-1,"['SNR: -1']"
4397-15666-0024_8,"['SNR: 8']"
150-126107-0033_9,"['SNR: 9']"
6078-54013-0013_5,"['SNR: 5']"
446-123501-0027_-8,"['SNR: -8']"
2514-149482-0089_-5,"['SNR: -5']"
1235-135884-0001_-1,"['SNR: -1']"
8226-274369-0034_7,"['SNR: 7']"
8425-291444-0010_1,"['SNR: 1']"
3526-176653-0017_7,"['SNR: 7']"
200-126784-0032_-4,"['SNR: -4']"
8324-286682-0009_-10,"['SNR: -10']"
1069-133699-0009_8,"['SNR: 8']"
32-21634-0011_-14,"['SNR: -14']"
4014-186176-0039_-3,"['SNR: -3']"
2196-174172-0019_-4,"['SNR: -4']"
2691-156755-0010_4,"['SNR: 4']"
7367-86737-0113_5,"['SNR: 5']"
8838-298545-0051_-14,"['SNR: -14']"
4680-16041-0038_1,"['SNR: 1']"
5104-33407-0008_-8,"['SNR: -8']"
298-126791-0066_-4,"['SNR: -4']"
163-121908-0001_1,"['SNR: 1']"
4640-19189-0029_-12,"['SNR: -12']"
8095-274345-0024_1,"['SNR: 1']"
6064-56165-0012_-8,"['SNR: -8']"
5390-24512-0011_-6,"['SNR: -6']"
6880-216547-0093_5,"['SNR: 5']"
1594-135914-0064_-7,"['SNR: -7']"
6181-216552-0001_-1,"['SNR: -1']"
118-124588-0005_1,"['SNR: 1']"
8747-293952-0040_4,"['SNR: 4']"
3664-178366-0018_8,"['SNR: 8']"
332-128985-0051_7,"['SNR: 7']"
587-41619-0026_9,"['SNR: 9']"
4813-248638-0048_7,"['SNR: 7']"
7264-92316-0004_-6,"['SNR: -6']"
2416-152139-0051_1,"['SNR: 1']"
1081-125237-0044_-14,"['SNR: -14']"
3240-131231-0052_-9,"['SNR: -9']"
2817-142371-0071_8,"['SNR: 8']"
6454-120342-0009_-14,"['SNR: -14']"
1743-142914-0032_-4,"['SNR: -4']"
2893-139310-0028_-13,"['SNR: -13']"
2007-132570-0013_-7,"['SNR: -7']"
2910-131096-0014_-12,"['SNR: -12']"
3664-178366-0004_5,"['SNR: 5']"
3830-12531-0029_6,"['SNR: 6']"
458-126294-0011_1,"['SNR: 1']"
4788-94904-0039_2,"['SNR: 2']"
332-128985-0019_4,"['SNR: 4']"
3807-4923-0020_4,"['SNR: 4']"
40-121026-0016_10,"['SNR: 10']"
328-129766-0013_7,"['SNR: 7']"
1183-133256-0005_-2,"['SNR: -2']"
83-11691-0042_-7,"['SNR: -7']"
7148-82991-0036_10,"['SNR: 10']"
4406-16883-0044_4,"['SNR: 4']"
6563-63821-0043_-5,"['SNR: -5']"
8419-286676-0007_-5,"['SNR: -5']"
4297-13006-0026_8,"['SNR: 8']"
4214-7146-0073_8,"['SNR: 8']"
1246-124550-0029_8,"['SNR: 8']"
6064-56168-0008_-6,"['SNR: -6']"
201-127786-0076_2,"['SNR: 2']"
2196-170379-0006_8,"['SNR: 8']"
7302-86815-0003_-14,"['SNR: -14']"
4362-15663-0078_-8,"['SNR: -8']"
6454-107462-0029_9,"['SNR: 9']"
2007-149877-0060_-11,"['SNR: -11']"
1116-132847-0025_9,"['SNR: 9']"
5163-39921-0043_10,"['SNR: 10']"
5652-39938-0028_8,"['SNR: 8']"
3830-12529-0005_4,"['SNR: 4']"
298-126791-0035_-3,"['SNR: -3']"
4195-186236-0012_-2,"['SNR: -2']"
226-131532-0029_-9,"['SNR: -9']"
4406-16883-0042_-4,"['SNR: -4']"
831-130739-0047_-11,"['SNR: -11']"
1183-133256-0015_7,"['SNR: 7']"
302-123523-0036_-4,"['SNR: -4']"
6437-66173-0046_2,"['SNR: 2']"
4853-27670-0019_1,"['SNR: 1']"
89-219-0026_-5,"['SNR: -5']"
6836-61803-0008_-14,"['SNR: -14']"
4481-17498-0011_-8,"['SNR: -8']"
7059-88364-0034_-15,"['SNR: -15']"
5393-19219-0015_2,"['SNR: 2']"
226-131533-0028_-5,"['SNR: -5']"
887-123290-0012_2,"['SNR: 2']"
7178-34644-0020_7,"['SNR: 7']"
4362-15663-0066_-14,"['SNR: -14']"
2817-142371-0045_2,"['SNR: 2']"
1926-147979-0024_5,"['SNR: 5']"
103-1240-0011_-14,"['SNR: -14']"
1992-141719-0011_-9,"['SNR: -9']"
4297-13009-0012_-4,"['SNR: -4']"
8088-284756-0028_-15,"['SNR: -15']"
8324-286682-0019_-5,"['SNR: -5']"
1737-148989-0024_-4,"['SNR: -4']"
5456-62014-0006_-7,"['SNR: -7']"
3168-173564-0029_-8,"['SNR: -8']"
374-180298-0026_9,"['SNR: 9']"
6385-34655-0002_-15,"['SNR: -15']"
1447-130551-0033_1,"['SNR: 1']"
1263-139804-0015_-14,"['SNR: -14']"
4014-186183-0012_9,"['SNR: 9']"
7178-34644-0059_6,"['SNR: 6']"
3436-172162-0017_1,"['SNR: 1']"
1069-133699-0006_7,"['SNR: 7']"
1447-17506-0027_1,"['SNR: 1']"
89-218-0040_5,"['SNR: 5']"
4397-15668-0018_-10,"['SNR: -10']"
1088-129236-0004_6,"['SNR: 6']"
7859-102518-0023_-6,"['SNR: -6']"
5463-39174-0030_-7,"['SNR: -7']"
1069-133699-0007_-2,"['SNR: -2']"
5561-41615-0034_7,"['SNR: 7']"
5393-19219-0056_-8,"['SNR: -8']"
405-130895-0033_0,"['SNR: 0']"
8629-261140-0038_-3,"['SNR: -3']"
5652-19215-0036_10,"['SNR: 10']"
2416-152139-0063_-9,"['SNR: -9']"
587-54108-0017_1,"['SNR: 1']"
248-130644-0016_5,"['SNR: 5']"
7113-86041-0017_-5,"['SNR: -5']"
1578-140049-0012_4,"['SNR: 4']"
7264-92310-0029_8,"['SNR: 8']"
6476-96661-0019_-1,"['SNR: -1']"
6531-61334-0077_-13,"['SNR: -13']"
1926-147979-0004_9,"['SNR: 9']"
3436-172171-0006_-12,"['SNR: -12']"
5104-33406-0006_3,"['SNR: 3']"
1723-141149-0002_-6,"['SNR: -6']"
7367-86737-0029_-1,"['SNR: -1']"
6529-62556-0027_9,"['SNR: 9']"
426-122821-0031_6,"['SNR: 6']"
2836-5354-0047_1,"['SNR: 1']"
2002-139469-0046_3,"['SNR: 3']"
2007-132570-0030_-8,"['SNR: -8']"
8630-305212-0036_-13,"['SNR: -13']"
1502-122615-0008_-8,"['SNR: -8']"
3168-173565-0054_5,"['SNR: 5']"
4441-76262-0036_-9,"['SNR: -9']"
4788-294466-0008_10,"['SNR: 10']"
7067-76048-0040_-14,"['SNR: -14']"
3240-131231-0043_8,"['SNR: 8']"
3436-172171-0052_4,"['SNR: 4']"
6019-3185-0085_-15,"['SNR: -15']"
7505-258958-0031_-9,"['SNR: -9']"
6019-3185-0044_-10,"['SNR: -10']"
3235-28433-0034_-11,"['SNR: -11']"
6437-66173-0028_-7,"['SNR: -7']"
8324-286681-0002_8,"['SNR: 8']"
3436-172162-0034_-1,"['SNR: -1']"
7517-100442-0004_9,"['SNR: 9']"
4018-103416-0034_1,"['SNR: 1']"
7067-76048-0018_-13,"['SNR: -13']"
1926-147979-0022_10,"['SNR: 10']"
4160-11549-0009_2,"['SNR: 2']"
1088-134318-0001_-8,"['SNR: -8']"
40-222-0050_8,"['SNR: 8']"
5163-18515-0016_-2,"['SNR: -2']"
4137-11701-0028_-1,"['SNR: -1']"
8975-270782-0080_8,"['SNR: 8']"
1743-142912-0009_-14,"['SNR: -14']"
3526-176653-0040_2,"['SNR: 2']"
87-121553-0007_0,"['SNR: 0']"
5049-25947-0068_-3,"['SNR: -3']"
2764-36619-0000_3,"['SNR: 3']"
32-21634-0005_10,"['SNR: 10']"
298-126791-0007_2,"['SNR: 2']"
7794-295947-0003_-4,"['SNR: -4']"
211-122425-0010_-1,"['SNR: -1']"
4481-17499-0034_3,"['SNR: 3']"
3879-174923-0001_8,"['SNR: 8']"
3982-178459-0016_-12,"['SNR: -12']"
4051-11218-0042_-5,"['SNR: -5']"
1455-134435-0052_-9,"['SNR: -9']"
7859-102519-0014_-3,"['SNR: -3']"
1594-135914-0009_1,"['SNR: 1']"
6818-68772-0048_-6,"['SNR: -6']"
7278-104730-0025_-14,"['SNR: -14']"
3857-182315-0018_-8,"['SNR: -8']"
4051-11218-0013_4,"['SNR: 4']"
8797-294123-0055_-12,"['SNR: -12']"
328-129766-0020_-4,"['SNR: -4']"
587-41611-0028_-4,"['SNR: -4']"
83-9960-0008_0,"['SNR: 0']"
4898-28461-0018_-11,"['SNR: -11']"
6209-34601-0034_-7,"['SNR: -7']"
1116-137572-0027_-8,"['SNR: -8']"
8051-119902-0026_-7,"['SNR: -7']"
3879-174923-0067_5,"['SNR: 5']"
4397-15668-0039_1,"['SNR: 1']"
5322-7679-0029_-4,"['SNR: -4']"
1502-122619-0082_0,"['SNR: 0']"
1098-133695-0005_2,"['SNR: 2']"
311-124404-0027_7,"['SNR: 7']"
7078-271888-0107_1,"['SNR: 1']"
7800-283478-0022_-9,"['SNR: -9']"
1116-132847-0039_-4,"['SNR: -4']"
3807-4923-0051_-9,"['SNR: -9']"
1246-124548-0050_6,"['SNR: 6']"
196-122150-0025_-2,"['SNR: -2']"
78-368-0035_0,"['SNR: 0']"
1743-142913-0030_6,"['SNR: 6']"
5678-43302-0004_3,"['SNR: 3']"
78-369-0045_0,"['SNR: 0']"
8770-295465-0028_-15,"['SNR: -15']"
911-128684-0020_-15,"['SNR: -15']"
83-9960-0022_1,"['SNR: 1']"
5867-48852-0012_-14,"['SNR: -14']"
2764-36619-0027_-15,"['SNR: -15']"
441-130108-0013_-6,"['SNR: -6']"
1069-133709-0013_-11,"['SNR: -11']"
4297-13006-0022_1,"['SNR: 1']"
5703-47198-0021_-8,"['SNR: -8']"
8975-270782-0047_-9,"['SNR: -9']"
7178-34644-0067_4,"['SNR: 4']"
6836-61803-0031_-3,"['SNR: -3']"
6209-34601-0031_-5,"['SNR: -5']"
60-121082-0067_-11,"['SNR: -11']"
8465-246940-0014_-14,"['SNR: -14']"
5049-25947-0094_-5,"['SNR: -5']"
8797-294123-0101_5,"['SNR: 5']"
4195-186236-0008_7,"['SNR: 7']"
405-130894-0019_4,"['SNR: 4']"
458-126305-0012_1,"['SNR: 1']"
3723-171631-0049_-5,"['SNR: -5']"
4160-11550-0014_-7,"['SNR: -7']"
3983-5331-0031_-10,"['SNR: -10']"
3235-11599-0013_-7,"['SNR: -7']"
3486-166446-0013_-9,"['SNR: -9']"
2817-142380-0041_-12,"['SNR: -12']"
2911-15045-0021_9,"['SNR: 9']"
3440-171009-0045_-11,"['SNR: -11']"
4160-11549-0004_-3,"['SNR: -3']"
8747-293952-0061_-9,"['SNR: -9']"
3807-4955-0025_7,"['SNR: 7']"
2136-5143-0002_-12,"['SNR: -12']"
458-126290-0015_-1,"['SNR: -1']"
8108-280354-0001_-11,"['SNR: -11']"
7517-100437-0018_-11,"['SNR: -11']"
1088-134318-0007_6,"['SNR: 6']"
3664-178355-0035_-8,"['SNR: -8']"
1355-39947-0038_-10,"['SNR: -10']"
7859-102518-0015_2,"['SNR: 2']"
125-121342-0036_-5,"['SNR: -5']"
3982-178459-0064_8,"['SNR: 8']"
2182-150130-0019_-6,"['SNR: -6']"
4340-15220-0069_-14,"['SNR: -14']"
3436-172162-0009_-12,"['SNR: -12']"
5456-62043-0001_-6,"['SNR: -6']"
3240-131231-0054_-6,"['SNR: -6']"
4788-294466-0021_-5,"['SNR: -5']"
3259-158083-0017_-5,"['SNR: -5']"
8108-274318-0021_1,"['SNR: 1']"
2159-179156-0024_-14,"['SNR: -14']"
7302-86814-0046_5,"['SNR: 5']"
233-134440-0008_-13,"['SNR: -13']"
3112-9555-0010_-1,"['SNR: -1']"
730-358-0020_4,"['SNR: 4']"
5789-70653-0003_-3,"['SNR: -3']"
2384-152900-0073_6,"['SNR: 6']"
118-124588-0001_4,"['SNR: 4']"
2952-410-0050_-13,"['SNR: -13']"
5456-62043-0013_-2,"['SNR: -2']"
4481-17498-0026_-13,"['SNR: -13']"
5163-18515-0032_5,"['SNR: 5']"
441-130108-0002_6,"['SNR: 6']"
730-358-0049_-10,"['SNR: -10']"
5339-14133-0002_-13,"['SNR: -13']"
8419-286667-0005_-11,"['SNR: -11']"
3664-178366-0006_3,"['SNR: 3']"
1578-6379-0013_-2,"['SNR: -2']"
8838-298546-0017_-15,"['SNR: -15']"
7078-271888-0013_6,"['SNR: 6']"
4362-15663-0011_1,"['SNR: 1']"
1502-122615-0034_-12,"['SNR: -12']"
403-126855-0020_-11,"['SNR: -11']"
211-122442-0013_7,"['SNR: 7']"
1447-130551-0004_-12,"['SNR: -12']"
8580-287363-0005_-11,"['SNR: -11']"
4853-27671-0018_-14,"['SNR: -14']"
6064-56168-0030_-10,"['SNR: -10']"
460-172359-0071_6,"['SNR: 6']"
3235-28433-0048_-4,"['SNR: -4']"
2910-131096-0018_-1,"['SNR: -1']"
4853-27671-0017_-1,"['SNR: -1']"
2817-142371-0026_-15,"['SNR: -15']"
8770-295465-0011_-15,"['SNR: -15']"
8123-275216-0012_5,"['SNR: 5']"
730-359-0012_8,"['SNR: 8']"
103-1240-0015_-11,"['SNR: -11']"
7113-86041-0049_-5,"['SNR: -5']"
730-359-0002_-5,"['SNR: -5']"
2436-2481-0028_-6,"['SNR: -6']"
8226-274371-0008_-14,"['SNR: -14']"
6454-93938-0019_6,"['SNR: 6']"
311-124404-0073_7,"['SNR: 7']"
1455-134435-0028_4,"['SNR: 4']"
5867-48852-0071_0,"['SNR: 0']"
4018-103416-0038_-5,"['SNR: -5']"
27-124992-0032_-6,"['SNR: -6']"
6078-54013-0039_5,"['SNR: 5']"
2182-150130-0025_-11,"['SNR: -11']"
200-124140-0034_10,"['SNR: 10']"
8629-261139-0039_-2,"['SNR: -2']"
332-128985-0068_-3,"['SNR: -3']"
4051-11218-0048_-2,"['SNR: -2']"
3807-4955-0022_2,"['SNR: 2']"
5678-43302-0032_-7,"['SNR: -7']"
1898-145724-0023_-3,"['SNR: -3']"
150-132655-0032_9,"['SNR: 9']"
4680-16026-0027_-3,"['SNR: -3']"
7794-295947-0023_-2,"['SNR: -2']"
1235-135883-0033_-12,"['SNR: -12']"
4481-17499-0040_-14,"['SNR: -14']"
6064-56165-0009_-13,"['SNR: -13']"
8747-293952-0042_-11,"['SNR: -11']"
2092-145706-0010_6,"['SNR: 6']"
40-222-0065_-6,"['SNR: -6']"
2136-5143-0022_-7,"['SNR: -7']"
3259-158083-0045_-11,"['SNR: -11']"
2518-154826-0001_-9,"['SNR: -9']"
40-222-0023_1,"['SNR: 1']"
1743-142913-0021_-5,"['SNR: -5']"
7178-34645-0011_9,"['SNR: 9']"
5322-7678-0020_4,"['SNR: 4']"
7190-90542-0034_-9,"['SNR: -9']"
8108-274318-0020_-8,"['SNR: -8']"
5678-43301-0021_-5,"['SNR: -5']"
4813-248638-0049_-12,"['SNR: -12']"
39-121916-0019_-15,"['SNR: -15']"
403-128339-0004_-2,"['SNR: -2']"
4137-11702-0005_-3,"['SNR: -3']"
3240-131231-0067_-3,"['SNR: -3']"
625-132118-0007_-11,"['SNR: -11']"
233-134440-0037_-8,"['SNR: -8']"
118-47824-0056_6,"['SNR: 6']"
2764-36616-0014_-10,"['SNR: -10']"
8123-275209-0006_-5,"['SNR: -5']"
2159-179156-0009_6,"['SNR: 6']"
332-128985-0028_-2,"['SNR: -2']"
2136-5140-0006_-4,"['SNR: -4']"
1235-135884-0035_-8,"['SNR: -8']"
8324-286682-0046_6,"['SNR: 6']"
1723-141149-0003_-12,"['SNR: -12']"
3723-171115-0046_-7,"['SNR: -7']"
201-127786-0007_3,"['SNR: 3']"
19-227-0014_-10,"['SNR: -10']"
3699-19402-0003_-14,"['SNR: -14']"
3486-166424-0065_-3,"['SNR: -3']"
83-11691-0030_8,"['SNR: 8']"
5390-24512-0019_-9,"['SNR: -9']"
5789-70653-0011_4,"['SNR: 4']"
5678-43303-0030_-10,"['SNR: -10']"
4088-158077-0016_10,"['SNR: 10']"
8838-298545-0016_-13,"['SNR: -13']"
2182-181173-0016_-4,"['SNR: -4']"
254-145458-0006_10,"['SNR: 10']"
7859-102519-0000_9,"['SNR: 9']"
4051-11217-0028_9,"['SNR: 9']"
4788-91208-0017_-13,"['SNR: -13']"
5652-39938-0012_-14,"['SNR: -14']"
7367-86737-0066_-10,"['SNR: -10']"
4362-15663-0004_10,"['SNR: 10']"
5456-58161-0001_9,"['SNR: 9']"
7264-92310-0010_-12,"['SNR: -12']"
8324-286683-0003_-8,"['SNR: -8']"
8098-278278-0027_-9,"['SNR: -9']"
5778-12761-0017_-14,"['SNR: -14']"
6000-55211-0000_0,"['SNR: 0']"
8838-298546-0033_-13,"['SNR: -13']"
7148-7763-0007_-14,"['SNR: -14']"
403-216-0019_-12,"['SNR: -12']"
8324-286683-0028_9,"['SNR: 9']"
6181-216552-0097_2,"['SNR: 2']"
103-1240-0027_1,"['SNR: 1']"
3983-5371-0048_1,"['SNR: 1']"
1040-133433-0041_6,"['SNR: 6']"
6209-34599-0034_6,"['SNR: 6']"
2416-152139-0003_-6,"['SNR: -6']"
8088-284756-0062_10,"['SNR: 10']"
289-121665-0014_2,"['SNR: 2']"
374-180298-0044_8,"['SNR: 8']"
229-130880-0067_-13,"['SNR: -13']"
839-130898-0079_-9,"['SNR: -9']"
1578-6379-0009_0,"['SNR: 0']"
4788-94904-0020_-2,"['SNR: -2']"
32-4137-0029_10,"['SNR: 10']"
1898-145720-0004_-10,"['SNR: -10']"
3830-12531-0000_1,"['SNR: 1']"
201-127786-0021_0,"['SNR: 0']"
125-121124-0078_5,"['SNR: 5']"
1867-148436-0018_5,"['SNR: 5']"
1246-124548-0051_-1,"['SNR: -1']"
5652-39938-0060_-15,"['SNR: -15']"
2289-152253-0012_3,"['SNR: 3']"
374-180299-0037_-9,"['SNR: -9']"
1723-141149-0106_-1,"['SNR: -1']"
1447-130552-0021_-4,"['SNR: -4']"
8051-295385-0038_6,"['SNR: 6']"
5339-14134-0036_5,"['SNR: 5']"
2182-150130-0017_-8,"['SNR: -8']"
289-121665-0000_-6,"['SNR: -6']"
5192-19396-0001_-3,"['SNR: -3']"
7302-86814-0004_-5,"['SNR: -5']"
1502-122619-0096_-8,"['SNR: -8']"
4195-186236-0020_-6,"['SNR: -6']"
6880-216547-0071_3,"['SNR: 3']"
4362-15663-0041_9,"['SNR: 9']"
4813-248641-0003_9,"['SNR: 9']"
3723-171631-0038_-9,"['SNR: -9']"
4898-20016-0013_10,"['SNR: 10']"
887-123290-0026_-13,"['SNR: -13']"
3440-171009-0016_-10,"['SNR: -10']"
6563-63821-0025_-5,"['SNR: -5']"
1841-179183-0013_-3,"['SNR: -3']"
8630-305212-0013_-5,"['SNR: -5']"
7517-100429-0003_-4,"['SNR: -4']"
7367-86737-0115_-15,"['SNR: -15']"
8838-298546-0036_-12,"['SNR: -12']"
6000-55211-0020_-1,"['SNR: -1']"
6064-56168-0014_-12,"['SNR: -12']"
4267-287369-0020_-15,"['SNR: -15']"
3112-9555-0056_8,"['SNR: 8']"
3830-12535-0000_-9,"['SNR: -9']"
3112-9555-0077_3,"['SNR: 3']"
730-358-0045_-5,"['SNR: -5']"
6209-34601-0007_-13,"['SNR: -13']"
1963-147036-0003_-13,"['SNR: -13']"
831-130746-0052_2,"['SNR: 2']"
8629-261139-0050_7,"['SNR: 7']"
7635-105409-0034_4,"['SNR: 4']"
7190-90542-0035_-12,"['SNR: -12']"
1246-124548-0031_2,"['SNR: 2']"
3526-176651-0021_0,"['SNR: 0']"
27-124992-0019_-4,"['SNR: -4']"
587-41611-0026_-2,"['SNR: -2']"
481-123720-0072_3,"['SNR: 3']"
4406-16882-0017_-13,"['SNR: -13']"
2436-2476-0006_-4,"['SNR: -4']"
6476-57446-0070_4,"['SNR: 4']"
4830-25904-0043_-9,"['SNR: -9']"
3486-166424-0035_6,"['SNR: 6']"
3807-4923-0007_-15,"['SNR: -15']"
2289-152258-0027_-4,"['SNR: -4']"
2002-139469-0063_-2,"['SNR: -2']"
6415-111615-0002_-4,"['SNR: -4']"
405-130894-0063_-5,"['SNR: -5']"
4397-15678-0022_-1,"['SNR: -1']"
78-369-0023_2,"['SNR: 2']"
3699-19401-0006_7,"['SNR: 7']"
4859-29340-0024_-15,"['SNR: -15']"
5750-100289-0082_-5,"['SNR: -5']"
1455-134435-0066_-14,"['SNR: -14']"
911-128684-0074_7,"['SNR: 7']"
4088-158077-0031_-10,"['SNR: -10']"
3723-171631-0016_-14,"['SNR: -14']"
8609-262281-0031_10,"['SNR: 10']"
1926-143879-0010_8,"['SNR: 8']"
125-121342-0016_-12,"['SNR: -12']"
8095-274346-0020_-1,"['SNR: -1']"
1594-135914-0063_-8,"['SNR: -8']"
5192-19396-0006_-13,"['SNR: -13']"
4014-186179-0029_8,"['SNR: 8']"
412-126975-0073_-14,"['SNR: -14']"
87-121553-0043_2,"['SNR: 2']"
2416-152139-0017_3,"['SNR: 3']"
6925-80680-0072_-2,"['SNR: -2']"
909-131041-0027_-15,"['SNR: -15']"
32-4137-0043_5,"['SNR: 5']"
5393-19219-0001_-11,"['SNR: -11']"
254-127705-0008_-14,"['SNR: -14']"
1578-140045-0019_-4,"['SNR: -4']"
1455-138263-0048_2,"['SNR: 2']"
2196-170151-0034_-6,"['SNR: -6']"
6437-66173-0033_5,"['SNR: 5']"
322-124147-0076_9,"['SNR: 9']"
6529-62556-0026_-6,"['SNR: -6']"
4051-10927-0026_-15,"['SNR: -15']"
125-121124-0026_-12,"['SNR: -12']"
8629-261139-0031_0,"['SNR: 0']"
248-130644-0025_-7,"['SNR: -7']"
8629-261139-0070_-3,"['SNR: -3']"
78-368-0040_-4,"['SNR: -4']"
8324-286682-0001_-2,"['SNR: -2']"
211-122442-0003_6,"['SNR: 6']"
1183-133255-0013_6,"['SNR: 6']"
7059-88364-0009_-10,"['SNR: -10']"
4160-11549-0036_-9,"['SNR: -9']"
328-129766-0050_-15,"['SNR: -15']"
3699-47246-0024_-12,"['SNR: -12']"
1355-39947-0025_-1,"['SNR: -1']"
8312-279791-0027_7,"['SNR: 7']"
8108-274318-0006_7,"['SNR: 7']"
2092-145706-0001_8,"['SNR: 8']"
7402-59171-0014_-4,"['SNR: -4']"
1040-133433-0061_-1,"['SNR: -1']"
5049-25947-0105_-2,"['SNR: -2']"
3436-172171-0050_-2,"['SNR: -2']"
8609-283227-0067_-6,"['SNR: -6']"
1447-130552-0019_7,"['SNR: 7']"
831-130746-0054_4,"['SNR: 4']"
198-126831-0048_-9,"['SNR: -9']"
5678-43303-0025_-1,"['SNR: -1']"
730-359-0003_2,"['SNR: 2']"
4160-14187-0018_2,"['SNR: 2']"
4640-19189-0040_-12,"['SNR: -12']"
3526-176653-0026_-4,"['SNR: -4']"
1867-154071-0020_-6,"['SNR: -6']"
6529-62556-0041_-10,"['SNR: -10']"
4406-16882-0037_-2,"['SNR: -2']"
7447-91187-0030_-13,"['SNR: -13']"
5703-47212-0018_7,"['SNR: 7']"
1034-121119-0012_-8,"['SNR: -8']"
7148-7763-0003_3,"['SNR: 3']"
83-11691-0029_-13,"['SNR: -13']"
7067-76047-0049_6,"['SNR: 6']"
7148-82991-0012_-11,"['SNR: -11']"
201-127786-0049_0,"['SNR: 0']"
1970-26100-0004_9,"['SNR: 9']"
1235-135884-0032_-3,"['SNR: -3']"
3240-131231-0035_6,"['SNR: 6']"
839-130898-0094_-2,"['SNR: -2']"
5192-19397-0062_-13,"['SNR: -13']"
6415-111615-0009_-3,"['SNR: -3']"
4018-103416-0002_4,"['SNR: 4']"
8975-270782-0056_-2,"['SNR: -2']"
307-127539-0004_-6,"['SNR: -6']"
4680-16041-0037_-15,"['SNR: -15']"
332-128985-0034_-9,"['SNR: -9']"
289-121652-0008_-14,"['SNR: -14']"
4813-248641-0051_3,"['SNR: 3']"
7059-77897-0005_9,"['SNR: 9']"
8630-305213-0034_-10,"['SNR: -10']"
4137-11701-0043_-10,"['SNR: -10']"
6181-216552-0005_-4,"['SNR: -4']"
5789-57158-0030_-13,"['SNR: -13']"
1363-135842-0012_6,"['SNR: 6']"
7178-34644-0022_-12,"['SNR: -12']"
6385-34669-0021_9,"['SNR: 9']"
6880-216547-0013_-1,"['SNR: -1']"
1088-134315-0054_-2,"['SNR: -2']"
412-126975-0042_9,"['SNR: 9']"
8630-305212-0026_-5,"['SNR: -5']"
5463-39173-0038_4,"['SNR: 4']"
226-122538-0024_9,"['SNR: 9']"
250-142276-0036_-11,"['SNR: -11']"
1992-141719-0036_3,"['SNR: 3']"
1034-121119-0059_3,"['SNR: 3']"
4362-15663-0021_-11,"['SNR: -11']"
4680-16026-0032_5,"['SNR: 5']"
78-369-0057_-8,"['SNR: -8']"
1040-133433-0054_-14,"['SNR: -14']"
1447-130550-0014_2,"['SNR: 2']"
78-368-0012_2,"['SNR: 2']"
458-126305-0031_-11,"['SNR: -11']"
5867-48852-0077_-5,"['SNR: -5']"
887-123289-0016_-6,"['SNR: -6']"
7800-283492-0025_8,"['SNR: 8']"
403-126855-0008_-12,"['SNR: -12']"
7505-258958-0001_-14,"['SNR: -14']"
7447-91187-0000_1,"['SNR: 1']"
3830-12530-0039_-13,"['SNR: -13']"
8098-278252-0018_-15,"['SNR: -15']"
4397-15666-0010_3,"['SNR: 3']"
3526-176653-0047_-14,"['SNR: -14']"
8063-274117-0002_-14,"['SNR: -14']"
3830-12530-0027_9,"['SNR: 9']"
1926-147979-0011_-11,"['SNR: -11']"
5463-39173-0048_0,"['SNR: 0']"
6081-41998-0016_-5,"['SNR: -5']"
8014-112586-0009_7,"['SNR: 7']"
8425-287387-0019_-4,"['SNR: -4']"
1447-17506-0007_0,"['SNR: 0']"
446-123502-0045_-13,"['SNR: -13']"
6272-70168-0014_-5,"['SNR: -5']"
8014-280382-0001_2,"['SNR: 2']"
198-129977-0029_-15,"['SNR: -15']"
307-127539-0033_2,"['SNR: 2']"
7113-86041-0051_-7,"['SNR: -7']"
625-132112-0017_-3,"['SNR: -3']"
587-54108-0055_7,"['SNR: 7']"
5339-14134-0068_-6,"['SNR: -6']"
6078-54013-0034_7,"['SNR: 7']"
587-41619-0014_-1,"['SNR: -1']"
27-124992-0031_-14,"['SNR: -14']"
7078-271888-0095_3,"['SNR: 3']"
8465-246940-0017_7,"['SNR: 7']"
322-124146-0034_-13,"['SNR: -13']"
4859-29340-0015_6,"['SNR: 6']"
5463-39173-0056_-7,"['SNR: -7']"
1088-134315-0031_10,"['SNR: 10']"
1578-140049-0036_-9,"['SNR: -9']"
669-129061-0001_6,"['SNR: 6']"
3699-175950-0000_5,"['SNR: 5']"
4830-25898-0044_-5,"['SNR: -5']"
4137-11701-0046_-14,"['SNR: -14']"
229-130880-0058_7,"['SNR: 7']"
2159-179156-0035_-2,"['SNR: -2']"
5322-7679-0036_0,"['SNR: 0']"
39-121916-0005_0,"['SNR: 0']"
887-123289-0014_-7,"['SNR: -7']"
831-130739-0059_9,"['SNR: 9']"
3214-167602-0023_-3,"['SNR: -3']"
6925-80680-0052_9,"['SNR: 9']"
26-495-0026_-2,"['SNR: -2']"
2391-145015-0001_2,"['SNR: 2']"
3879-174923-0068_-3,"['SNR: -3']"
118-47824-0055_5,"['SNR: 5']"
5561-41615-0027_8,"['SNR: 8']"
4362-15663-0105_0,"['SNR: 0']"
7447-91186-0031_6,"['SNR: 6']"
1723-141149-0080_4,"['SNR: 4']"
60-121082-0030_7,"['SNR: 7']"
332-128985-0062_-3,"['SNR: -3']"
7505-258958-0033_-13,"['SNR: -13']"
4195-186238-0022_-9,"['SNR: -9']"
8468-294887-0029_-10,"['SNR: -10']"
7367-86737-0021_-4,"['SNR: -4']"
4214-7146-0027_10,"['SNR: 10']"
2391-145015-0007_-5,"['SNR: -5']"
3486-166446-0019_-4,"['SNR: -4']"
8051-119902-0006_-3,"['SNR: -3']"
1355-39947-0096_-10,"['SNR: -10']"
163-122947-0078_-1,"['SNR: -1']"
1553-140047-0024_10,"['SNR: 10']"
2764-36619-0026_-8,"['SNR: -8']"
7635-105409-0016_-10,"['SNR: -10']"
6209-34599-0009_8,"['SNR: 8']"
248-130697-0009_0,"['SNR: 0']"
1116-137572-0024_8,"['SNR: 8']"
7059-88364-0029_-11,"['SNR: -11']"
5652-39938-0014_-2,"['SNR: -2']"
460-172359-0034_-15,"['SNR: -15']"
7278-91083-0029_2,"['SNR: 2']"
4406-16882-0058_-6,"['SNR: -6']"
5456-62014-0005_-13,"['SNR: -13']"
446-123501-0022_5,"['SNR: 5']"
696-93314-0027_-15,"['SNR: -15']"
5022-29411-0001_-8,"['SNR: -8']"
8797-294123-0009_-9,"['SNR: -9']"
7264-92314-0007_4,"['SNR: 4']"
2514-149482-0037_1,"['SNR: 1']"
289-121665-0010_5,"['SNR: 5']"
328-129766-0047_2,"['SNR: 2']"
7059-88364-0030_-11,"['SNR: -11']"
3486-166446-0043_10,"['SNR: 10']"
118-47824-0065_-13,"['SNR: -13']"
5192-19397-0031_-2,"['SNR: -2']"
2159-179157-0005_-12,"['SNR: -12']"
426-122821-0034_-7,"['SNR: -7']"
696-93314-0061_10,"['SNR: 10']"
198-209-0007_6,"['SNR: 6']"
1098-133695-0002_3,"['SNR: 3']"
5339-14133-0051_5,"['SNR: 5']"
3947-13260-0035_-6,"['SNR: -6']"
831-130739-0054_-7,"['SNR: -7']"
3879-174923-0055_-2,"['SNR: -2']"
1594-135914-0057_-7,"['SNR: -7']"
8324-286682-0043_2,"['SNR: 2']"
103-1240-0025_-5,"['SNR: -5']"
4160-11549-0027_-6,"['SNR: -6']"
87-121553-0031_-1,"['SNR: -1']"
5703-47198-0049_1,"['SNR: 1']"
3440-171009-0029_8,"['SNR: 8']"
6836-61803-0036_-4,"['SNR: -4']"
3242-8112-0030_4,"['SNR: 4']"
4680-16042-0001_-3,"['SNR: -3']"
3242-8112-0035_-14,"['SNR: -14']"
1098-133695-0041_-14,"['SNR: -14']"
7447-91186-0027_2,"['SNR: 2']"
3830-12535-0019_-1,"['SNR: -1']"
4267-287369-0026_-9,"['SNR: -9']"
198-209-0037_-9,"['SNR: -9']"
118-47824-0058_8,"['SNR: 8']"
8063-274116-0015_-4,"['SNR: -4']"
8238-283452-0029_-6,"['SNR: -6']"
4362-15663-0009_-2,"['SNR: -2']"
405-130895-0007_-4,"['SNR: -4']"
39-121914-0039_-12,"['SNR: -12']"
5652-19215-0045_5,"['SNR: 5']"
118-47824-0067_-14,"['SNR: -14']"
2159-179154-0003_-5,"['SNR: -5']"
8770-295462-0004_-2,"['SNR: -2']"
6019-3185-0093_-11,"['SNR: -11']"
5867-48852-0007_-6,"['SNR: -6']"
7226-86965-0038_8,"['SNR: 8']"
233-134440-0056_-15,"['SNR: -15']"
3440-171006-0007_-9,"['SNR: -9']"
6848-252323-0012_5,"['SNR: 5']"
1970-10594-0017_6,"['SNR: 6']"
6019-3185-0012_9,"['SNR: 9']"
1246-124550-0013_-3,"['SNR: -3']"
5867-48852-0081_1,"['SNR: 1']"
2136-5147-0013_4,"['SNR: 4']"
1737-148989-0029_4,"['SNR: 4']"
6181-216552-0104_7,"['SNR: 7']"
5192-19397-0013_10,"['SNR: 10']"
5049-25947-0100_-4,"['SNR: -4']"
8468-286673-0005_-5,"['SNR: -5']"
3807-4955-0006_-12,"['SNR: -12']"
8238-274553-0017_3,"['SNR: 3']"
1246-135815-0014_1,"['SNR: 1']"
3214-167606-0027_-6,"['SNR: -6']"
887-123291-0041_-15,"['SNR: -15']"
6019-3185-0106_1,"['SNR: 1']"
3374-298026-0038_-13,"['SNR: -13']"
6454-107462-0009_-4,"['SNR: -4']"
3235-11599-0004_2,"['SNR: 2']"
587-54108-0001_-12,"['SNR: -12']"
8063-274117-0006_-12,"['SNR: -12']"
83-11691-0035_9,"['SNR: 9']"
3982-178459-0037_-1,"['SNR: -1']"
5867-48852-0059_-12,"['SNR: -12']"
8123-275193-0017_8,"['SNR: 8']"
5322-7678-0003_-6,"['SNR: -6']"
198-126831-0042_8,"['SNR: 8']"
332-128985-0042_4,"['SNR: 4']"
587-41619-0002_6,"['SNR: 6']"
3259-158083-0072_2,"['SNR: 2']"
7113-86041-0067_3,"['SNR: 3']"
730-358-0028_-3,"['SNR: -3']"
460-172359-0005_-7,"['SNR: -7']"
6209-34599-0001_-13,"['SNR: -13']"
1841-179183-0031_-5,"['SNR: -5']"
1926-147979-0028_-13,"['SNR: -13']"
3526-176653-0037_-11,"['SNR: -11']"
4406-16882-0061_-15,"['SNR: -15']"
6019-3185-0090_7,"['SNR: 7']"
405-130895-0016_-7,"['SNR: -7']"
405-130894-0076_10,"['SNR: 10']"
7505-258958-0002_-5,"['SNR: -5']"
3526-176651-0001_-13,"['SNR: -13']"
4830-25904-0034_-14,"['SNR: -14']"
198-126831-0000_-1,"['SNR: -1']"
125-121124-0025_5,"['SNR: 5']"
4362-15663-0010_-9,"['SNR: -9']"
8108-274318-0005_6,"['SNR: 6']"
7635-105661-0034_7,"['SNR: 7']"
1081-125237-0051_-11,"['SNR: -11']"
4137-11701-0007_-6,"['SNR: -6']"
412-126975-0000_-1,"['SNR: -1']"
1447-17506-0014_9,"['SNR: 9']"
118-47824-0005_7,"['SNR: 7']"
1992-141719-0028_-13,"['SNR: -13']"
5678-43303-0019_-4,"['SNR: -4']"
587-54108-0008_-12,"['SNR: -12']"
625-132118-0028_6,"['SNR: 6']"
481-123720-0071_6,"['SNR: 6']"
5678-43302-0036_7,"['SNR: 7']"
6529-62554-0054_-8,"['SNR: -8']"
3947-13260-0033_8,"['SNR: 8']"
1867-154071-0003_-12,"['SNR: -12']"
2002-139469-0102_10,"['SNR: 10']"
5867-48852-0083_-2,"['SNR: -2']"
7511-102419-0005_5,"['SNR: 5']"
2384-152900-0062_-8,"['SNR: -8']"
7367-86737-0018_-10,"['SNR: -10']"
5022-29405-0017_-8,"['SNR: -8']"
3259-158083-0011_-1,"['SNR: -1']"
4051-11218-0008_3,"['SNR: 3']"
445-123860-0022_-3,"['SNR: -3']"
3440-171009-0052_-14,"['SNR: -14']"
1447-17506-0002_-3,"['SNR: -3']"
5163-39921-0024_3,"['SNR: 3']"
89-219-0037_-14,"['SNR: -14']"
87-121553-0073_-6,"['SNR: -6']"
3699-19402-0004_7,"['SNR: 7']"
6181-216552-0076_8,"['SNR: 8']"
3214-167606-0008_0,"['SNR: 0']"
4680-16026-0040_-6,"['SNR: -6']"
3982-178459-0057_-1,"['SNR: -1']"
7635-105409-0021_-10,"['SNR: -10']"
7059-77900-0012_0,"['SNR: 0']"
441-128988-0012_-3,"['SNR: -3']"
1723-141149-0061_-9,"['SNR: -9']"
328-129766-0011_-1,"['SNR: -1']"
1578-140045-0020_-8,"['SNR: -8']"
3259-158083-0100_-12,"['SNR: -12']"
5393-19219-0062_-8,"['SNR: -8']"
8088-284756-0026_-15,"['SNR: -15']"
87-121553-0070_-9,"['SNR: -9']"
5456-58161-0023_7,"['SNR: 7']"
1867-154071-0031_7,"['SNR: 7']"
481-123720-0037_-9,"['SNR: -9']"
201-127786-0065_2,"['SNR: 2']"
8630-305213-0037_10,"['SNR: 10']"
669-129074-0001_-2,"['SNR: -2']"
5652-19215-0050_6,"['SNR: 6']"
3259-158083-0114_9,"['SNR: 9']"
8312-279791-0025_7,"['SNR: 7']"
1743-142913-0024_-5,"['SNR: -5']"
2159-179157-0024_0,"['SNR: 0']"
5163-18515-0047_6,"['SNR: 6']"
2391-145015-0051_2,"['SNR: 2']"
4018-103416-0027_3,"['SNR: 3']"
669-129061-0045_-1,"['SNR: -1']"
3983-5331-0034_-3,"['SNR: -3']"
8088-284756-0022_1,"['SNR: 1']"
298-126791-0041_2,"['SNR: 2']"
2989-138035-0018_-1,"['SNR: -1']"
1992-141719-0014_4,"['SNR: 4']"
5322-7680-0029_8,"['SNR: 8']"
40-222-0025_8,"['SNR: 8']"
250-142286-0022_-8,"['SNR: -8']"
27-124992-0060_1,"['SNR: 1']"
5514-19193-0008_1,"['SNR: 1']"
2007-149877-0019_-11,"['SNR: -11']"
7226-86964-0006_3,"['SNR: 3']"
8098-278252-0001_-2,"['SNR: -2']"
2910-131096-0081_10,"['SNR: 10']"
2817-142380-0013_-9,"['SNR: -9']"
19-227-0000_-11,"['SNR: -11']"
669-129061-0051_9,"['SNR: 9']"
3857-182315-0007_-14,"['SNR: -14']"
32-21625-0013_-7,"['SNR: -7']"
2182-181183-0026_-1,"['SNR: -1']"
5049-25947-0052_-12,"['SNR: -12']"
201-127786-0040_6,"['SNR: 6']"
311-124404-0017_-11,"['SNR: -11']"
6925-80680-0078_7,"['SNR: 7']"
1898-145724-0033_6,"['SNR: 6']"
8468-286673-0017_-8,"['SNR: -8']"
3526-176653-0051_-11,"['SNR: -11']"
19-227-0048_-1,"['SNR: -1']"
2159-179154-0027_-10,"['SNR: -10']"
2007-149877-0039_7,"['SNR: 7']"
2092-145706-0059_-12,"['SNR: -12']"
1116-137572-0043_-7,"['SNR: -7']"
4813-248641-0016_-1,"['SNR: -1']"
4160-11550-0008_-13,"['SNR: -13']"
103-1240-0016_-12,"['SNR: -12']"
3664-178366-0025_-10,"['SNR: -10']"
8238-274553-0065_6,"['SNR: 6']"
150-126107-0031_6,"['SNR: 6']"
4640-19189-0038_10,"['SNR: 10']"
6880-216547-0104_6,"['SNR: 6']"
696-93314-0008_-13,"['SNR: -13']"
4441-76263-0014_-8,"['SNR: -8']"
4830-25904-0022_-10,"['SNR: -10']"
7505-258958-0009_-8,"['SNR: -8']"
3374-298025-0021_0,"['SNR: 0']"
8465-246947-0021_-10,"['SNR: -10']"
1081-125237-0052_5,"['SNR: 5']"
7447-91187-0008_-12,"['SNR: -12']"
8975-270782-0086_8,"['SNR: 8']"
8088-284756-0000_2,"['SNR: 2']"
6000-55211-0032_-1,"['SNR: -1']"
163-122947-0029_7,"['SNR: 7']"
3486-166446-0007_8,"['SNR: 8']"
2989-138035-0021_6,"['SNR: 6']"
8425-287387-0018_8,"['SNR: 8']"
4441-76250-0021_-10,"['SNR: -10']"
6563-285357-0013_-7,"['SNR: -7']"
3242-67153-0019_-9,"['SNR: -9']"
248-130652-0013_-13,"['SNR: -13']"
198-126831-0053_10,"['SNR: 10']"
40-121026-0030_6,"['SNR: 6']"
328-129766-0071_-6,"['SNR: -6']"
2159-179156-0010_-7,"['SNR: -7']"
1040-133433-0032_-9,"['SNR: -9']"
1263-141777-0041_-7,"['SNR: -7']"
5022-29405-0019_-11,"['SNR: -11']"
4195-186237-0005_0,"['SNR: 0']"
6437-66172-0043_-3,"['SNR: -3']"
1034-121119-0044_3,"['SNR: 3']"
6454-93938-0016_-9,"['SNR: -9']"
4406-16883-0012_-11,"['SNR: -11']"
5339-14134-0040_9,"['SNR: 9']"
7278-104730-0026_5,"['SNR: 5']"
7367-86737-0091_2,"['SNR: 2']"
4340-15220-0012_6,"['SNR: 6']"
887-123291-0017_-12,"['SNR: -12']"
2514-149482-0066_-12,"['SNR: -12']"
83-11691-0040_-8,"['SNR: -8']"
5463-39173-0006_3,"['SNR: 3']"
83-11691-0012_9,"['SNR: 9']"
83-11691-0039_-2,"['SNR: -2']"
8108-280354-0016_4,"['SNR: 4']"
7190-90542-0082_-11,"['SNR: -11']"
7859-102518-0012_9,"['SNR: 9']"
8123-275193-0013_-13,"['SNR: -13']"
211-122425-0077_3,"['SNR: 3']"
6531-61334-0115_5,"['SNR: 5']"
426-122822-0023_6,"['SNR: 6']"
89-219-0035_2,"['SNR: 2']"
5393-19219-0029_2,"['SNR: 2']"
8770-295463-0022_3,"['SNR: 3']"
8063-274112-0005_-9,"['SNR: -9']"
6147-34605-0038_-8,"['SNR: -8']"
1970-28415-0002_9,"['SNR: 9']"
5867-48852-0104_4,"['SNR: 4']"
3664-178366-0010_-5,"['SNR: -5']"
481-123720-0044_3,"['SNR: 3']"
6454-93938-0035_8,"['SNR: 8']"
83-11691-0045_3,"['SNR: 3']"
2136-5147-0007_-8,"['SNR: -8']"
5514-19193-0034_-8,"['SNR: -8']"
26-495-0081_0,"['SNR: 0']"
248-130644-0013_1,"['SNR: 1']"
4051-11218-0003_0,"['SNR: 0']"
2196-170379-0019_-4,"['SNR: -4']"
6147-34605-0012_-6,"['SNR: -6']"
7800-283478-0016_-14,"['SNR: -14']"
307-127535-0020_8,"['SNR: 8']"
60-121082-0002_3,"['SNR: 3']"
8609-262281-0034_-15,"['SNR: -15']"
1355-39947-0070_10,"['SNR: 10']"
2817-142380-0033_-14,"['SNR: -14']"
8468-286673-0003_8,"['SNR: 8']"
5456-58161-0000_7,"['SNR: 7']"
6818-68772-0007_-7,"['SNR: -7']"
1455-134435-0068_-14,"['SNR: -14']"
7402-90848-0055_-13,"['SNR: -13']"
2989-138035-0010_0,"['SNR: 0']"
1553-140047-0037_-2,"['SNR: -2']"
311-124404-0036_5,"['SNR: 5']"
1737-148989-0011_-14,"['SNR: -14']"
1867-148436-0029_-6,"['SNR: -6']"
4014-186179-0012_5,"['SNR: 5']"
1363-135842-0005_-2,"['SNR: -2']"
103-1241-0041_3,"['SNR: 3']"
3699-47246-0028_-9,"['SNR: -9']"
1898-145715-0036_-2,"['SNR: -2']"
2817-142371-0015_-13,"['SNR: -13']"
3723-171631-0021_6,"['SNR: 6']"
1069-133709-0051_-5,"['SNR: -5']"
6454-120342-0018_2,"['SNR: 2']"
198-126831-0029_5,"['SNR: 5']"
3214-167606-0011_-13,"['SNR: -13']"
909-131041-0022_-12,"['SNR: -12']"
587-54108-0021_-1,"['SNR: -1']"
6818-76332-0035_-5,"['SNR: -5']"
1334-135589-0041_5,"['SNR: 5']"
3607-135982-0045_3,"['SNR: 3']"
83-9960-0049_2,"['SNR: 2']"
5808-54425-0026_-4,"['SNR: -4']"
6209-34600-0001_-1,"['SNR: -1']"
2136-5147-0022_-1,"['SNR: -1']"
7505-83618-0021_7,"['SNR: 7']"
3240-131231-0014_-5,"['SNR: -5']"
2952-407-0013_-2,"['SNR: -2']"
8425-246962-0025_0,"['SNR: 0']"
5049-25947-0023_10,"['SNR: 10']"
8226-274371-0022_-1,"['SNR: -1']"
6019-3185-0028_8,"['SNR: 8']"
4014-186183-0021_3,"['SNR: 3']"
6415-111615-0005_-3,"['SNR: -3']"
201-127786-0051_-13,"['SNR: -13']"
1034-121119-0093_-6,"['SNR: -6']"
6476-57446-0057_-10,"['SNR: -10']"
426-122822-0030_-6,"['SNR: -6']"
60-121082-0049_2,"['SNR: 2']"
1926-147979-0014_1,"['SNR: 1']"
3242-8112-0022_7,"['SNR: 7']"
8468-295198-0017_1,"['SNR: 1']"
1737-142397-0034_7,"['SNR: 7']"
6531-61334-0130_7,"['SNR: 7']"
446-123502-0034_-1,"['SNR: -1']"
19-198-0011_-7,"['SNR: -7']"
5456-24741-0016_1,"['SNR: 1']"
6367-74004-0006_-1,"['SNR: -1']"
4267-72637-0002_-11,"['SNR: -11']"
150-132655-0035_0,"['SNR: 0']"
4406-16882-0045_2,"['SNR: 2']"
1246-124550-0025_5,"['SNR: 5']"
6925-80680-0012_-4,"['SNR: -4']"
1034-121119-0039_0,"['SNR: 0']"
3374-298032-0037_-13,"['SNR: -13']"
2436-2481-0002_5,"['SNR: 5']"
909-131044-0024_6,"['SNR: 6']"
1081-125237-0094_3,"['SNR: 3']"
6064-56168-0019_-5,"['SNR: -5']"
8324-286683-0027_-4,"['SNR: -4']"
5192-19397-0077_-6,"['SNR: -6']"
5463-39173-0035_5,"['SNR: 5']"
2910-131096-0039_8,"['SNR: 8']"
669-129061-0031_-9,"['SNR: -9']"
4441-76262-0011_-3,"['SNR: -3']"
3374-298026-0025_0,"['SNR: 0']"
1841-159771-0008_0,"['SNR: 0']"
150-126107-0025_-12,"['SNR: -12']"
4018-107312-0021_4,"['SNR: 4']"
5049-25947-0125_-10,"['SNR: -10']"
3607-135982-0048_-6,"['SNR: -6']"
8088-284756-0045_6,"['SNR: 6']"
730-359-0011_1,"['SNR: 1']"
8014-112586-0015_2,"['SNR: 2']"
254-27760-0021_2,"['SNR: 2']"
4018-107312-0010_2,"['SNR: 2']"
1081-125237-0061_-15,"['SNR: -15']"
5390-30102-0015_-8,"['SNR: -8']"
3440-171009-0013_0,"['SNR: 0']"
4397-15668-0014_5,"['SNR: 5']"
3857-182317-0003_-8,"['SNR: -8']"
4297-13009-0050_6,"['SNR: 6']"
7059-77897-0006_-2,"['SNR: -2']"
2092-145706-0061_10,"['SNR: 10']"
2182-181183-0010_-8,"['SNR: -8']"
6880-216547-0011_4,"['SNR: 4']"
8630-305213-0036_-5,"['SNR: -5']"
3374-298026-0027_-5,"['SNR: -5']"
5514-19192-0030_-4,"['SNR: -4']"
5688-41232-0064_9,"['SNR: 9']"
250-142276-0028_4,"['SNR: 4']"
8312-279790-0000_-7,"['SNR: -7']"
8629-261139-0012_4,"['SNR: 4']"
7780-274562-0065_-2,"['SNR: -2']"
458-126305-0001_-4,"['SNR: -4']"
5867-48852-0008_-6,"['SNR: -6']"
3214-167607-0020_-2,"['SNR: -2']"
6367-65536-0074_-1,"['SNR: -1']"
4051-10927-0010_6,"['SNR: 6']"
7302-86814-0006_0,"['SNR: 0']"
4859-29340-0037_2,"['SNR: 2']"
4481-17499-0002_-1,"['SNR: -1']"
6529-62554-0042_-5,"['SNR: -5']"
3607-135982-0004_-12,"['SNR: -12']"
1553-140047-0009_-14,"['SNR: -14']"
5808-54425-0001_-15,"['SNR: -15']"
2007-132570-0018_-10,"['SNR: -10']"
8609-283227-0007_-13,"['SNR: -13']"
3526-175658-0020_1,"['SNR: 1']"
8629-261139-0046_10,"['SNR: 10']"
7190-90542-0045_-14,"['SNR: -14']"
7505-258964-0004_8,"['SNR: 8']"
7078-271888-0058_-12,"['SNR: -12']"
5561-41616-0003_-12,"['SNR: -12']"
2843-152918-0043_8,"['SNR: 8']"
7059-77900-0001_-11,"['SNR: -11']"
3214-167606-0019_4,"['SNR: 4']"
8797-294123-0045_2,"['SNR: 2']"
2159-179154-0034_2,"['SNR: 2']"
27-124992-0014_-8,"['SNR: -8']"
2136-5147-0006_2,"['SNR: 2']"
6437-66173-0030_-9,"['SNR: -9']"
5339-14134-0045_6,"['SNR: 6']"
87-121553-0084_9,"['SNR: 9']"
8108-280359-0014_-13,"['SNR: -13']"
426-122821-0028_-2,"['SNR: -2']"
1578-140049-0014_-5,"['SNR: -5']"
4195-186236-0025_-2,"['SNR: -2']"
8975-270782-0016_-12,"['SNR: -12']"
8468-286673-0025_1,"['SNR: 1']"
8770-295465-0023_-10,"['SNR: -10']"
8838-298545-0027_-10,"['SNR: -10']"
6000-55211-0044_5,"['SNR: 5']"
1594-135914-0054_2,"['SNR: 2']"
60-121082-0078_-11,"['SNR: -11']"
1723-141149-0047_4,"['SNR: 4']"
2893-139310-0014_7,"['SNR: 7']"
909-131045-0031_0,"['SNR: 0']"
125-121342-0012_7,"['SNR: 7']"
2416-152137-0001_2,"['SNR: 2']"
839-130898-0015_-8,"['SNR: -8']"
4014-186179-0038_-8,"['SNR: -8']"
5867-48852-0039_-5,"['SNR: -5']"
289-121665-0019_-1,"['SNR: -1']"
5022-29411-0050_6,"['SNR: 6']"
6880-216547-0056_3,"['SNR: 3']"
163-122947-0046_-5,"['SNR: -5']"
8098-275181-0009_-14,"['SNR: -14']"
26-496-0008_-15,"['SNR: -15']"
8063-274117-0014_-4,"['SNR: -4']"
7178-34644-0007_-4,"['SNR: -4']"
7635-105661-0014_-5,"['SNR: -5']"
7402-59171-0007_-7,"['SNR: -7']"
39-121914-0042_-13,"['SNR: -13']"
4640-19189-0000_5,"['SNR: 5']"
2817-142371-0009_-15,"['SNR: -15']"
4853-27670-0016_-5,"['SNR: -5']"
458-126305-0026_10,"['SNR: 10']"
250-142276-0010_2,"['SNR: 2']"
4640-19189-0031_-1,"['SNR: -1']"
7780-274562-0023_9,"['SNR: 9']"
8580-287364-0003_-3,"['SNR: -3']"
4137-11701-0021_6,"['SNR: 6']"
6529-62554-0015_6,"['SNR: 6']"
8063-274117-0031_-15,"['SNR: -15']"
446-123502-0025_-12,"['SNR: -12']"
8098-275181-0010_-7,"['SNR: -7']"
2002-139469-0056_-15,"['SNR: -15']"
8747-293952-0102_-6,"['SNR: -6']"
6437-66173-0017_-12,"['SNR: -12']"
2182-181183-0011_-5,"['SNR: -5']"
8770-295465-0005_-15,"['SNR: -15']"
4813-248638-0011_-13,"['SNR: -13']"
7800-283493-0013_-6,"['SNR: -6']"
3440-171009-0030_-9,"['SNR: -9']"
2384-152900-0057_-15,"['SNR: -15']"
32-4137-0025_2,"['SNR: 2']"
481-123720-0083_0,"['SNR: 0']"
6531-61334-0017_6,"['SNR: 6']"
40-222-0062_0,"['SNR: 0']"
196-122152-0007_-6,"['SNR: -6']"
163-121908-0000_-1,"['SNR: -1']"
2436-2481-0009_0,"['SNR: 0']"
5463-39173-0033_0,"['SNR: 0']"
6836-61804-0032_-8,"['SNR: -8']"
7402-59171-0038_-8,"['SNR: -8']"
3607-135982-0000_5,"['SNR: 5']"
4014-186179-0037_-1,"['SNR: -1']"
2416-152137-0012_-9,"['SNR: -9']"
2384-152900-0071_3,"['SNR: 3']"
3879-173592-0005_-3,"['SNR: -3']"
8609-262281-0026_-10,"['SNR: -10']"
2391-145015-0101_6,"['SNR: 6']"
1926-147987-0006_-4,"['SNR: -4']"
7264-92310-0012_-5,"['SNR: -5']"
2289-152258-0001_7,"['SNR: 7']"
5750-100289-0078_3,"['SNR: 3']"
5163-39921-0010_0,"['SNR: 0']"
4340-15220-0071_2,"['SNR: 2']"
78-369-0037_4,"['SNR: 4']"
27-123349-0002_-13,"['SNR: -13']"
5514-19192-0044_-15,"['SNR: -15']"
150-126107-0003_0,"['SNR: 0']"
2384-152900-0019_-12,"['SNR: -12']"
446-123501-0006_-5,"['SNR: -5']"
2911-12359-0015_0,"['SNR: 0']"
909-131044-0025_5,"['SNR: 5']"
302-123523-0000_8,"['SNR: 8']"
6081-41997-0003_-5,"['SNR: -5']"
8468-295198-0022_1,"['SNR: 1']"
5688-15787-0035_-7,"['SNR: -7']"
8747-293952-0033_2,"['SNR: 2']"
7178-34644-0049_-10,"['SNR: -10']"
87-121553-0104_2,"['SNR: 2']"
4640-19188-0001_3,"['SNR: 3']"
7302-86815-0043_-7,"['SNR: -7']"
87-121553-0064_-15,"['SNR: -15']"
1898-145702-0002_0,"['SNR: 0']"
201-122255-0040_-12,"['SNR: -12']"
103-1240-0006_6,"['SNR: 6']"
4362-15663-0044_-9,"['SNR: -9']"
8108-274318-0007_9,"['SNR: 9']"
4788-91208-0012_-9,"['SNR: -9']"
2182-181183-0000_9,"['SNR: 9']"
198-209-0001_0,"['SNR: 0']"
1263-139804-0024_-9,"['SNR: -9']"
2817-142371-0054_7,"['SNR: 7']"
118-47824-0010_3,"['SNR: 3']"
3259-158083-0004_2,"['SNR: 2']"
8051-119902-0019_0,"['SNR: 0']"
4160-11550-0022_7,"['SNR: 7']"
696-93314-0063_-14,"['SNR: -14']"
2843-152918-0050_9,"['SNR: 9']"
163-122947-0014_0,"['SNR: 0']"
8324-286682-0020_0,"['SNR: 0']"
3436-172162-0038_-12,"['SNR: -12']"
201-122255-0017_3,"['SNR: 3']"
6081-41998-0009_-5,"['SNR: -5']"
4898-28461-0009_9,"['SNR: 9']"
6818-76332-0016_-12,"['SNR: -12']"
5808-48608-0031_-13,"['SNR: -13']"
7278-91083-0023_-12,"['SNR: -12']"
3112-9555-0018_-9,"['SNR: -9']"
8580-287363-0015_-8,"['SNR: -8']"
3879-174923-0038_-12,"['SNR: -12']"
5163-39921-0013_-4,"['SNR: -4']"
2843-152918-0100_-15,"['SNR: -15']"
298-126790-0013_-10,"['SNR: -10']"
4214-7146-0011_-13,"['SNR: -13']"
5561-41616-0008_-12,"['SNR: -12']"
3242-67153-0037_-2,"['SNR: -2']"
669-129061-0075_-14,"['SNR: -14']"
328-129766-0026_-12,"['SNR: -12']"
1594-135914-0062_7,"['SNR: 7']"
5163-39921-0056_-11,"['SNR: -11']"
7178-34644-0066_8,"['SNR: 8']"
5688-15787-0043_-14,"['SNR: -14']"
6367-65536-0036_7,"['SNR: 7']"
1355-39947-0037_-8,"['SNR: -8']"
211-122442-0060_3,"['SNR: 3']"
7367-86737-0003_2,"['SNR: 2']"
460-172359-0026_8,"['SNR: 8']"
3440-171009-0000_-2,"['SNR: -2']"
302-123516-0016_4,"['SNR: 4']"
2764-36616-0015_-9,"['SNR: -9']"
5049-25947-0072_6,"['SNR: 6']"
4214-7146-0016_1,"['SNR: 1']"
4137-11702-0059_-2,"['SNR: -2']"
150-126112-0013_7,"['SNR: 7']"
1455-134435-0021_8,"['SNR: 8']"
3982-178459-0062_3,"['SNR: 3']"
1034-121119-0057_-11,"['SNR: -11']"
198-129977-0005_-14,"['SNR: -14']"
8088-284756-0107_-8,"['SNR: -8']"
2817-142380-0005_-7,"['SNR: -7']"
2416-152139-0029_-7,"['SNR: -7']"
1246-124548-0042_8,"['SNR: 8']"
298-126791-0032_8,"['SNR: 8']"
8747-293952-0064_-7,"['SNR: -7']"
4088-158077-0063_5,"['SNR: 5']"
1455-138263-0024_4,"['SNR: 4']"
103-1241-0008_-3,"['SNR: -3']"
3607-29116-0004_-4,"['SNR: -4']"
887-123290-0027_-5,"['SNR: -5']"
3879-174923-0039_0,"['SNR: 0']"
322-124146-0007_-4,"['SNR: -4']"
6272-70168-0011_1,"['SNR: 1']"
911-128684-0052_-11,"['SNR: -11']"
5049-25947-0075_4,"['SNR: 4']"
8108-274318-0004_1,"['SNR: 1']"
39-121914-0040_2,"['SNR: 2']"
3240-131232-0009_-12,"['SNR: -12']"
7226-86965-0027_1,"['SNR: 1']"
3807-4923-0045_0,"['SNR: 0']"
2289-152253-0018_8,"['SNR: 8']"
8797-294123-0028_-13,"['SNR: -13']"
3168-173564-0031_-13,"['SNR: -13']"
163-122947-0070_-10,"['SNR: -10']"
254-12312-0008_4,"['SNR: 4']"
458-126290-0011_3,"['SNR: 3']"
2691-156755-0031_5,"['SNR: 5']"
460-172359-0086_0,"['SNR: 0']"
1624-168623-0007_1,"['SNR: 1']"
6078-54013-0048_10,"['SNR: 10']"
8425-287387-0026_-14,"['SNR: -14']"
8098-278252-0003_5,"['SNR: 5']"
1841-159771-0010_-5,"['SNR: -5']"
8797-294123-0086_4,"['SNR: 4']"
8629-261140-0035_-14,"['SNR: -14']"
6209-34601-0028_-5,"['SNR: -5']"
5163-18515-0030_-13,"['SNR: -13']"
8123-275209-0011_7,"['SNR: 7']"
7226-86964-0056_1,"['SNR: 1']"
1970-10594-0027_8,"['SNR: 8']"
87-121553-0090_-10,"['SNR: -10']"
118-47824-0085_0,"['SNR: 0']"
4267-72637-0014_-14,"['SNR: -14']"
1235-135883-0004_3,"['SNR: 3']"
5390-30096-0025_9,"['SNR: 9']"
5192-19397-0072_0,"['SNR: 0']"
6081-42010-0009_6,"['SNR: 6']"
3436-172162-0023_10,"['SNR: 10']"
6925-80680-0039_9,"['SNR: 9']"
7226-86964-0010_-6,"['SNR: -6']"
60-121082-0010_0,"['SNR: 0']"
7511-102420-0027_-15,"['SNR: -15']"
2989-138035-0052_5,"['SNR: 5']"
1553-140047-0020_6,"['SNR: 6']"
7113-86041-0019_-3,"['SNR: -3']"
4406-16882-0047_-15,"['SNR: -15']"
4297-13009-0039_0,"['SNR: 0']"
5867-48852-0086_7,"['SNR: 7']"
302-123516-0034_2,"['SNR: 2']"
39-121915-0006_6,"['SNR: 6']"
405-130895-0037_5,"['SNR: 5']"
4813-248641-0010_-7,"['SNR: -7']"
3857-180923-0009_-1,"['SNR: -1']"
5049-25947-0019_-11,"['SNR: -11']"
1594-135914-0077_-5,"['SNR: -5']"
669-129061-0026_-9,"['SNR: -9']"
2843-152918-0059_9,"['SNR: 9']"
831-130739-0056_-15,"['SNR: -15']"
426-122821-0017_7,"['SNR: 7']"
7517-100442-0026_-9,"['SNR: -9']"
426-122821-0020_-11,"['SNR: -11']"
8609-262281-0043_-12,"['SNR: -12']"
2182-181183-0031_-7,"['SNR: -7']"
3235-28452-0013_-1,"['SNR: -1']"
7859-102519-0053_-6,"['SNR: -6']"
6880-216547-0023_9,"['SNR: 9']"
289-121665-0040_-4,"['SNR: -4']"
6437-66173-0034_-12,"['SNR: -12']"
27-123349-0003_-6,"['SNR: -6']"
1263-141777-0033_0,"['SNR: 0']"
8095-274346-0030_-11,"['SNR: -11']"
307-127535-0006_-5,"['SNR: -5']"
405-130895-0023_10,"['SNR: 10']"
2384-152900-0026_1,"['SNR: 1']"
302-123516-0024_8,"['SNR: 8']"
887-123289-0031_7,"['SNR: 7']"
39-121914-0056_-13,"['SNR: -13']"
3240-131232-0005_-4,"['SNR: -4']"
3240-131232-0022_-6,"['SNR: -6']"
7178-34645-0008_-10,"['SNR: -10']"
6272-70191-0011_-14,"['SNR: -14']"
7190-90542-0021_8,"['SNR: 8']"
8465-246947-0016_-7,"['SNR: -7']"
118-47824-0069_-10,"['SNR: -10']"
446-123502-0015_9,"['SNR: 9']"
1970-10594-0026_-14,"['SNR: -14']"
911-128684-0057_-2,"['SNR: -2']"
7113-86041-0084_-11,"['SNR: -11']"
5456-58161-0017_-1,"['SNR: -1']"
8108-280359-0007_-6,"['SNR: -6']"
1926-147987-0020_7,"['SNR: 7']"
1963-142393-0021_-9,"['SNR: -9']"
125-121124-0073_6,"['SNR: 6']"
1578-140049-0018_-6,"['SNR: -6']"
1963-142393-0016_-11,"['SNR: -11']"
6081-42010-0006_-10,"['SNR: -10']"
6563-285357-0001_0,"['SNR: 0']"
730-358-0037_-8,"['SNR: -8']"
1246-124550-0000_8,"['SNR: 8']"
150-126112-0012_5,"['SNR: 5']"
481-123719-0011_-15,"['SNR: -15']"
2196-170151-0024_5,"['SNR: 5']"
5393-19218-0027_-12,"['SNR: -12']"
1455-138263-0041_-8,"['SNR: -8']"
8425-287387-0006_9,"['SNR: 9']"
4195-17507-0016_2,"['SNR: 2']"
32-21634-0004_1,"['SNR: 1']"
4018-103416-0000_9,"['SNR: 9']"
8312-279790-0023_-14,"['SNR: -14']"
7794-295955-0006_-15,"['SNR: -15']"
1898-145720-0014_-9,"['SNR: -9']"
302-123504-0037_-9,"['SNR: -9']"
32-4137-0022_0,"['SNR: 0']"
458-126290-0012_-12,"['SNR: -12']"
2159-179157-0015_-8,"['SNR: -8']"
248-130644-0001_8,"['SNR: 8']"
2910-131096-0093_-15,"['SNR: -15']"
8312-279791-0051_-15,"['SNR: -15']"
2952-408-0028_-2,"['SNR: -2']"
3374-298026-0021_-6,"['SNR: -6']"
3607-135982-0014_-1,"['SNR: -1']"
5022-29411-0030_10,"['SNR: 10']"
8123-275216-0002_2,"['SNR: 2']"
6437-66172-0016_-8,"['SNR: -8']"
1502-122619-0054_8,"['SNR: 8']"
3235-28433-0019_4,"['SNR: 4']"
8630-305212-0035_-10,"['SNR: -10']"
6272-70168-0026_-2,"['SNR: -2']"
3214-167602-0009_-2,"['SNR: -2']"
1235-135887-0023_1,"['SNR: 1']"
3112-9555-0068_3,"['SNR: 3']"
2518-154825-0003_-1,"['SNR: -1']"
8465-246947-0019_0,"['SNR: 0']"
3440-171006-0002_-3,"['SNR: -3']"
4051-10927-0005_-3,"['SNR: -3']"
5561-39621-0012_-15,"['SNR: -15']"
4859-26870-0003_4,"['SNR: 4']"
6925-80680-0031_2,"['SNR: 2']"
7067-76047-0026_3,"['SNR: 3']"
60-121082-0050_-3,"['SNR: -3']"
4297-13006-0038_4,"['SNR: 4']"
831-130746-0040_2,"['SNR: 2']"
8629-261139-0063_0,"['SNR: 0']"
8095-274346-0054_-5,"['SNR: -5']"
3486-166424-0015_-6,"['SNR: -6']"
254-127705-0000_1,"['SNR: 1']"
3983-5331-0053_9,"['SNR: 9']"
2007-132570-0042_-6,"['SNR: -6']"
3259-158083-0060_10,"['SNR: 10']"
1355-39947-0085_-12,"['SNR: -12']"
6415-100596-0026_4,"['SNR: 4']"
696-93314-0000_-2,"['SNR: -2']"
125-121124-0084_8,"['SNR: 8']"
1898-145724-0032_-7,"['SNR: -7']"
3259-158083-0000_5,"['SNR: 5']"
3112-9555-0090_-3,"['SNR: -3']"
6415-100596-0009_0,"['SNR: 0']"
1963-147036-0035_5,"['SNR: 5']"
403-126855-0027_-7,"['SNR: -7']"
6880-216547-0031_-12,"['SNR: -12']"
2002-139469-0016_-15,"['SNR: -15']"
8468-286673-0021_-8,"['SNR: -8']"
32-4137-0026_-7,"['SNR: -7']"
8747-293952-0027_10,"['SNR: 10']"
6836-76549-0006_9,"['SNR: 9']"
6531-61334-0127_-11,"['SNR: -11']"
3168-173565-0014_-10,"['SNR: -10']"
481-123720-0032_9,"['SNR: 9']"
198-209-0014_-14,"['SNR: -14']"
8051-295385-0004_-12,"['SNR: -12']"
200-126784-0001_2,"['SNR: 2']"
322-124147-0004_6,"['SNR: 6']"
7517-100442-0014_4,"['SNR: 4']"
5688-41232-0017_8,"['SNR: 8']"
5456-62043-0009_-6,"['SNR: -6']"
6081-41997-0007_-10,"['SNR: -10']"
6476-57446-0041_2,"['SNR: 2']"
7302-86815-0029_-13,"['SNR: -13']"
7635-105661-0033_-13,"['SNR: -13']"
211-122425-0028_-14,"['SNR: -14']"
2910-131096-0048_-1,"['SNR: -1']"
7794-295955-0015_-14,"['SNR: -14']"
1502-122615-0012_-4,"['SNR: -4']"
403-128339-0001_7,"['SNR: 7']"
6925-80680-0058_-11,"['SNR: -11']"
1594-135914-0109_6,"['SNR: 6']"
3607-29116-0044_0,"['SNR: 0']"
730-360-0024_5,"['SNR: 5']"
250-140277-0015_3,"['SNR: 3']"
7264-92310-0023_3,"['SNR: 3']"
1363-135842-0030_-1,"['SNR: -1']"
7078-271888-0015_10,"['SNR: 10']"
3982-182255-0015_-14,"['SNR: -14']"
5022-29411-0017_4,"['SNR: 4']"
2289-152253-0022_6,"['SNR: 6']"
6531-61334-0022_-12,"['SNR: -12']"
6836-76549-0023_10,"['SNR: 10']"
6181-216552-0004_0,"['SNR: 0']"
4406-16883-0031_9,"['SNR: 9']"
3830-12529-0004_-6,"['SNR: -6']"
302-123523-0029_3,"['SNR: 3']"
3723-171631-0019_1,"['SNR: 1']"
1183-128659-0011_-1,"['SNR: -1']"
4362-15663-0085_-10,"['SNR: -10']"
8014-112586-0005_-15,"['SNR: -15']"
254-127705-0026_5,"['SNR: 5']"
8324-286683-0031_9,"['SNR: 9']"
3526-175658-0005_7,"['SNR: 7']"
909-131044-0011_-6,"['SNR: -6']"
7794-295948-0026_-6,"['SNR: -6']"
7517-100429-0024_1,"['SNR: 1']"
4137-11702-0057_-4,"['SNR: -4']"
1963-142393-0023_3,"['SNR: 3']"
4214-7146-0061_-11,"['SNR: -11']"
405-130895-0019_10,"['SNR: 10']"
3947-13262-0043_-9,"['SNR: -9']"
1069-133699-0004_6,"['SNR: 6']"
8425-287387-0029_-15,"['SNR: -15']"
696-92939-0039_-11,"['SNR: -11']"
3168-173565-0011_1,"['SNR: 1']"
7078-271888-0001_3,"['SNR: 3']"
2843-152918-0061_-7,"['SNR: -7']"
163-122947-0065_-10,"['SNR: -10']"
412-126975-0059_8,"['SNR: 8']"
2817-142371-0001_9,"['SNR: 9']"
5789-57195-0026_6,"['SNR: 6']"
322-124147-0033_-15,"['SNR: -15']"
6367-74004-0025_-11,"['SNR: -11']"
3857-182315-0040_-11,"['SNR: -11']"
1246-124550-0002_-2,"['SNR: -2']"
6836-61803-0033_-13,"['SNR: -13']"
2196-170379-0027_-7,"['SNR: -7']"
1447-130550-0009_-14,"['SNR: -14']"
7794-295947-0024_0,"['SNR: 0']"
8123-275193-0007_1,"['SNR: 1']"
2002-139469-0012_-9,"['SNR: -9']"
307-127535-0001_8,"['SNR: 8']"
4267-78186-0016_6,"['SNR: 6']"
5022-29405-0040_5,"['SNR: 5']"
7178-34645-0024_-15,"['SNR: -15']"
669-129074-0026_5,"['SNR: 5']"
6454-107462-0026_-9,"['SNR: -9']"
6529-62554-0041_-15,"['SNR: -15']"
6147-34606-0021_-8,"['SNR: -8']"
3830-12530-0033_-9,"['SNR: -9']"
2416-152139-0014_-10,"['SNR: -10']"
6181-216552-0006_2,"['SNR: 2']"
8425-291444-0017_-9,"['SNR: -9']"
233-134440-0005_1,"['SNR: 1']"
4859-22176-0014_-1,"['SNR: -1']"
7278-91083-0035_7,"['SNR: 7']"
3947-13262-0000_9,"['SNR: 9']"
40-222-0061_-14,"['SNR: -14']"
1723-141149-0052_2,"['SNR: 2']"
5192-19397-0029_-6,"['SNR: -6']"
211-122425-0047_3,"['SNR: 3']"
2691-156745-0029_-13,"['SNR: -13']"
8838-298546-0026_-1,"['SNR: -1']"
460-172359-0094_-6,"['SNR: -6']"
839-130898-0005_-6,"['SNR: -6']"
1334-135589-0057_-10,"['SNR: -10']"
458-126305-0019_-4,"['SNR: -4']"
1963-142393-0012_10,"['SNR: 10']"
2989-138035-0004_-8,"['SNR: -8']"
3947-13260-0045_-9,"['SNR: -9']"
696-93314-0023_-1,"['SNR: -1']"
8747-293952-0097_-4,"['SNR: -4']"
3374-298032-0019_-5,"['SNR: -5']"
445-123860-0023_-12,"['SNR: -12']"
8465-246940-0005_4,"['SNR: 4']"
5808-48608-0030_-2,"['SNR: -2']"
3982-178459-0056_-14,"['SNR: -14']"
587-54108-0035_-2,"['SNR: -2']"
3235-11599-0010_0,"['SNR: 0']"
1334-135589-0079_-3,"['SNR: -3']"
1081-125237-0081_-14,"['SNR: -14']"
4859-26870-0008_-1,"['SNR: -1']"
6925-80680-0026_-8,"['SNR: -8']"
4397-15678-0020_-2,"['SNR: -2']"
6818-68772-0047_-7,"['SNR: -7']"
6415-111615-0010_5,"['SNR: 5']"
8630-305212-0031_-2,"['SNR: -2']"
3240-131232-0023_-8,"['SNR: -8']"
4788-91208-0008_-11,"['SNR: -11']"
7278-104730-0013_-11,"['SNR: -11']"
6181-216552-0105_-7,"['SNR: -7']"
6147-34607-0034_-15,"['SNR: -15']"
1098-133695-0057_-1,"['SNR: -1']"
4137-11702-0038_9,"['SNR: 9']"
1970-10594-0034_-6,"['SNR: -6']"
4137-11701-0036_-7,"['SNR: -7']"
1963-142393-0005_-12,"['SNR: -12']"
1970-26100-0018_-8,"['SNR: -8']"
2836-5355-0005_-5,"['SNR: -5']"
26-495-0035_-9,"['SNR: -9']"
8014-112602-0000_-2,"['SNR: -2']"
625-132112-0049_7,"['SNR: 7']"
322-124147-0079_6,"['SNR: 6']"
233-134440-0017_-8,"['SNR: -8']"
831-130746-0032_1,"['SNR: 1']"
4137-11702-0030_-11,"['SNR: -11']"
3259-158083-0107_-11,"['SNR: -11']"
3983-5371-0007_-1,"['SNR: -1']"
1926-147979-0049_10,"['SNR: 10']"
4297-13009-0008_-15,"['SNR: -15']"
2416-152139-0064_-5,"['SNR: -5']"
4214-7146-0017_1,"['SNR: 1']"
5778-54535-0018_5,"['SNR: 5']"
3879-174923-0034_-2,"['SNR: -2']"
298-126790-0038_-5,"['SNR: -5']"
2391-145015-0036_0,"['SNR: 0']"
8088-284756-0070_-1,"['SNR: -1']"
2384-152900-0066_-10,"['SNR: -10']"
4214-7146-0074_-11,"['SNR: -11']"
1502-122615-0021_-15,"['SNR: -15']"
5456-58161-0008_7,"['SNR: 7']"
1246-124548-0020_3,"['SNR: 3']"
3440-171009-0014_-13,"['SNR: -13']"
696-93314-0003_10,"['SNR: 10']"
2289-152258-0035_-7,"['SNR: -7']"
2514-149482-0103_-7,"['SNR: -7']"
6064-56165-0011_-15,"['SNR: -15']"
7113-86041-0006_-12,"['SNR: -12']"
5750-100289-0054_-5,"['SNR: -5']"
311-124404-0034_-9,"['SNR: -9']"
250-142276-0061_1,"['SNR: 1']"
1235-135884-0037_-11,"['SNR: -11']"
3699-47246-0010_10,"['SNR: 10']"
2952-410-0058_-8,"['SNR: -8']"
307-127535-0023_-3,"['SNR: -3']"
6209-34599-0032_-13,"['SNR: -13']"
8425-291444-0019_4,"['SNR: 4']"
6000-55211-0041_-15,"['SNR: -15']"
4441-76263-0013_7,"['SNR: 7']"
233-155990-0007_0,"['SNR: 0']"
3440-171009-0033_-6,"['SNR: -6']"
1069-133709-0015_-7,"['SNR: -7']"
625-132112-0013_3,"['SNR: 3']"
8312-279790-0035_6,"['SNR: 6']"
4018-107338-0005_-8,"['SNR: -8']"
7367-86737-0070_3,"['SNR: 3']"
4088-158077-0053_-2,"['SNR: -2']"
4813-248638-0033_4,"['SNR: 4']"
4640-19188-0024_-2,"['SNR: -2']"
8098-278252-0016_-11,"['SNR: -11']"
1334-135589-0091_8,"['SNR: 8']"
200-124139-0004_-2,"['SNR: -2']"
374-180298-0009_-10,"['SNR: -10']"
4680-16026-0021_7,"['SNR: 7']"
6078-54013-0040_0,"['SNR: 0']"
7367-86737-0093_10,"['SNR: 10']"
4853-27671-0040_-4,"['SNR: -4']"
302-123516-0002_8,"['SNR: 8']"
4297-13006-0042_-9,"['SNR: -9']"
730-360-0042_-14,"['SNR: -14']"
730-359-0046_-8,"['SNR: -8']"
1098-133695-0087_-15,"['SNR: -15']"
5678-43302-0006_3,"['SNR: 3']"
5022-29411-0012_-3,"['SNR: -3']"
3607-29116-0023_4,"['SNR: 4']"
5456-24741-0019_-5,"['SNR: -5']"
103-1240-0030_-13,"['SNR: -13']"
87-121553-0009_8,"['SNR: 8']"
4018-103416-0021_-7,"['SNR: -7']"
8051-295385-0009_-10,"['SNR: -10']"
5688-41232-0059_-4,"['SNR: -4']"
1594-135914-0073_-7,"['SNR: -7']"
730-359-0032_-9,"['SNR: -9']"
5750-100289-0026_8,"['SNR: 8']"
7312-92432-0023_-11,"['SNR: -11']"
26-495-0014_-6,"['SNR: -6']"
5789-57195-0017_6,"['SNR: 6']"
6818-76332-0005_-9,"['SNR: -9']"
5561-39621-0045_10,"['SNR: 10']"
458-126305-0017_-2,"['SNR: -2']"
118-47824-0007_2,"['SNR: 2']"
8226-274371-0041_-4,"['SNR: -4']"
198-209-0013_-5,"['SNR: -5']"
87-121553-0097_-5,"['SNR: -5']"
1355-39947-0024_-4,"['SNR: -4']"
1069-133709-0025_0,"['SNR: 0']"
4853-27671-0002_0,"['SNR: 0']"
8098-278252-0028_-1,"['SNR: -1']"
19-198-0009_-10,"['SNR: -10']"
1723-141149-0055_-6,"['SNR: -6']"
3857-182315-0029_-2,"['SNR: -2']"
8098-278252-0014_-4,"['SNR: -4']"
5514-19192-0020_3,"['SNR: 3']"
669-129061-0082_-4,"['SNR: -4']"
1970-26100-0013_-10,"['SNR: -10']"
322-124146-0020_10,"['SNR: 10']"
3259-158083-0030_-11,"['SNR: -11']"
322-124147-0035_5,"['SNR: 5']"
3214-167606-0007_-1,"['SNR: -1']"
5390-30096-0021_3,"['SNR: 3']"
4137-11701-0026_-11,"['SNR: -11']"
8095-274348-0004_0,"['SNR: 0']"
4853-27670-0031_-13,"['SNR: -13']"
481-123720-0022_3,"['SNR: 3']"
8226-274369-0000_-3,"['SNR: -3']"
4088-158077-0062_-6,"['SNR: -6']"
441-130108-0031_-8,"['SNR: -8']"
289-121665-0002_-13,"['SNR: -13']"
4195-186237-0019_-5,"['SNR: -5']"
1334-135589-0012_4,"['SNR: 4']"
1334-135589-0085_-12,"['SNR: -12']"
1116-137572-0019_-3,"['SNR: -3']"
8770-295463-0018_-9,"['SNR: -9']"
2910-131096-0037_-1,"['SNR: -1']"
2952-408-0023_-3,"['SNR: -3']"
3374-298025-0024_8,"['SNR: 8']"
403-128339-0026_3,"['SNR: 3']"
911-128684-0031_-5,"['SNR: -5']"
229-130880-0025_6,"['SNR: 6']"
6848-76049-0009_-3,"['SNR: -3']"
5688-41232-0043_-6,"['SNR: -6']"
8238-283452-0012_8,"['SNR: 8']"
118-124588-0004_-9,"['SNR: -9']"
4340-15220-0002_9,"['SNR: 9']"
4214-7146-0018_-6,"['SNR: -6']"
8123-275209-0028_8,"['SNR: 8']"
8123-275209-0022_0,"['SNR: 0']"
2514-149482-0029_7,"['SNR: 7']"
4340-15220-0094_7,"['SNR: 7']"
1098-133695-0022_5,"['SNR: 5']"
3436-172171-0010_4,"['SNR: 4']"
6272-70168-0022_9,"['SNR: 9']"
4267-287369-0005_-11,"['SNR: -11']"
8238-274553-0035_1,"['SNR: 1']"
5456-62043-0007_-5,"['SNR: -5']"
3664-11714-0022_1,"['SNR: 1']"
198-129977-0013_-13,"['SNR: -13']"
5393-19219-0039_-4,"['SNR: -4']"
5778-12761-0018_-14,"['SNR: -14']"
8425-246962-0010_-14,"['SNR: -14']"
3374-298026-0006_9,"['SNR: 9']"
125-121124-0071_-3,"['SNR: -3']"
6147-34605-0040_0,"['SNR: 0']"
3830-12531-0026_10,"['SNR: 10']"
4680-16042-0005_0,"['SNR: 0']"
4397-15678-0026_-5,"['SNR: -5']"
1867-148436-0015_-13,"['SNR: -13']"
8629-261140-0019_4,"['SNR: 4']"
3607-29116-0007_8,"['SNR: 8']"
1578-140045-0027_-14,"['SNR: -14']"
3723-171631-0002_-3,"['SNR: -3']"
4898-28461-0068_-7,"['SNR: -7']"
7794-295947-0033_-3,"['SNR: -3']"
3374-298026-0009_-7,"['SNR: -7']"
5750-100289-0002_-13,"['SNR: -13']"
2910-131096-0075_4,"['SNR: 4']"
7505-258964-0036_-9,"['SNR: -9']"
6415-100596-0034_-7,"['SNR: -7']"
4813-248641-0006_0,"['SNR: 0']"
4441-76263-0025_-6,"['SNR: -6']"
2159-179156-0029_4,"['SNR: 4']"
3723-171115-0039_-7,"['SNR: -7']"
2518-154826-0051_-5,"['SNR: -5']"
2952-408-0010_9,"['SNR: 9']"
7190-90542-0027_-11,"['SNR: -11']"
7635-105661-0002_6,"['SNR: 6']"
3807-4923-0011_-1,"['SNR: -1']"
1963-142776-0021_-10,"['SNR: -10']"
6385-34669-0026_-7,"['SNR: -7']"
909-131044-0019_-9,"['SNR: -9']"
200-124139-0022_3,"['SNR: 3']"
5561-39621-0004_-9,"['SNR: -9']"
2136-5140-0024_-2,"['SNR: -2']"
441-130108-0032_-4,"['SNR: -4']"
8975-270782-0002_-11,"['SNR: -11']"
332-128985-0029_5,"['SNR: 5']"
6476-96661-0022_8,"['SNR: 8']"
5514-19193-0012_3,"['SNR: 3']"
8324-286683-0025_6,"['SNR: 6']"
4195-186238-0008_10,"['SNR: 10']"
446-123501-0013_8,"['SNR: 8']"
5104-33407-0046_-10,"['SNR: -10']"
8051-118101-0005_-14,"['SNR: -14']"
1069-133699-0019_-10,"['SNR: -10']"
322-124147-0053_-1,"['SNR: -1']"
8419-293469-0003_2,"['SNR: 2']"
7367-86737-0044_-12,"['SNR: -12']"
2391-145015-0119_1,"['SNR: 1']"
40-222-0005_8,"['SNR: 8']"
3807-4923-0055_-5,"['SNR: -5']"
441-128988-0000_-9,"['SNR: -9']"
5703-47198-0053_8,"['SNR: 8']"
8088-284756-0102_9,"['SNR: 9']"
8014-112602-0028_9,"['SNR: 9']"
4340-15220-0029_10,"['SNR: 10']"
2092-145706-0036_8,"['SNR: 8']"
5652-39938-0000_-4,"['SNR: -4']"
1594-135914-0070_-6,"['SNR: -6']"
4267-78186-0020_-5,"['SNR: -5']"
311-124404-0005_-14,"['SNR: -14']"
40-222-0007_-13,"['SNR: -13']"
412-126975-0049_-9,"['SNR: -9']"
5163-39921-0039_-13,"['SNR: -13']"
3723-171631-0009_-2,"['SNR: -2']"
839-130898-0085_-3,"['SNR: -3']"
198-126831-0024_-5,"['SNR: -5']"
5678-43303-0023_-3,"['SNR: -3']"
4214-7146-0002_-14,"['SNR: -14']"
625-132112-0029_7,"['SNR: 7']"
150-126112-0023_-14,"['SNR: -14']"
3879-173592-0029_9,"['SNR: 9']"
6081-42010-0027_10,"['SNR: 10']"
3374-298032-0039_8,"['SNR: 8']"
200-126784-0015_-14,"['SNR: -14']"
8630-305213-0038_-2,"['SNR: -2']"
8609-262281-0017_0,"['SNR: 0']"
198-126831-0022_-2,"['SNR: -2']"
7264-92314-0027_10,"['SNR: 10']"
6064-56165-0020_5,"['SNR: 5']"
2007-149877-0057_-10,"['SNR: -10']"
6880-216547-0053_-12,"['SNR: -12']"
8108-274318-0016_-4,"['SNR: -4']"
7226-86965-0016_-11,"['SNR: -11']"
8609-283227-0043_-11,"['SNR: -11']"
6529-62554-0040_-8,"['SNR: -8']"
1553-140048-0021_6,"['SNR: 6']"
4160-11549-0023_-13,"['SNR: -13']"
446-123502-0000_-8,"['SNR: -8']"
5339-14134-0009_-1,"['SNR: -1']"
1455-138263-0035_2,"['SNR: 2']"
1723-141149-0108_-9,"['SNR: -9']"
5104-33407-0001_-2,"['SNR: -2']"
1963-142776-0026_6,"['SNR: 6']"
5390-30102-0007_10,"['SNR: 10']"
6415-116629-0021_-15,"['SNR: -15']"
1263-138246-0022_-2,"['SNR: -2']"
201-127786-0015_8,"['SNR: 8']"
3607-135982-0050_8,"['SNR: 8']"
196-122150-0001_-4,"['SNR: -4']"
2518-154826-0049_-7,"['SNR: -7']"
1723-141149-0048_4,"['SNR: 4']"
2910-131096-0061_-7,"['SNR: -7']"
1743-142914-0029_2,"['SNR: 2']"
8975-270782-0061_-6,"['SNR: -6']"
1116-137572-0006_-7,"['SNR: -7']"
730-359-0028_-1,"['SNR: -1']"
7078-271888-0079_-8,"['SNR: -8']"
7178-34644-0006_-4,"['SNR: -4']"
2952-410-0010_-11,"['SNR: -11']"
1355-39947-0061_-10,"['SNR: -10']"
1455-138263-0050_-3,"['SNR: -3']"
6836-61803-0006_8,"['SNR: 8']"
83-9960-0004_7,"['SNR: 7']"
254-12312-0005_4,"['SNR: 4']"
5652-19215-0031_6,"['SNR: 6']"
1455-138263-0008_7,"['SNR: 7']"
2764-36617-0000_-12,"['SNR: -12']"
7312-92432-0005_-2,"['SNR: -2']"
4830-25904-0009_5,"['SNR: 5']"
233-155990-0030_3,"['SNR: 3']"
3486-166446-0009_6,"['SNR: 6']"
4014-186175-0012_8,"['SNR: 8']"
6147-34607-0021_2,"['SNR: 2']"
2989-138028-0034_10,"['SNR: 10']"
460-172359-0059_5,"['SNR: 5']"
302-123523-0014_-1,"['SNR: -1']"
6019-3185-0094_6,"['SNR: 6']"
1040-133433-0049_1,"['SNR: 1']"
1034-121119-0079_-14,"['SNR: -14']"
4051-11218-0062_-4,"['SNR: -4']"
7226-86964-0049_-12,"['SNR: -12']"
8609-262281-0032_-15,"['SNR: -15']"
226-131532-0015_-11,"['SNR: -11']"
307-127540-0019_-3,"['SNR: -3']"
1898-145715-0011_3,"['SNR: 3']"
730-358-0059_8,"['SNR: 8']"
1737-148989-0017_-1,"['SNR: -1']"
87-121553-0053_3,"['SNR: 3']"
6078-54013-0072_-2,"['SNR: -2']"
8226-274369-0019_-11,"['SNR: -11']"
6437-66173-0021_4,"['SNR: 4']"
5561-39621-0040_-2,"['SNR: -2']"
1926-147979-0035_5,"['SNR: 5']"
1624-142933-0036_-4,"['SNR: -4']"
8123-275216-0030_-14,"['SNR: -14']"
3699-19401-0024_8,"['SNR: 8']"
4014-186179-0043_5,"['SNR: 5']"
1235-135887-0018_-11,"['SNR: -11']"
8838-298545-0041_2,"['SNR: 2']"
1455-138263-0011_-3,"['SNR: -3']"
3723-171115-0028_10,"['SNR: 10']"
233-134440-0028_-5,"['SNR: -5']"
6836-61804-0008_-10,"['SNR: -10']"
7447-91187-0031_6,"['SNR: 6']"
7505-258964-0005_2,"['SNR: 2']"
40-121026-0008_1,"['SNR: 1']"
4340-15220-0037_-12,"['SNR: -12']"
5192-19397-0063_-8,"['SNR: -8']"
1737-142396-0011_-9,"['SNR: -9']"
2691-156750-0026_9,"['SNR: 9']"
87-121553-0066_9,"['SNR: 9']"
26-495-0032_-8,"['SNR: -8']"
1578-6379-0001_8,"['SNR: 8']"
1502-122619-0079_-9,"['SNR: -9']"
7178-34645-0002_4,"['SNR: 4']"
8095-274345-0009_-5,"['SNR: -5']"
7511-102420-0030_-15,"['SNR: -15']"
6836-76549-0019_3,"['SNR: 3']"
1963-147036-0001_7,"['SNR: 7']"
298-126791-0026_-12,"['SNR: -12']"
4788-94904-0023_4,"['SNR: 4']"
6367-74004-0023_10,"['SNR: 10']"
3486-166424-0047_-2,"['SNR: -2']"
233-134440-0022_-6,"['SNR: -6']"
1116-137572-0031_-13,"['SNR: -13']"
2007-149877-0021_-13,"['SNR: -13']"
3440-171006-0018_5,"['SNR: 5']"
78-369-0039_-7,"['SNR: -7']"
5463-39174-0010_-2,"['SNR: -2']"
1723-141149-0095_10,"['SNR: 10']"
4481-17498-0045_4,"['SNR: 4']"
6529-62556-0000_-5,"['SNR: -5']"
7794-295955-0021_-5,"['SNR: -5']"
3374-298025-0005_-15,"['SNR: -15']"
7800-283478-0031_-3,"['SNR: -3']"
6476-96661-0028_-15,"['SNR: -15']"
103-1240-0014_2,"['SNR: 2']"
1081-125237-0092_2,"['SNR: 2']"
1867-148436-0034_-5,"['SNR: -5']"
5808-48608-0060_3,"['SNR: 3']"
911-128684-0082_8,"['SNR: 8']"
4362-15663-0083_5,"['SNR: 5']"
8088-284756-0058_-14,"['SNR: -14']"
3486-166424-0004_-1,"['SNR: -1']"
374-180299-0033_9,"['SNR: 9']"
5163-39921-0027_-14,"['SNR: -14']"
4830-25898-0012_8,"['SNR: 8']"
1334-135589-0070_-14,"['SNR: -14']"
5688-41232-0042_-15,"['SNR: -15']"
8425-287387-0022_5,"['SNR: 5']"
8226-274369-0002_2,"['SNR: 2']"
2196-170151-0012_1,"['SNR: 1']"
5514-19193-0027_-12,"['SNR: -12']"
4160-11549-0007_6,"['SNR: 6']"
7178-34645-0012_-11,"['SNR: -11']"
3235-11599-0006_8,"['SNR: 8']"
4051-11218-0049_1,"['SNR: 1']"
5339-14133-0020_-2,"['SNR: -2']"
6836-61804-0033_-2,"['SNR: -2']"
1235-135883-0011_-4,"['SNR: -4']"
2092-145709-0015_-12,"['SNR: -12']"
322-124147-0001_9,"['SNR: 9']"
3486-166424-0034_7,"['SNR: 7']"
4481-17499-0035_-4,"['SNR: -4']"
8975-270782-0104_-1,"['SNR: -1']"
254-127705-0004_-12,"['SNR: -12']"
89-219-0056_-8,"['SNR: -8']"
5339-14133-0001_-12,"['SNR: -12']"
405-130894-0030_6,"['SNR: 6']"
3982-178459-0028_5,"['SNR: 5']"
6078-54013-0035_0,"['SNR: 0']"
1867-154071-0036_-3,"['SNR: -3']"
307-127539-0028_7,"['SNR: 7']"
4137-11701-0031_-12,"['SNR: -12']"
3112-9555-0042_7,"['SNR: 7']"
481-123719-0023_9,"['SNR: 9']"
2843-152918-0089_-15,"['SNR: -15']"
1246-124550-0019_4,"['SNR: 4']"
8580-287363-0004_-14,"['SNR: -14']"
3879-174923-0063_-3,"['SNR: -3']"
4051-11218-0060_-12,"['SNR: -12']"
2989-138035-0060_0,"['SNR: 0']"
1455-138263-0038_5,"['SNR: 5']"
4362-15663-0035_10,"['SNR: 10']"
8324-286681-0017_-15,"['SNR: -15']"
1246-124550-0026_1,"['SNR: 1']"
7302-86815-0014_10,"['SNR: 10']"
3664-178366-0011_-7,"['SNR: -7']"
441-128988-0027_-6,"['SNR: -6']"
8088-284756-0090_-7,"['SNR: -7']"
103-1241-0016_0,"['SNR: 0']"
909-131045-0005_9,"['SNR: 9']"
118-47824-0072_-8,"['SNR: -8']"
6064-56168-0028_-14,"['SNR: -14']"
3879-174923-0009_-12,"['SNR: -12']"
4014-186179-0034_-6,"['SNR: -6']"
2007-149877-0056_-6,"['SNR: -6']"
3486-166424-0016_-12,"['SNR: -12']"
669-129061-0040_9,"['SNR: 9']"
4014-186175-0017_-12,"['SNR: -12']"
6454-93938-0013_-3,"['SNR: -3']"
2289-152257-0011_-1,"['SNR: -1']"
6415-116629-0027_-12,"['SNR: -12']"
6476-57446-0068_-5,"['SNR: -5']"
5104-33406-0009_3,"['SNR: 3']"
587-54108-0023_-14,"['SNR: -14']"
4680-16042-0000_-13,"['SNR: -13']"
3259-158083-0089_6,"['SNR: 6']"
7367-86737-0071_-10,"['SNR: -10']"
1867-148436-0001_4,"['SNR: 4']"
6081-41998-0014_-2,"['SNR: -2']"
311-124404-0121_-12,"['SNR: -12']"
311-124404-0002_7,"['SNR: 7']"
1363-135842-0017_10,"['SNR: 10']"
8419-286667-0001_2,"['SNR: 2']"
8609-283227-0032_9,"['SNR: 9']"
3879-174923-0035_-6,"['SNR: -6']"
5561-41616-0035_-7,"['SNR: -7']"
3830-12531-0001_-10,"['SNR: -10']"
1081-125237-0096_-1,"['SNR: -1']"
7059-77900-0002_-14,"['SNR: -14']"
6476-57446-0087_10,"['SNR: 10']"
1992-141719-0053_-4,"['SNR: -4']"
1334-135589-0045_-12,"['SNR: -12']"
4898-28461-0021_9,"['SNR: 9']"
6415-100596-0008_-11,"['SNR: -11']"
78-368-0033_-9,"['SNR: -9']"
1737-142396-0022_8,"['SNR: 8']"
4160-11550-0038_-7,"['SNR: -7']"
2893-139322-0010_-10,"['SNR: -10']"
2007-149877-0000_0,"['SNR: 0']"
103-1240-0032_-9,"['SNR: -9']"
669-129074-0012_-8,"['SNR: -8']"
5192-19397-0035_-11,"['SNR: -11']"
7794-295947-0046_-8,"['SNR: -8']"
6880-216547-0040_-3,"['SNR: -3']"
7447-91187-0006_9,"['SNR: 9']"
250-140277-0016_-6,"['SNR: -6']"
6836-61804-0001_-15,"['SNR: -15']"
8838-298546-0048_-6,"['SNR: -6']"
89-219-0000_-2,"['SNR: -2']"
5390-30102-0027_-5,"['SNR: -5']"
4830-25898-0048_-10,"['SNR: -10']"
909-131045-0013_6,"['SNR: 6']"
4898-20016-0006_-12,"['SNR: -12']"
5778-12761-0048_-14,"['SNR: -14']"
3440-171009-0042_-15,"['SNR: -15']"
8630-305213-0010_0,"['SNR: 0']"
6147-34605-0019_2,"['SNR: 2']"
587-54108-0041_10,"['SNR: 10']"
6925-80680-0041_-14,"['SNR: -14']"
78-368-0048_-8,"['SNR: -8']"
332-128985-0063_6,"['SNR: 6']"
1926-147979-0050_-5,"['SNR: -5']"
5678-43303-0002_9,"['SNR: 9']"
4441-76263-0010_7,"['SNR: 7']"
2092-145706-0065_-15,"['SNR: -15']"
5561-41615-0036_6,"['SNR: 6']"
4680-16026-0028_-3,"['SNR: -3']"
2518-154826-0026_1,"['SNR: 1']"
5678-43302-0033_-10,"['SNR: -10']"
298-126791-0029_6,"['SNR: 6']"
118-47824-0002_-13,"['SNR: -13']"
2182-181183-0030_-8,"['SNR: -8']"
2764-36619-0015_-15,"['SNR: -15']"
403-216-0010_-13,"['SNR: -13']"
1455-138263-0015_5,"['SNR: 5']"
1116-137572-0012_1,"['SNR: 1']"
2836-5355-0018_-9,"['SNR: -9']"
8063-274115-0029_0,"['SNR: 0']"
8609-262281-0004_-14,"['SNR: -14']"
5463-39174-0015_0,"['SNR: 0']"
1841-159771-0000_-8,"['SNR: -8']"
5463-39173-0058_-13,"['SNR: -13']"
1263-139804-0009_-6,"['SNR: -6']"
1334-135589-0058_7,"['SNR: 7']"
32-4137-0033_-12,"['SNR: -12']"
2007-132570-0000_-7,"['SNR: -7']"
3607-135982-0035_-12,"['SNR: -12']"
7402-59171-0015_-8,"['SNR: -8']"
1069-133709-0022_-6,"['SNR: -6']"
6181-216552-0088_2,"['SNR: 2']"
3436-172171-0026_-13,"['SNR: -13']"
7059-88364-0001_-8,"['SNR: -8']"
7517-100429-0019_0,"['SNR: 0']"
2289-152258-0031_9,"['SNR: 9']"
1502-122619-0076_7,"['SNR: 7']"
83-9960-0025_-11,"['SNR: -11']"
1743-142912-0010_-12,"['SNR: -12']"
8770-295465-0033_8,"['SNR: 8']"
311-124404-0120_0,"['SNR: 0']"
8797-294123-0067_3,"['SNR: 3']"
8051-118101-0020_5,"['SNR: 5']"
6531-61334-0107_0,"['SNR: 0']"
3259-158083-0012_3,"['SNR: 3']"
2007-132570-0006_-1,"['SNR: -1']"
5339-14134-0024_4,"['SNR: 4']"
1578-6379-0023_-13,"['SNR: -13']"
2416-152139-0038_-15,"['SNR: -15']"
4898-20016-0032_-10,"['SNR: -10']"
909-131045-0025_3,"['SNR: 3']"
3436-172171-0024_2,"['SNR: 2']"
5867-48852-0063_8,"['SNR: 8']"
5652-39938-0044_2,"['SNR: 2']"
5192-19396-0017_-7,"['SNR: -7']"
8629-261139-0021_6,"['SNR: 6']"
201-122255-0036_-1,"['SNR: -1']"
3982-182255-0034_3,"['SNR: 3']"
3112-9555-0029_-14,"['SNR: -14']"
254-145458-0015_0,"['SNR: 0']"
19-227-0015_7,"['SNR: 7']"
78-369-0033_-1,"['SNR: -1']"
8051-295385-0014_-10,"['SNR: -10']"
405-130895-0026_-5,"['SNR: -5']"
7800-283478-0002_8,"['SNR: 8']"
311-124404-0050_5,"['SNR: 5']"
3982-178459-0006_6,"['SNR: 6']"
7794-295948-0016_8,"['SNR: 8']"
1088-134315-0014_-1,"['SNR: -1']"
3723-171115-0022_-7,"['SNR: -7']"
6019-3185-0066_6,"['SNR: 6']"
4813-248641-0054_1,"['SNR: 1']"
4018-107312-0028_1,"['SNR: 1']"
7402-90848-0050_-4,"['SNR: -4']"
481-123719-0041_9,"['SNR: 9']"
4340-15220-0084_-11,"['SNR: -11']"
118-47824-0012_-13,"['SNR: -13']"
1235-135884-0003_-2,"['SNR: -2']"
7059-77897-0001_-1,"['SNR: -1']"
7447-91187-0013_1,"['SNR: 1']"
6563-285357-0026_-10,"['SNR: -10']"
322-124146-0028_10,"['SNR: 10']"
441-130108-0034_-3,"['SNR: -3']"
4195-186238-0018_-8,"['SNR: -8']"
4267-287369-0022_-12,"['SNR: -12']"
5678-43303-0029_-10,"['SNR: -10']"
730-358-0062_4,"['SNR: 4']"
5778-54535-0003_1,"['SNR: 1']"
7302-86814-0030_7,"['SNR: 7']"
4088-158077-0095_-3,"['SNR: -3']"
6848-76049-0016_2,"['SNR: 2']"
3947-13260-0018_-3,"['SNR: -3']"
5192-19397-0009_-15,"['SNR: -15']"
1088-134315-0026_-13,"['SNR: -13']"
1034-121119-0003_1,"['SNR: 1']"
5778-54535-0032_9,"['SNR: 9']"
8063-274116-0032_-4,"['SNR: -4']"
4137-11702-0003_-9,"['SNR: -9']"
7148-82991-0022_7,"['SNR: 7']"
4137-11701-0044_-2,"['SNR: -2']"
8747-293952-0028_-1,"['SNR: -1']"
3112-9554-0009_-15,"['SNR: -15']"
1624-142933-0000_9,"['SNR: 9']"
4362-15663-0034_-8,"['SNR: -8']"
403-126855-0004_5,"['SNR: 5']"
5390-24512-0016_-7,"['SNR: -7']"
201-122255-0003_0,"['SNR: 0']"
3857-182315-0041_3,"['SNR: 3']"
7447-91186-0006_-2,"['SNR: -2']"
1034-121119-0058_4,"['SNR: 4']"
8465-246943-0017_0,"['SNR: 0']"
3947-13262-0014_-6,"['SNR: -6']"
8312-279791-0036_2,"['SNR: 2']"
8226-274369-0051_-1,"['SNR: -1']"
7505-258964-0000_4,"['SNR: 4']"
6848-252323-0004_3,"['SNR: 3']"
8629-261140-0039_-13,"['SNR: -13']"
1594-135914-0061_-12,"['SNR: -12']"
5022-29405-0036_10,"['SNR: 10']"
302-123504-0035_-7,"['SNR: -7']"
39-121914-0022_-12,"['SNR: -12']"
5339-14133-0033_-1,"['SNR: -1']"
2136-5140-0008_8,"['SNR: 8']"
248-130644-0032_-11,"['SNR: -11']"
2518-154825-0038_10,"['SNR: 10']"
5688-15787-0044_-4,"['SNR: -4']"
229-130880-0024_-7,"['SNR: -7']"
730-358-0043_-13,"['SNR: -13']"
4830-25904-0048_5,"['SNR: 5']"
5750-35690-0004_9,"['SNR: 9']"
2893-139310-0013_-8,"['SNR: -8']"
6019-3185-0060_-3,"['SNR: -3']"
3857-180923-0028_-4,"['SNR: -4']"
2518-154826-0012_3,"['SNR: 3']"
4051-11217-0040_0,"['SNR: 0']"
125-121342-0025_-4,"['SNR: -4']"
730-360-0043_-3,"['SNR: -3']"
8975-270782-0065_-14,"['SNR: -14']"
4018-107338-0020_0,"['SNR: 0']"
4859-26870-0016_-10,"['SNR: -10']"
198-129977-0030_10,"['SNR: 10']"
887-123291-0013_2,"['SNR: 2']"
441-130108-0015_5,"['SNR: 5']"
8324-286683-0009_2,"['SNR: 2']"
7794-295947-0035_-15,"['SNR: -15']"
5867-48852-0005_9,"['SNR: 9']"
150-126112-0022_-11,"['SNR: -11']"
5339-14134-0032_-13,"['SNR: -13']"
150-126112-0033_-10,"['SNR: -10']"
196-122159-0029_-3,"['SNR: -3']"
1723-141149-0103_5,"['SNR: 5']"
19-198-0032_-12,"['SNR: -12']"
4441-76263-0040_-3,"['SNR: -3']"
5390-30102-0019_-14,"['SNR: -14']"
2159-179157-0013_5,"['SNR: 5']"
6529-62554-0023_5,"['SNR: 5']"
2843-152918-0000_1,"['SNR: 1']"
6880-216547-0036_0,"['SNR: 0']"
3879-173592-0007_-10,"['SNR: -10']"
8098-278278-0005_-5,"['SNR: -5']"
3830-12530-0014_6,"['SNR: 6']"
5652-39938-0040_-15,"['SNR: -15']"
6415-116629-0007_-11,"['SNR: -11']"
298-126791-0008_-9,"['SNR: -9']"
3259-158083-0085_-10,"['SNR: -10']"
233-134440-0062_-12,"['SNR: -12']"
27-123349-0030_-7,"['SNR: -7']"
3374-298026-0019_1,"['SNR: 1']"
412-126975-0008_2,"['SNR: 2']"
1898-145715-0020_-15,"['SNR: -15']"
8226-274371-0007_2,"['SNR: 2']"
201-127786-0010_3,"['SNR: 3']"
3112-9555-0074_1,"['SNR: 1']"
2384-152900-0075_5,"['SNR: 5']"
5867-48852-0028_-4,"['SNR: -4']"
8609-262281-0030_-5,"['SNR: -5']"
2691-156750-0029_-14,"['SNR: -14']"
6437-66173-0023_-4,"['SNR: -4']"
8312-279791-0003_7,"['SNR: 7']"
7859-102518-0006_-3,"['SNR: -3']"
254-127705-0037_-7,"['SNR: -7']"
4297-13009-0047_4,"['SNR: 4']"
7635-105409-0066_10,"['SNR: 10']"
3214-167606-0009_-2,"['SNR: -2']"
4397-15666-0017_-11,"['SNR: -11']"
909-131041-0000_8,"['SNR: 8']"
3607-29116-0038_-13,"['SNR: -13']"
5808-48608-0009_3,"['SNR: 3']"
2136-5140-0020_-10,"['SNR: -10']"
3486-166424-0009_-1,"['SNR: -1']"
5867-48852-0011_-12,"['SNR: -12']"
201-122255-0039_2,"['SNR: 2']"
911-130578-0018_7,"['SNR: 7']"
6000-55211-0016_-14,"['SNR: -14']"
7505-83618-0024_-10,"['SNR: -10']"
1743-142912-0025_7,"['SNR: 7']"
374-180299-0039_-6,"['SNR: -6']"
1867-154075-0014_3,"['SNR: 3']"
5456-62014-0014_-11,"['SNR: -11']"
1553-140048-0033_-14,"['SNR: -14']"
5463-39173-0050_-7,"['SNR: -7']"
6209-34599-0025_5,"['SNR: 5']"
445-123857-0013_9,"['SNR: 9']"
1737-142396-0006_9,"['SNR: 9']"
311-124404-0104_10,"['SNR: 10']"
6019-3185-0086_3,"['SNR: 3']"
248-130644-0028_-1,"['SNR: -1']"
2817-142371-0053_-8,"['SNR: -8']"
26-495-0076_0,"['SNR: 0']"
4014-186175-0028_-11,"['SNR: -11']"
8095-274346-0003_-11,"['SNR: -11']"
5339-14134-0077_7,"['SNR: 7']"
2289-152258-0008_6,"['SNR: 6']"
226-131532-0030_-11,"['SNR: -11']"
3440-171006-0020_-1,"['SNR: -1']"
1737-142396-0001_-8,"['SNR: -8']"
1088-129236-0025_-12,"['SNR: -12']"
8770-295465-0032_-9,"['SNR: -9']"
3112-9555-0073_-6,"['SNR: -6']"
6385-220959-0003_6,"['SNR: 6']"
8312-279790-0008_-8,"['SNR: -8']"
2159-179157-0022_-1,"['SNR: -1']"
4640-19188-0027_-2,"['SNR: -2']"
2518-154826-0046_-9,"['SNR: -9']"
6880-216547-0100_-6,"['SNR: -6']"
7190-90542-0042_-14,"['SNR: -14']"
3982-178459-0047_-11,"['SNR: -11']"
2196-170151-0019_3,"['SNR: 3']"
1088-129236-0014_-6,"['SNR: -6']"
5456-62043-0036_8,"['SNR: 8']"
248-130644-0033_-5,"['SNR: -5']"
150-132655-0000_2,"['SNR: 2']"
7302-86814-0045_-5,"['SNR: -5']"
3857-182317-0004_5,"['SNR: 5']"
6818-76332-0054_-9,"['SNR: -9']"
3982-182255-0000_4,"['SNR: 4']"
6181-216552-0107_-12,"['SNR: -12']"
1841-179183-0034_-1,"['SNR: -1']"
1363-139304-0039_8,"['SNR: 8']"
7059-77897-0019_-11,"['SNR: -11']"
2092-145709-0020_-14,"['SNR: -14']"
1624-142933-0040_-11,"['SNR: -11']"
7067-76048-0017_-1,"['SNR: -1']"
7447-91186-0005_10,"['SNR: 10']"
1963-142776-0013_7,"['SNR: 7']"
26-495-0034_2,"['SNR: 2']"
78-369-0038_8,"['SNR: 8']"
445-123857-0029_-13,"['SNR: -13']"
6367-74004-0029_0,"['SNR: 0']"
4441-76250-0003_-2,"['SNR: -2']"
7190-90542-0011_-7,"['SNR: -7']"
8465-246940-0030_5,"['SNR: 5']"
5456-24741-0003_7,"['SNR: 7']"
1455-138263-0030_-12,"['SNR: -12']"
4340-15220-0063_2,"['SNR: 2']"
3879-173592-0025_3,"['SNR: 3']"
5789-57195-0012_5,"['SNR: 5']"
311-124404-0118_3,"['SNR: 3']"
446-123501-0032_2,"['SNR: 2']"
8838-298546-0028_7,"['SNR: 7']"
6272-70191-0020_1,"['SNR: 1']"
6000-55211-0050_-14,"['SNR: -14']"
8465-246942-0021_6,"['SNR: 6']"
32-21634-0013_4,"['SNR: 4']"
118-47824-0019_5,"['SNR: 5']"
307-127535-0022_-6,"['SNR: -6']"
6000-55211-0019_-11,"['SNR: -11']"
7517-100442-0003_-10,"['SNR: -10']"
7278-104730-0041_1,"['SNR: 1']"
2092-145706-0004_6,"['SNR: 6']"
6836-61804-0026_6,"['SNR: 6']"
6272-70171-0032_-4,"['SNR: -4']"
446-123501-0046_9,"['SNR: 9']"
7505-258964-0031_3,"['SNR: 3']"
1447-17506-0019_-6,"['SNR: -6']"
2289-152257-0006_-2,"['SNR: -2']"
332-128985-0007_9,"['SNR: 9']"
7794-295955-0013_-2,"['SNR: -2']"
4297-13009-0025_-10,"['SNR: -10']"
839-130898-0030_-8,"['SNR: -8']"
198-126831-0041_1,"['SNR: 1']"
226-131533-0013_10,"['SNR: 10']"
3374-298032-0041_-8,"['SNR: -8']"
5514-19192-0034_-10,"['SNR: -10']"
7511-102419-0002_-3,"['SNR: -3']"
311-124404-0090_-4,"['SNR: -4']"
5049-25947-0120_3,"['SNR: 3']"
5393-19219-0036_2,"['SNR: 2']"
6209-34601-0033_0,"['SNR: 0']"
7067-76048-0011_2,"['SNR: 2']"
1553-140047-0042_9,"['SNR: 9']"
7078-271888-0105_-7,"['SNR: -7']"
5514-19192-0037_1,"['SNR: 1']"
2159-179156-0026_-8,"['SNR: -8']"
163-121908-0009_-13,"['SNR: -13']"
7190-90542-0015_-15,"['SNR: -15']"
1992-141719-0042_0,"['SNR: 0']"
3168-173565-0059_8,"['SNR: 8']"
4680-16041-0025_8,"['SNR: 8']"
4481-17498-0029_2,"['SNR: 2']"
1116-132851-0023_1,"['SNR: 1']"
7302-86814-0028_-12,"['SNR: -12']"
405-130895-0030_3,"['SNR: 3']"
2893-139322-0020_-3,"['SNR: -3']"
5750-100289-0070_-9,"['SNR: -9']"
4267-78186-0007_-12,"['SNR: -12']"
7505-258964-0032_0,"['SNR: 0']"
5789-57158-0026_-11,"['SNR: -11']"
8468-286673-0031_-8,"['SNR: -8']"
1098-133695-0018_4,"['SNR: 4']"
2836-5355-0037_2,"['SNR: 2']"
2989-138028-0021_7,"['SNR: 7']"
3830-12535-0010_-13,"['SNR: -13']"
7059-88364-0011_-12,"['SNR: -12']"
3526-176653-0013_7,"['SNR: 7']"
426-122819-0006_-8,"['SNR: -8']"
8123-275216-0037_5,"['SNR: 5']"
39-121914-0024_4,"['SNR: 4']"
1069-133709-0027_-15,"['SNR: -15']"
2182-150130-0002_-4,"['SNR: -4']"
2092-145706-0037_-3,"['SNR: -3']"
196-122150-0030_3,"['SNR: 3']"
4340-15220-0098_-15,"['SNR: -15']"
6078-54013-0033_0,"['SNR: 0']"
4137-11702-0051_-5,"['SNR: -5']"
3259-158083-0043_-2,"['SNR: -2']"
1263-138246-0016_-9,"['SNR: -9']"
83-11691-0020_-13,"['SNR: -13']"
3857-182317-0033_-6,"['SNR: -6']"
8770-295463-0024_-11,"['SNR: -11']"
8580-287363-0006_-2,"['SNR: -2']"
2007-149877-0045_1,"['SNR: 1']"
322-124147-0016_-12,"['SNR: -12']"
6531-61334-0031_-15,"['SNR: -15']"
4441-76250-0017_7,"['SNR: 7']"
1355-39947-0031_2,"['SNR: 2']"
8419-293469-0001_7,"['SNR: 7']"
1088-129236-0005_-7,"['SNR: -7']"
19-198-0021_0,"['SNR: 0']"
7264-92310-0027_9,"['SNR: 9']"
4640-19188-0028_2,"['SNR: 2']"
1578-6379-0016_1,"['SNR: 1']"
8226-274369-0026_-6,"['SNR: -6']"
7780-274562-0054_2,"['SNR: 2']"
4813-248638-0043_-11,"['SNR: -11']"
2391-145015-0017_-8,"['SNR: -8']"
226-131533-0015_4,"['SNR: 4']"
2817-142371-0016_-3,"['SNR: -3']"
40-121026-0033_-10,"['SNR: -10']"
6064-56168-0002_4,"['SNR: 4']"
2391-145015-0069_5,"['SNR: 5']"
19-227-0065_6,"['SNR: 6']"
2893-139322-0048_-3,"['SNR: -3']"
4137-11701-0000_-3,"['SNR: -3']"
5678-43302-0008_6,"['SNR: 6']"
412-126975-0020_-15,"['SNR: -15']"
4014-186176-0035_-14,"['SNR: -14']"
7505-258958-0026_-9,"['SNR: -9']"
909-131045-0042_4,"['SNR: 4']"
3259-158083-0057_3,"['SNR: 3']"
7226-86965-0007_-11,"['SNR: -11']"
5456-58161-0020_2,"['SNR: 2']"
1898-145715-0027_-15,"['SNR: -15']"
4195-17507-0001_-5,"['SNR: -5']"
1898-145715-0042_10,"['SNR: 10']"
481-123719-0013_-14,"['SNR: -14']"
8609-283227-0011_4,"['SNR: 4']"
8238-274553-0028_-4,"['SNR: -4']"
5750-100289-0015_4,"['SNR: 4']"
1088-134315-0058_8,"['SNR: 8']"
3214-167607-0019_2,"['SNR: 2']"
1624-168623-0037_-10,"['SNR: -10']"
4813-248638-0032_-3,"['SNR: -3']"
7178-34645-0023_-2,"['SNR: -2']"
909-131044-0004_1,"['SNR: 1']"
7447-91187-0001_3,"['SNR: 3']"
7447-91187-0036_0,"['SNR: 0']"
7067-76047-0045_-2,"['SNR: -2']"
248-130652-0039_9,"['SNR: 9']"
39-121915-0033_9,"['SNR: 9']"
8226-274369-0011_-13,"['SNR: -13']"
3607-135982-0031_10,"['SNR: 10']"
32-21631-0007_-15,"['SNR: -15']"
7635-105661-0011_-13,"['SNR: -13']"
8468-294887-0032_4,"['SNR: 4']"
8108-280354-0018_10,"['SNR: 10']"
6531-61334-0057_5,"['SNR: 5']"
8063-274117-0024_-13,"['SNR: -13']"
1355-39947-0040_-13,"['SNR: -13']"
587-54108-0006_-5,"['SNR: -5']"
5393-19219-0052_-15,"['SNR: -15']"
2518-154825-0037_-10,"['SNR: -10']"
1737-146161-0010_-6,"['SNR: -6']"
1737-148989-0039_3,"['SNR: 3']"
4340-15220-0070_-11,"['SNR: -11']"
6367-65536-0047_-13,"['SNR: -13']"
696-93314-0031_9,"['SNR: 9']"
412-126975-0051_5,"['SNR: 5']"
6064-300880-0015_-14,"['SNR: -14']"
2289-152258-0003_9,"['SNR: 9']"
6836-61804-0016_-7,"['SNR: -7']"
4788-94904-0015_1,"['SNR: 1']"
7794-295955-0018_-2,"['SNR: -2']"
2836-5354-0018_-8,"['SNR: -8']"
831-130746-0027_-9,"['SNR: -9']"
3947-13262-0030_6,"['SNR: 6']"
289-121652-0033_4,"['SNR: 4']"
83-11691-0004_-5,"['SNR: -5']"
3486-166446-0020_7,"['SNR: 7']"
5322-7678-0028_9,"['SNR: 9']"
2384-152900-0002_-1,"['SNR: -1']"
4640-19189-0014_-14,"['SNR: -14']"
8425-291444-0013_-15,"['SNR: -15']"
5750-35690-0008_9,"['SNR: 9']"
6181-216552-0028_-9,"['SNR: -9']"
6081-41998-0038_-6,"['SNR: -6']"
446-123501-0044_-4,"['SNR: -4']"
8465-246943-0029_-14,"['SNR: -14']"
3807-4955-0002_-2,"['SNR: -2']"
6818-76332-0025_-5,"['SNR: -5']"
2843-152918-0028_-4,"['SNR: -4']"
4362-15663-0060_2,"['SNR: 2']"
7178-34644-0064_-13,"['SNR: -13']"
3982-178459-0022_-9,"['SNR: -9']"
403-128339-0052_2,"['SNR: 2']"
7511-102419-0043_9,"['SNR: 9']"
730-359-0034_0,"['SNR: 0']"
3235-28452-0008_-12,"['SNR: -12']"
307-127539-0024_-1,"['SNR: -1']"
8014-280382-0002_9,"['SNR: 9']"
887-123289-0038_3,"['SNR: 3']"
2911-7601-0018_1,"['SNR: 1']"
8419-286667-0015_-6,"['SNR: -6']"
3214-167606-0015_9,"['SNR: 9']"
5339-14133-0024_-8,"['SNR: -8']"
8630-305213-0050_-6,"['SNR: -6']"
374-180298-0022_2,"['SNR: 2']"
1502-122619-0053_0,"['SNR: 0']"
6367-74004-0004_-8,"['SNR: -8']"
403-216-0021_-12,"['SNR: -12']"
5104-33407-0009_0,"['SNR: 0']"
5703-47212-0015_8,"['SNR: 8']"
5463-39174-0025_-12,"['SNR: -12']"
4014-186176-0025_-2,"['SNR: -2']"
7059-88364-0028_-15,"['SNR: -15']"
4160-11549-0011_2,"['SNR: 2']"
1723-141149-0084_-7,"['SNR: -7']"
7302-86814-0017_-8,"['SNR: -8']"
78-369-0012_-11,"['SNR: -11']"
669-129061-0004_10,"['SNR: 10']"
248-130652-0033_9,"['SNR: 9']"
2910-131096-0071_2,"['SNR: 2']"
1841-150351-0023_-7,"['SNR: -7']"
1553-140048-0025_3,"['SNR: 3']"
458-126305-0018_-11,"['SNR: -11']"
226-122538-0025_-10,"['SNR: -10']"
83-11691-0008_-6,"['SNR: -6']"
403-216-0015_2,"['SNR: 2']"
8580-287364-0021_-3,"['SNR: -3']"
1553-140048-0018_-14,"['SNR: -14']"
2952-410-0030_-9,"['SNR: -9']"
8797-294123-0052_-8,"['SNR: -8']"
248-130644-0011_-3,"['SNR: -3']"
3664-178355-0001_-4,"['SNR: -4']"
4267-287369-0007_-6,"['SNR: -6']"
2836-5354-0043_-3,"['SNR: -3']"
2518-154825-0001_1,"['SNR: 1']"
125-121124-0034_-9,"['SNR: -9']"
6925-80680-0029_-14,"['SNR: -14']"
5390-24512-0017_-14,"['SNR: -14']"
696-93314-0052_4,"['SNR: 4']"
3235-28433-0018_-5,"['SNR: -5']"
458-126305-0033_-13,"['SNR: -13']"
89-219-0032_2,"['SNR: 2']"
5463-39174-0026_-11,"['SNR: -11']"
6000-55211-0031_-5,"['SNR: -5']"
4195-186237-0023_-7,"['SNR: -7']"
8108-274318-0032_-15,"['SNR: -15']"
7635-105409-0071_-5,"['SNR: -5']"
1737-142396-0017_3,"['SNR: 3']"
8609-283227-0045_-14,"['SNR: -14']"
289-121665-0018_3,"['SNR: 3']"
481-123720-0054_6,"['SNR: 6']"
118-47824-0057_10,"['SNR: 10']"
8975-270782-0100_-15,"['SNR: -15']"
103-1241-0019_-3,"['SNR: -3']"
1088-134318-0009_5,"['SNR: 5']"
26-495-0039_-15,"['SNR: -15']"
7635-105409-0031_8,"['SNR: 8']"
302-123504-0003_7,"['SNR: 7']"
8088-284756-0084_4,"['SNR: 4']"
625-132118-0012_-1,"['SNR: -1']"
1867-148436-0016_0,"['SNR: 0']"
7635-105409-0001_0,"['SNR: 0']"
3982-178459-0031_-9,"['SNR: -9']"
6272-70168-0005_-1,"['SNR: -1']"
1034-121119-0015_-6,"['SNR: -6']"
250-142276-0011_2,"['SNR: 2']"
4267-78186-0028_-3,"['SNR: -3']"
5789-57195-0022_2,"['SNR: 2']"
441-130108-0037_-8,"['SNR: -8']"
3526-175658-0025_-2,"['SNR: -2']"
7113-86041-0044_-12,"['SNR: -12']"
4362-15663-0106_-10,"['SNR: -10']"
730-360-0010_-5,"['SNR: -5']"
1841-150351-0026_3,"['SNR: 3']"
4853-27670-0018_-1,"['SNR: -1']"
3947-13262-0038_-1,"['SNR: -1']"
374-180298-0014_-13,"['SNR: -13']"
1183-133255-0001_6,"['SNR: 6']"
4640-19189-0007_2,"['SNR: 2']"
3830-12535-0004_-11,"['SNR: -11']"
4362-15663-0006_-7,"['SNR: -7']"
1081-125237-0023_3,"['SNR: 3']"
26-495-0005_5,"['SNR: 5']"
83-11691-0017_-10,"['SNR: -10']"
5192-19397-0007_-15,"['SNR: -15']"
460-172357-0005_0,"['SNR: 0']"
211-122442-0010_-14,"['SNR: -14']"
831-130739-0015_-13,"['SNR: -13']"
1235-135883-0001_-11,"['SNR: -11']"
5192-19397-0055_-9,"['SNR: -9']"
6209-34601-0016_-8,"['SNR: -8']"
7447-91186-0021_-14,"['SNR: -14']"
3374-298026-0017_-11,"['SNR: -11']"
1069-133699-0042_-14,"['SNR: -14']"
1963-142776-0027_-11,"['SNR: -11']"
3723-171631-0048_-3,"['SNR: -3']"
60-121082-0071_-4,"['SNR: -4']"
163-122947-0030_9,"['SNR: 9']"
5390-24512-0006_-14,"['SNR: -14']"
27-124992-0062_10,"['SNR: 10']"
27-124992-0068_-11,"['SNR: -11']"
405-130895-0028_-9,"['SNR: -9']"
5022-29405-0022_5,"['SNR: 5']"
412-126975-0052_1,"['SNR: 1']"
4195-186236-0015_-15,"['SNR: -15']"
5390-24512-0007_-14,"['SNR: -14']"
1040-133433-0060_2,"['SNR: 2']"
5514-19192-0043_8,"['SNR: 8']"
3235-11599-0017_-9,"['SNR: -9']"
403-128339-0021_-5,"['SNR: -5']"
7859-102519-0002_7,"['SNR: 7']"
3486-166424-0051_9,"['SNR: 9']"
3242-67168-0025_-7,"['SNR: -7']"
2436-2476-0026_-10,"['SNR: -10']"
1841-150351-0010_-7,"['SNR: -7']"
4018-103416-0006_-1,"['SNR: -1']"
7402-59171-0020_2,"['SNR: 2']"
5514-19192-0046_-10,"['SNR: -10']"
1867-154071-0037_-1,"['SNR: -1']"
6272-70168-0008_-11,"['SNR: -11']"
8051-295385-0016_-6,"['SNR: -6']"
2092-145706-0050_-9,"['SNR: -9']"
8063-274116-0020_-3,"['SNR: -3']"
3723-171631-0044_9,"['SNR: 9']"
1455-134435-0037_-15,"['SNR: -15']"
1355-39947-0095_3,"['SNR: 3']"
307-127539-0037_10,"['SNR: 10']"
839-130898-0039_-5,"['SNR: -5']"
5390-24512-0030_-5,"['SNR: -5']"
1898-145720-0018_-5,"['SNR: -5']"
4362-15663-0095_4,"['SNR: 4']"
3526-176653-0038_-13,"['SNR: -13']"
83-11691-0010_-13,"['SNR: -13']"
3112-9555-0084_10,"['SNR: 10']"
8108-280359-0016_-3,"['SNR: -3']"
1898-145715-0031_9,"['SNR: 9']"
5703-47212-0052_1,"['SNR: 1']"
6385-220959-0025_-3,"['SNR: -3']"
8747-293952-0083_4,"['SNR: 4']"
5778-54535-0016_6,"['SNR: 6']"
7226-86965-0037_-2,"['SNR: -2']"
39-121914-0005_-13,"['SNR: -13']"
2893-139322-0002_-12,"['SNR: -12']"
587-54108-0005_-15,"['SNR: -15']"
4018-103416-0029_-9,"['SNR: -9']"
4481-17499-0042_7,"['SNR: 7']"
307-127540-0034_-11,"['SNR: -11']"
196-122159-0016_7,"['SNR: 7']"
403-216-0016_-4,"['SNR: -4']"
3436-172162-0029_-14,"['SNR: -14']"
8425-246962-0012_1,"['SNR: 1']"
4481-17498-0027_9,"['SNR: 9']"
2952-410-0048_-14,"['SNR: -14']"
426-122819-0025_-12,"['SNR: -12']"
4018-103416-0035_-10,"['SNR: -10']"
5339-14134-0061_-4,"['SNR: -4']"
7367-86737-0049_-14,"['SNR: -14']"
2893-139310-0041_-5,"['SNR: -5']"
730-359-0024_2,"['SNR: 2']"
8630-305212-0025_4,"['SNR: 4']"
1081-125237-0108_-3,"['SNR: -3']"
7447-91186-0030_-5,"['SNR: -5']"
3168-173565-0047_10,"['SNR: 10']"
7178-34644-0005_-5,"['SNR: -5']"
5049-25947-0014_0,"['SNR: 0']"
4859-29340-0014_7,"['SNR: 7']"
403-128339-0014_-1,"['SNR: -1']"
2817-142371-0066_-5,"['SNR: -5']"
226-131532-0010_-15,"['SNR: -15']"
5561-41616-0029_-12,"['SNR: -12']"
4397-15678-0000_5,"['SNR: 5']"
1926-143879-0011_2,"['SNR: 2']"
2436-2476-0039_-5,"['SNR: -5']"
7113-86041-0103_-13,"['SNR: -13']"
1841-179183-0024_-8,"['SNR: -8']"
3947-13260-0019_-11,"['SNR: -11']"
289-121665-0037_4,"['SNR: 4']"
40-121026-0004_2,"['SNR: 2']"
7794-295948-0009_-6,"['SNR: -6']"
4014-186175-0025_1,"['SNR: 1']"
6454-120342-0014_-15,"['SNR: -15']"
1455-134435-0040_-14,"['SNR: -14']"
19-227-0045_-5,"['SNR: -5']"
8747-293952-0085_7,"['SNR: 7']"
6081-41997-0021_-12,"['SNR: -12']"
1737-148989-0026_-9,"['SNR: -9']"
8609-262281-0001_5,"['SNR: 5']"
4014-186179-0041_-4,"['SNR: -4']"
3947-13262-0010_-12,"['SNR: -12']"
3235-11599-0022_-2,"['SNR: -2']"
8063-274115-0022_-1,"['SNR: -1']"
254-27760-0000_-3,"['SNR: -3']"
1235-135883-0036_9,"['SNR: 9']"
1088-134315-0018_-15,"['SNR: -15']"
26-495-0027_-12,"['SNR: -12']"
6454-107462-0006_2,"['SNR: 2']"
7278-91083-0017_-7,"['SNR: -7']"
4014-186183-0017_-1,"['SNR: -1']"
1926-143879-0036_-15,"['SNR: -15']"
8468-286673-0016_-3,"['SNR: -3']"
5750-100289-0064_4,"['SNR: 4']"
1334-135589-0015_-11,"['SNR: -11']"
1898-145720-0012_-4,"['SNR: -4']"
1081-125237-0027_1,"['SNR: 1']"
839-130898-0027_-3,"['SNR: -3']"
8238-274553-0038_3,"['SNR: 3']"
3830-12531-0025_9,"['SNR: 9']"
6880-216547-0037_-10,"['SNR: -10']"
2989-138035-0046_-5,"['SNR: -5']"
89-218-0013_7,"['SNR: 7']"
226-122538-0028_-2,"['SNR: -2']"
7278-91083-0026_-2,"['SNR: -2']"
7367-86737-0005_-13,"['SNR: -13']"
6081-41998-0023_9,"['SNR: 9']"
4406-16882-0039_5,"['SNR: 5']"
1970-26100-0014_6,"['SNR: 6']"
4853-27670-0027_-1,"['SNR: -1']"
5163-39921-0037_4,"['SNR: 4']"
4813-248641-0037_-6,"['SNR: -6']"
6531-61334-0116_-9,"['SNR: -9']"
125-121124-0052_9,"['SNR: 9']"
460-172359-0021_6,"['SNR: 6']"
8468-295198-0014_-6,"['SNR: -6']"
6531-61334-0117_3,"['SNR: 3']"
39-121916-0027_-10,"['SNR: -10']"
87-121553-0003_-6,"['SNR: -6']"
4267-287369-0006_-15,"['SNR: -15']"
839-130898-0012_-10,"['SNR: -10']"
1081-125237-0109_-15,"['SNR: -15']"
8324-286683-0037_8,"['SNR: 8']"
32-21625-0004_-7,"['SNR: -7']"
1578-6379-0036_-15,"['SNR: -15']"
625-132118-0048_-15,"['SNR: -15']"
1737-148989-0004_-13,"['SNR: -13']"
3486-166424-0058_8,"['SNR: 8']"
6367-65536-0051_-4,"['SNR: -4']"
8465-246940-0019_-4,"['SNR: -4']"
3982-178459-0054_-14,"['SNR: -14']"
6836-61804-0021_-6,"['SNR: -6']"
839-130898-0032_-4,"['SNR: -4']"
7302-86815-0041_4,"['SNR: 4']"
3374-298032-0016_3,"['SNR: 3']"
1081-125237-0020_9,"['SNR: 9']"
3857-182317-0015_7,"['SNR: 7']"
4297-13006-0000_-7,"['SNR: -7']"
332-128985-0057_0,"['SNR: 0']"
307-127540-0027_-12,"['SNR: -12']"
6454-93938-0025_-4,"['SNR: -4']"
8312-279790-0046_-6,"['SNR: -6']"
1553-140048-0034_-11,"['SNR: -11']"
8108-280359-0015_10,"['SNR: 10']"
3486-166446-0041_-14,"['SNR: -14']"
625-132112-0051_-12,"['SNR: -12']"
5049-25947-0003_5,"['SNR: 5']"
2691-156745-0036_2,"['SNR: 2']"
7635-105661-0040_-4,"['SNR: -4']"
6019-3185-0074_-9,"['SNR: -9']"
7059-88364-0002_-15,"['SNR: -15']"
40-121026-0001_-2,"['SNR: -2']"
3168-173564-0004_-9,"['SNR: -9']"
1963-142776-0002_-7,"['SNR: -7']"
1069-133709-0000_-14,"['SNR: -14']"
669-129074-0024_-7,"['SNR: -7']"
3982-182255-0027_3,"['SNR: 3']"
4267-287369-0034_-2,"['SNR: -2']"
298-126791-0004_-10,"['SNR: -10']"
1624-168623-0053_-5,"['SNR: -5']"
3436-172162-0002_6,"['SNR: 6']"
233-155990-0032_-7,"['SNR: -7']"
87-121553-0019_10,"['SNR: 10']"
1455-138263-0034_-4,"['SNR: -4']"
831-130746-0051_-10,"['SNR: -10']"
7447-91186-0038_-4,"['SNR: -4']"
730-359-0044_-9,"['SNR: -9']"
32-21631-0003_-6,"['SNR: -6']"
6385-220959-0015_1,"['SNR: 1']"
405-130895-0017_8,"['SNR: 8']"
6272-70191-0013_-5,"['SNR: -5']"
39-121914-0000_8,"['SNR: 8']"
89-219-0038_-6,"['SNR: -6']"
4267-78186-0032_-9,"['SNR: -9']"
441-128982-0013_3,"['SNR: 3']"
2989-138035-0049_1,"['SNR: 1']"
3947-13262-0039_-13,"['SNR: -13']"
6019-3185-0001_1,"['SNR: 1']"
1992-141719-0029_10,"['SNR: 10']"
8226-274371-0012_7,"['SNR: 7']"
118-124588-0020_-8,"['SNR: -8']"
6476-57446-0000_-2,"['SNR: -2']"
8770-295462-0020_-15,"['SNR: -15']"
5678-43302-0024_10,"['SNR: 10']"
441-128982-0021_3,"['SNR: 3']"
78-369-0040_-12,"['SNR: -12']"
3879-174923-0006_0,"['SNR: 0']"
5789-70653-0005_-11,"['SNR: -11']"
5393-19219-0009_10,"['SNR: 10']"
3607-29116-0039_-11,"['SNR: -11']"
3259-158083-0112_-14,"['SNR: -14']"
7800-283493-0037_-10,"['SNR: -10']"
1183-128659-0004_4,"['SNR: 4']"
1970-26100-0030_-9,"['SNR: -9']"
669-129061-0063_8,"['SNR: 8']"
3168-173564-0021_5,"['SNR: 5']"
6272-70191-0009_-10,"['SNR: -10']"
8468-294887-0018_-7,"['SNR: -7']"
6563-63821-0041_-8,"['SNR: -8']"
1553-140048-0027_-12,"['SNR: -12']"
125-121124-0027_-11,"['SNR: -11']"
1502-122619-0011_-1,"['SNR: -1']"
2764-36616-0027_-15,"['SNR: -15']"
6019-3185-0023_-7,"['SNR: -7']"
5192-19397-0048_1,"['SNR: 1']"
3857-182317-0017_-5,"['SNR: -5']"
254-12312-0015_-14,"['SNR: -14']"
8838-298546-0008_5,"['SNR: 5']"
1743-142914-0019_-7,"['SNR: -7']"
8465-246940-0000_-12,"['SNR: -12']"
1867-154075-0013_10,"['SNR: 10']"
3214-167602-0011_-11,"['SNR: -11']"
307-127539-0031_9,"['SNR: 9']"
4788-94904-0009_-7,"['SNR: -7']"
8465-246947-0010_-8,"['SNR: -8']"
6437-66173-0011_-8,"['SNR: -8']"
3240-131231-0037_-15,"['SNR: -15']"
3830-12530-0041_7,"['SNR: 7']"
8238-274553-0043_1,"['SNR: 1']"
7226-86964-0033_-2,"['SNR: -2']"
4137-11702-0044_-8,"['SNR: -8']"
6836-61804-0022_10,"['SNR: 10']"
6476-96661-0021_-2,"['SNR: -2']"
4195-186238-0009_-5,"['SNR: -5']"
8609-262281-0007_5,"['SNR: 5']"
8580-287363-0021_1,"['SNR: 1']"
3374-298026-0030_-5,"['SNR: -5']"
7067-76047-0014_-2,"['SNR: -2']"
4397-15678-0028_-3,"['SNR: -3']"
6415-111615-0024_1,"['SNR: 1']"
696-93314-0050_8,"['SNR: 8']"
2893-139322-0039_-6,"['SNR: -6']"
4195-17507-0026_-1,"['SNR: -1']"
2764-36619-0005_-6,"['SNR: -6']"
426-122821-0014_3,"['SNR: 3']"
7190-90542-0029_-6,"['SNR: -6']"
4214-7146-0062_-2,"['SNR: -2']"
2836-5355-0050_4,"['SNR: 4']"
446-123502-0041_-2,"['SNR: -2']"
8747-293952-0072_2,"['SNR: 2']"
6209-34600-0034_7,"['SNR: 7']"
6367-65536-0071_2,"['SNR: 2']"
7148-7763-0005_1,"['SNR: 1']"
1867-154075-0022_5,"['SNR: 5']"
2092-145706-0076_1,"['SNR: 1']"
150-126107-0017_-12,"['SNR: -12']"
441-128988-0010_1,"['SNR: 1']"
1963-147036-0017_9,"['SNR: 9']"
6019-3185-0110_-11,"['SNR: -11']"
1963-147036-0024_4,"['SNR: 4']"
163-122947-0008_-10,"['SNR: -10']"
1116-132847-0000_-6,"['SNR: -6']"
125-121124-0070_-7,"['SNR: -7']"
39-121916-0002_9,"['SNR: 9']"
6181-216552-0010_-15,"['SNR: -15']"
5049-25947-0032_-5,"['SNR: -5']"
3112-9554-0018_-13,"['SNR: -13']"
2289-152254-0025_-5,"['SNR: -5']"
4859-22176-0020_3,"['SNR: 3']"
1898-145702-0004_-12,"['SNR: -12']"
730-358-0005_-1,"['SNR: -1']"
7517-100437-0008_-7,"['SNR: -7']"
8312-279791-0031_7,"['SNR: 7']"
887-123289-0018_-12,"['SNR: -12']"
254-127705-0033_-8,"['SNR: -8']"
5808-48608-0029_1,"['SNR: 1']"
8324-286681-0004_5,"['SNR: 5']"
2691-156755-0009_7,"['SNR: 7']"
198-126831-0031_-14,"['SNR: -14']"
4830-25898-0011_-3,"['SNR: -3']"
458-126294-0002_-9,"['SNR: -9']"
5688-15787-0006_-15,"['SNR: -15']"
8095-274346-0029_-13,"['SNR: -13']"
27-123349-0037_-2,"['SNR: -2']"
2136-5143-0036_4,"['SNR: 4']"
250-142276-0045_-5,"['SNR: -5']"
6563-63821-0005_-7,"['SNR: -7']"
1088-134318-0013_-4,"['SNR: -4']"
8226-274371-0027_5,"['SNR: 5']"
8629-261139-0029_9,"['SNR: 9']"
1970-28415-0009_8,"['SNR: 8']"
1841-179183-0027_-2,"['SNR: -2']"
7264-92316-0034_6,"['SNR: 6']"
8629-261139-0048_-7,"['SNR: -7']"
78-368-0029_7,"['SNR: 7']"
6209-34601-0002_8,"['SNR: 8']"
200-124140-0020_10,"['SNR: 10']"
8098-278278-0017_-9,"['SNR: -9']"
19-227-0039_-15,"['SNR: -15']"
405-130895-0010_-6,"['SNR: -6']"
4406-16882-0027_5,"['SNR: 5']"
587-41611-0013_-4,"['SNR: -4']"
8419-286676-0008_-6,"['SNR: -6']"
1363-139304-0007_8,"['SNR: 8']"
4853-27670-0015_-10,"['SNR: -10']"
6531-61334-0132_-5,"['SNR: -5']"
1578-6379-0026_-5,"['SNR: -5']"
403-126855-0014_-11,"['SNR: -11']"
2159-179154-0016_8,"['SNR: 8']"
8419-286676-0027_-7,"['SNR: -7']"
5808-48608-0045_0,"['SNR: 0']"
5104-33407-0025_-4,"['SNR: -4']"
7517-100442-0013_1,"['SNR: 1']"
7780-274562-0094_-5,"['SNR: -5']"
200-124140-0026_-13,"['SNR: -13']"
887-123289-0015_-2,"['SNR: -2']"
3242-67168-0035_5,"['SNR: 5']"
7059-77897-0032_-6,"['SNR: -6']"
8051-295385-0026_-1,"['SNR: -1']"
8629-261139-0049_7,"['SNR: 7']"
4441-76250-0012_8,"['SNR: 8']"
298-126791-0006_8,"['SNR: 8']"
248-130697-0006_-9,"['SNR: -9']"
1926-147987-0008_7,"['SNR: 7']"
4397-15666-0022_3,"['SNR: 3']"
2136-5143-0040_4,"['SNR: 4']"
7059-77897-0028_-6,"['SNR: -6']"
8838-298546-0012_-14,"['SNR: -14']"
4014-186179-0023_10,"['SNR: 10']"
8063-274117-0015_6,"['SNR: 6']"
6019-3185-0008_-11,"['SNR: -11']"
7078-271888-0018_4,"['SNR: 4']"
7780-274562-0095_-10,"['SNR: -10']"
7190-90543-0031_5,"['SNR: 5']"
5192-19396-0009_6,"['SNR: 6']"
8051-119902-0017_0,"['SNR: 0']"
7402-59171-0047_-6,"['SNR: -6']"
7402-90848-0032_6,"['SNR: 6']"
2893-139310-0036_-4,"['SNR: -4']"
1447-130552-0010_2,"['SNR: 2']"
3214-167602-0004_-14,"['SNR: -14']"
2911-15084-0008_9,"['SNR: 9']"
1034-121119-0053_5,"['SNR: 5']"
3857-182315-0017_8,"['SNR: 8']"
7859-102519-0049_1,"['SNR: 1']"
328-129766-0032_-4,"['SNR: -4']"
5561-41615-0035_-7,"['SNR: -7']"
6880-216547-0102_3,"['SNR: 3']"
8123-275216-0025_-12,"['SNR: -12']"
8063-274117-0005_-2,"['SNR: -2']"
4406-16883-0027_-3,"['SNR: -3']"
374-180298-0045_7,"['SNR: 7']"
3374-298032-0018_0,"['SNR: 0']"
1737-146161-0006_8,"['SNR: 8']"
4195-186237-0025_-10,"['SNR: -10']"
1081-125237-0079_3,"['SNR: 3']"
625-132118-0025_-3,"['SNR: -3']"
7148-82991-0035_5,"['SNR: 5']"
2911-7601-0025_-9,"['SNR: -9']"
887-123291-0027_8,"['SNR: 8']"
83-9960-0029_-6,"['SNR: -6']"
1737-146161-0014_-1,"['SNR: -1']"
3259-158083-0090_-13,"['SNR: -13']"
1553-140047-0014_7,"['SNR: 7']"
3436-172171-0054_-4,"['SNR: -4']"
1355-39947-0091_-11,"['SNR: -11']"
4859-29340-0002_-2,"['SNR: -2']"
8063-274112-0028_-10,"['SNR: -10']"
7635-105661-0047_7,"['SNR: 7']"
5390-30096-0015_4,"['SNR: 4']"
8425-287387-0032_7,"['SNR: 7']"
1081-125237-0075_0,"['SNR: 0']"
5561-41616-0007_-4,"['SNR: -4']"
1235-135887-0015_-12,"['SNR: -12']"
909-131041-0028_7,"['SNR: 7']"
7367-86737-0031_-5,"['SNR: -5']"
6367-74004-0000_-1,"['SNR: -1']"
211-122442-0083_2,"['SNR: 2']"
5339-14134-0025_1,"['SNR: 1']"
89-218-0031_2,"['SNR: 2']"
625-132112-0025_-6,"['SNR: -6']"
1841-150351-0027_-13,"['SNR: -13']"
839-130898-0049_-12,"['SNR: -12']"
8238-274553-0069_4,"['SNR: 4']"
5390-24512-0018_-8,"['SNR: -8']"
254-27760-0018_3,"['SNR: 3']"
5703-47198-0034_10,"['SNR: 10']"
6880-216547-0069_2,"['SNR: 2']"
6019-3185-0056_-7,"['SNR: -7']"
5192-19397-0042_-6,"['SNR: -6']"
6272-70171-0040_0,"['SNR: 0']"
8088-284756-0023_-7,"['SNR: -7']"
8468-286673-0002_5,"['SNR: 5']"
118-47824-0041_0,"['SNR: 0']"
2817-142371-0033_9,"['SNR: 9']"
2436-2481-0029_-14,"['SNR: -14']"
4853-27670-0035_-7,"['SNR: -7']"
8095-274346-0005_2,"['SNR: 2']"
8108-280354-0019_0,"['SNR: 0']"
7402-59171-0029_-4,"['SNR: -4']"
7113-86041-0031_8,"['SNR: 8']"
7447-91186-0026_5,"['SNR: 5']"
374-180298-0043_5,"['SNR: 5']"
3983-5331-0020_-7,"['SNR: -7']"
8838-298545-0010_9,"['SNR: 9']"
4267-72637-0004_-4,"['SNR: -4']"
831-130739-0038_6,"['SNR: 6']"
328-129766-0060_-6,"['SNR: -6']"
8580-287363-0011_-2,"['SNR: -2']"
8770-295462-0041_-6,"['SNR: -6']"
405-130894-0078_0,"['SNR: 0']"
4830-25898-0000_-8,"['SNR: -8']"
8975-270782-0001_-5,"['SNR: -5']"
27-123349-0053_-12,"['SNR: -12']"
8419-286676-0012_7,"['SNR: 7']"
7367-86737-0056_1,"['SNR: 1']"
2289-152254-0020_-7,"['SNR: -7']"
5789-70653-0002_4,"['SNR: 4']"
2518-154825-0046_-4,"['SNR: -4']"
8419-286667-0025_10,"['SNR: 10']"
211-122442-0021_4,"['SNR: 4']"
1116-132847-0011_-12,"['SNR: -12']"
6818-76332-0022_-15,"['SNR: -15']"
730-359-0001_-11,"['SNR: -11']"
6181-216552-0000_6,"['SNR: 6']"
1578-140049-0010_-12,"['SNR: -12']"
311-124404-0042_2,"['SNR: 2']"
233-134440-0058_2,"['SNR: 2']"
2836-5355-0015_-6,"['SNR: -6']"
3879-174923-0065_9,"['SNR: 9']"
4441-76262-0016_9,"['SNR: 9']"
4014-186176-0040_-3,"['SNR: -3']"
8014-112602-0002_-14,"['SNR: -14']"
19-227-0006_3,"['SNR: 3']"
2910-131096-0059_4,"['SNR: 4']"
4406-16882-0009_-3,"['SNR: -3']"
328-129766-0001_-1,"['SNR: -1']"
8014-112602-0027_4,"['SNR: 4']"
3879-173592-0021_4,"['SNR: 4']"
4018-107312-0035_7,"['SNR: 7']"
2691-156755-0019_7,"['SNR: 7']"
229-130880-0004_8,"['SNR: 8']"
4018-107338-0011_6,"['SNR: 6']"
5163-18515-0046_-10,"['SNR: -10']"
4160-11550-0013_-13,"['SNR: -13']"
2092-145709-0003_-14,"['SNR: -14']"
3807-4955-0026_1,"['SNR: 1']"
1081-125237-0070_-10,"['SNR: -10']"
7078-271888-0026_4,"['SNR: 4']"
2843-152918-0106_-8,"['SNR: -8']"
6563-63821-0036_-8,"['SNR: -8']"
1034-121119-0027_10,"['SNR: 10']"
3259-158083-0098_-2,"['SNR: -2']"
6181-216552-0040_-14,"['SNR: -14']"
5390-30096-0012_-12,"['SNR: -12']"
3607-29116-0009_-3,"['SNR: -3']"
8770-295463-0009_-2,"['SNR: -2']"
7800-283478-0025_5,"['SNR: 5']"
3235-11599-0003_-8,"['SNR: -8']"
4406-16883-0037_-8,"['SNR: -8']"
19-227-0043_-9,"['SNR: -9']"
83-9960-0015_-5,"['SNR: -5']"
311-124404-0097_-15,"['SNR: -15']"
6385-34655-0009_-8,"['SNR: -8']"
8226-274369-0020_2,"['SNR: 2']"
8108-280354-0030_8,"['SNR: 8']"
3214-167602-0017_9,"['SNR: 9']"
4018-107338-0030_1,"['SNR: 1']"
8238-283452-0003_2,"['SNR: 2']"
201-122255-0025_9,"['SNR: 9']"
8609-283227-0005_-6,"['SNR: -6']"
307-127540-0018_-3,"['SNR: -3']"
3807-4923-0037_-11,"['SNR: -11']"
8468-286673-0032_-9,"['SNR: -9']"
248-130697-0027_10,"['SNR: 10']"
8465-246942-0003_0,"['SNR: 0']"
4195-186237-0014_5,"['SNR: 5']"
5688-41232-0018_6,"['SNR: 6']"
2514-149482-0039_-2,"['SNR: -2']"
405-130895-0025_-10,"['SNR: -10']"
229-130880-0007_8,"['SNR: 8']"
1502-122619-0010_5,"['SNR: 5']"
8226-274371-0030_1,"['SNR: 1']"
5808-54425-0018_10,"['SNR: 10']"
4406-16883-0038_-15,"['SNR: -15']"
8580-287363-0020_-4,"['SNR: -4']"
8630-305213-0001_-13,"['SNR: -13']"
298-126790-0004_-4,"['SNR: -4']"
2691-156750-0010_1,"['SNR: 1']"
4137-11702-0002_1,"['SNR: 1']"
1553-140047-0008_-2,"['SNR: -2']"
4406-16882-0010_-5,"['SNR: -5']"
2836-5355-0019_-1,"['SNR: -1']"
78-369-0053_-5,"['SNR: -5']"
4898-28461-0064_-15,"['SNR: -15']"
625-132112-0054_4,"['SNR: 4']"
3374-298026-0007_-11,"['SNR: -11']"
6181-216552-0099_3,"['SNR: 3']"
2691-156755-0023_-14,"['SNR: -14']"
6147-34605-0011_4,"['SNR: 4']"
8226-274371-0006_8,"['SNR: 8']"
3214-167602-0022_-2,"['SNR: -2']"
1098-133695-0019_-4,"['SNR: -4']"
2910-131096-0013_5,"['SNR: 5']"
6437-66172-0015_-12,"['SNR: -12']"
8098-275181-0016_-12,"['SNR: -12']"
1363-139304-0014_-4,"['SNR: -4']"
254-127705-0032_-2,"['SNR: -2']"
332-128985-0039_-7,"['SNR: -7']"
696-92939-0027_-5,"['SNR: -5']"
405-130895-0027_3,"['SNR: 3']"
7067-76048-0020_6,"['SNR: 6']"
6019-3185-0049_5,"['SNR: 5']"
87-121553-0063_6,"['SNR: 6']"
3242-67153-0034_0,"['SNR: 0']"
83-3054-0008_-2,"['SNR: -2']"
8580-287363-0009_8,"['SNR: 8']"
8312-279790-0043_2,"['SNR: 2']"
458-126290-0007_-10,"['SNR: -10']"
8797-294123-0097_-1,"['SNR: -1']"
2196-170379-0001_7,"['SNR: 7']"
3214-167602-0034_2,"['SNR: 2']"
8088-284756-0118_-8,"['SNR: -8']"
2159-179154-0008_-11,"['SNR: -11']"
6476-96661-0016_-8,"['SNR: -8']"
3830-12529-0001_1,"['SNR: 1']"
2384-152900-0022_-6,"['SNR: -6']"
5456-62014-0002_8,"['SNR: 8']"
458-126305-0020_-15,"['SNR: -15']"
8629-261139-0033_-14,"['SNR: -14']"
2843-152918-0045_-3,"['SNR: -3']"
201-127786-0071_4,"['SNR: 4']"
3830-12530-0031_-8,"['SNR: -8']"
5750-35690-0019_-14,"['SNR: -14']"
4406-16883-0000_-12,"['SNR: -12']"
201-127786-0024_-15,"['SNR: -15']"
5808-54425-0021_8,"['SNR: 8']"
8051-118101-0034_3,"['SNR: 3']"
2416-152139-0058_-15,"['SNR: -15']"
1723-141149-0109_0,"['SNR: 0']"
4859-29340-0030_7,"['SNR: 7']"
6925-80680-0065_-9,"['SNR: -9']"
2002-139469-0040_0,"['SNR: 0']"
2989-138028-0064_8,"['SNR: 8']"
4680-16026-0031_-3,"['SNR: -3']"
1081-125237-0063_-3,"['SNR: -3']"
1502-122619-0073_9,"['SNR: 9']"
5514-19192-0022_7,"['SNR: 7']"
2817-142371-0046_-10,"['SNR: -10']"
1455-134435-0033_-9,"['SNR: -9']"
1447-17506-0012_-11,"['SNR: -11']"
332-128985-0018_7,"['SNR: 7']"
4214-7146-0052_2,"['SNR: 2']"
6563-63821-0030_-12,"['SNR: -12']"
200-124139-0005_3,"['SNR: 3']"
887-123291-0001_-9,"['SNR: -9']"
5163-18515-0006_-5,"['SNR: -5']"
254-27760-0016_-9,"['SNR: -9']"
1624-142933-0017_-14,"['SNR: -14']"
6019-3185-0102_7,"['SNR: 7']"
7780-274562-0032_-8,"['SNR: -8']"
8063-274112-0023_-13,"['SNR: -13']"
7402-59171-0033_-15,"['SNR: -15']"
7059-77900-0024_-1,"['SNR: -1']"
4680-16026-0013_-6,"['SNR: -6']"
1723-141149-0034_-14,"['SNR: -14']"
233-134440-0040_-14,"['SNR: -14']"
7367-86737-0034_-8,"['SNR: -8']"
302-123504-0012_2,"['SNR: 2']"
4014-186179-0013_10,"['SNR: 10']"
1263-138246-0029_-4,"['SNR: -4']"
1594-135914-0126_7,"['SNR: 7']"
328-129766-0051_-5,"['SNR: -5']"
1263-138246-0020_3,"['SNR: 3']"
887-123291-0020_-8,"['SNR: -8']"
7367-86737-0100_-1,"['SNR: -1']"
6209-34599-0030_-13,"['SNR: -13']"
1034-121119-0023_8,"['SNR: 8']"
2007-149877-0002_1,"['SNR: 1']"
7278-91083-0018_-12,"['SNR: -12']"
3723-171115-0038_9,"['SNR: 9']"
27-124992-0075_2,"['SNR: 2']"
8770-295463-0002_-13,"['SNR: -13']"
32-21634-0008_-11,"['SNR: -11']"
8324-286682-0015_1,"['SNR: 1']"
6415-116629-0022_-13,"['SNR: -13']"
4267-287369-0010_-1,"['SNR: -1']"
1624-142933-0030_-14,"['SNR: -14']"
7190-90542-0050_2,"['SNR: 2']"
2910-131096-0007_-14,"['SNR: -14']"
6209-34601-0009_0,"['SNR: 0']"
8770-295463-0013_-11,"['SNR: -11']"
7402-90848-0002_4,"['SNR: 4']"
2289-152253-0026_-8,"['SNR: -8']"
2836-5354-0017_0,"['SNR: 0']"
4018-107312-0029_-15,"['SNR: -15']"
4297-13009-0048_-8,"['SNR: -8']"
254-127705-0002_10,"['SNR: 10']"
2159-179154-0018_-3,"['SNR: -3']"
8312-279791-0029_-2,"['SNR: -2']"
211-122425-0019_-8,"['SNR: -8']"
2691-156755-0015_-15,"['SNR: -15']"
405-130894-0061_-7,"['SNR: -7']"
446-123501-0037_-4,"['SNR: -4']"
6019-3185-0013_-6,"['SNR: -6']"
2514-149482-0071_-15,"['SNR: -15']"
5750-100289-0067_-8,"['SNR: -8']"
2836-5354-0033_-7,"['SNR: -7']"
118-121721-0026_8,"['SNR: 8']"
3526-176653-0019_-13,"['SNR: -13']"
322-124147-0021_2,"['SNR: 2']"
6209-34600-0000_-11,"['SNR: -11']"
229-130880-0084_-8,"['SNR: -8']"
2391-145015-0081_5,"['SNR: 5']"
2092-145709-0001_-7,"['SNR: -7']"
26-495-0060_-7,"['SNR: -7']"
8975-270782-0024_0,"['SNR: 0']"
5652-19215-0052_6,"['SNR: 6']"
332-128985-0048_-13,"['SNR: -13']"
302-123504-0000_-10,"['SNR: -10']"
4297-13009-0037_1,"['SNR: 1']"
3947-13260-0041_4,"['SNR: 4']"
196-122152-0006_-5,"['SNR: -5']"
3807-4923-0016_9,"['SNR: 9']"
625-132112-0003_-11,"['SNR: -11']"
5022-29405-0007_-8,"['SNR: -8']"
3526-176651-0011_8,"['SNR: 8']"
909-131044-0017_6,"['SNR: 6']"
5390-24512-0003_5,"['SNR: 5']"
3983-5331-0047_-5,"['SNR: -5']"
3526-176653-0002_-9,"['SNR: -9']"
1334-135589-0032_9,"['SNR: 9']"
3830-12530-0015_-4,"['SNR: -4']"
87-121553-0069_1,"['SNR: 1']"
8580-287363-0019_-7,"['SNR: -7']"
6563-63821-0035_8,"['SNR: 8']"
5049-25947-0112_7,"['SNR: 7']"
426-122821-0015_5,"['SNR: 5']"
26-495-0058_7,"['SNR: 7']"
2518-154825-0007_4,"['SNR: 4']"
4137-11701-0009_7,"['SNR: 7']"
1992-141719-0000_-13,"['SNR: -13']"
2391-145015-0029_8,"['SNR: 8']"
3830-12530-0023_4,"['SNR: 4']"
8098-278252-0009_-12,"['SNR: -12']"
150-126107-0027_9,"['SNR: 9']"
2007-149877-0034_10,"['SNR: 10']"
4267-72637-0007_7,"['SNR: 7']"
39-121914-0054_0,"['SNR: 0']"
5750-35690-0000_-9,"['SNR: -9']"
5778-54535-0024_-5,"['SNR: -5']"
1246-135815-0003_-7,"['SNR: -7']"
6437-66172-0031_-12,"['SNR: -12']"
7635-105409-0039_-13,"['SNR: -13']"
3982-182255-0029_-9,"['SNR: -9']"
7067-76047-0032_-4,"['SNR: -4']"
2836-5355-0003_-13,"['SNR: -13']"
3235-28452-0003_3,"['SNR: 3']"
2952-410-0046_-4,"['SNR: -4']"
1235-135884-0025_-15,"['SNR: -15']"
1088-129236-0012_-7,"['SNR: -7']"
4014-186179-0001_-8,"['SNR: -8']"
3168-173564-0008_-15,"['SNR: -15']"
3214-167607-0010_-1,"['SNR: -1']"
2843-152918-0102_-3,"['SNR: -3']"
5652-39938-0064_0,"['SNR: 0']"
1594-135914-0026_-15,"['SNR: -15']"
4859-29340-0039_-12,"['SNR: -12']"
831-130739-0053_1,"['SNR: 1']"
6081-41997-0002_6,"['SNR: 6']"
1992-141719-0046_5,"['SNR: 5']"
226-122538-0016_2,"['SNR: 2']"
426-122822-0027_-8,"['SNR: -8']"
6437-66172-0007_10,"['SNR: 10']"
248-130652-0038_-4,"['SNR: -4']"
118-47824-0018_-1,"['SNR: -1']"
7278-91083-0000_10,"['SNR: 10']"
8770-295465-0040_-10,"['SNR: -10']"
5678-43303-0020_1,"['SNR: 1']"
1034-121119-0075_-7,"['SNR: -7']"
1594-135914-0105_-7,"['SNR: -7']"
3526-176651-0012_0,"['SNR: 0']"
1069-133699-0046_-1,"['SNR: -1']"
5778-54535-0037_-5,"['SNR: -5']"
4195-186237-0030_-5,"['SNR: -5']"
5688-15787-0036_9,"['SNR: 9']"
3699-47246-0012_0,"['SNR: 0']"
201-127786-0052_3,"['SNR: 3']"
7505-83618-0012_3,"['SNR: 3']"
87-121553-0044_4,"['SNR: 4']"
4340-15220-0031_-4,"['SNR: -4']"
8014-112602-0040_-9,"['SNR: -9']"
7278-104730-0040_0,"['SNR: 0']"
625-132118-0039_6,"['SNR: 6']"
2691-156755-0005_-4,"['SNR: -4']"
730-358-0018_5,"['SNR: 5']"
2893-139310-0032_-7,"['SNR: -7']"
2518-154825-0009_4,"['SNR: 4']"
2196-174172-0021_-9,"['SNR: -9']"
4853-27671-0026_5,"['SNR: 5']"
6454-120342-0034_-4,"['SNR: -4']"
4267-72637-0033_3,"['SNR: 3']"
6385-34669-0007_-6,"['SNR: -6']"
8468-286673-0027_-13,"['SNR: -13']"
8238-283452-0038_6,"['SNR: 6']"
4640-19187-0031_6,"['SNR: 6']"
1963-142393-0045_4,"['SNR: 4']"
27-124992-0017_-1,"['SNR: -1']"
403-216-0003_6,"['SNR: 6']"
1246-135815-0001_7,"['SNR: 7']"
6454-120342-0002_1,"['SNR: 1']"
1081-125237-0018_-13,"['SNR: -13']"
2893-139310-0051_3,"['SNR: 3']"
2518-154825-0012_6,"['SNR: 6']"
5561-39621-0037_-1,"['SNR: -1']"
1723-141149-0104_-15,"['SNR: -15']"
3526-176653-0033_-2,"['SNR: -2']"
2007-132570-0059_-15,"['SNR: -15']"
2843-152918-0036_8,"['SNR: 8']"
7505-258964-0035_-13,"['SNR: -13']"
911-128684-0049_10,"['SNR: 10']"
8975-270782-0102_10,"['SNR: 10']"
5339-14134-0008_3,"['SNR: 3']"
201-127786-0028_-12,"['SNR: -12']"
5688-15787-0002_-1,"['SNR: -1']"
4014-186176-0003_10,"['SNR: 10']"
125-121124-0066_-3,"['SNR: -3']"
8095-274346-0037_-7,"['SNR: -7']"
8226-274369-0063_-2,"['SNR: -2']"
3982-182255-0011_-15,"['SNR: -15']"
4640-19189-0020_-12,"['SNR: -12']"
60-121082-0026_2,"['SNR: 2']"
150-132655-0017_1,"['SNR: 1']"
481-123719-0005_-7,"['SNR: -7']"
6272-70168-0027_-3,"['SNR: -3']"
6367-74004-0013_-11,"['SNR: -11']"
1502-122615-0025_-1,"['SNR: -1']"
7780-274562-0101_-3,"['SNR: -3']"
1363-135842-0003_-6,"['SNR: -6']"
5750-100289-0043_8,"['SNR: 8']"
7447-91186-0036_7,"['SNR: 7']"
2384-152900-0067_-15,"['SNR: -15']"
328-129766-0029_-9,"['SNR: -9']"
311-124404-0102_-13,"['SNR: -13']"
3857-182317-0025_3,"['SNR: 3']"
5652-39938-0021_-8,"['SNR: -8']"
625-132112-0019_-1,"['SNR: -1']"
5750-100289-0051_3,"['SNR: 3']"
2514-149482-0048_-1,"['SNR: -1']"
5322-7678-0032_9,"['SNR: 9']"
5463-39173-0029_-10,"['SNR: -10']"
8580-287364-0036_-9,"['SNR: -9']"
3168-173565-0033_-13,"['SNR: -13']"
7780-274562-0027_1,"['SNR: 1']"
2436-2476-0033_9,"['SNR: 9']"
125-121124-0042_-8,"['SNR: -8']"
696-92939-0030_-14,"['SNR: -14']"
1447-130552-0025_7,"['SNR: 7']"
2416-152137-0009_-15,"['SNR: -15']"
1263-141777-0020_0,"['SNR: 0']"
5678-43303-0028_0,"['SNR: 0']"
6081-42010-0017_-10,"['SNR: -10']"
6454-120342-0011_1,"['SNR: 1']"
5703-47198-0013_-13,"['SNR: -13']"
3374-298032-0008_-14,"['SNR: -14']"
4267-287369-0000_-5,"['SNR: -5']"
4014-186176-0006_8,"['SNR: 8']"
233-155990-0042_-7,"['SNR: -7']"
2384-152900-0076_-6,"['SNR: -6']"
1069-133699-0054_2,"['SNR: 2']"
1594-135914-0001_1,"['SNR: 1']"
1447-130550-0023_-8,"['SNR: -8']"
1447-17506-0029_4,"['SNR: 4']"
4267-72637-0010_-1,"['SNR: -1']"
2989-138028-0037_8,"['SNR: 8']"
5750-100289-0030_-5,"['SNR: -5']"
7511-102420-0038_-12,"['SNR: -12']"
4397-15668-0016_-3,"['SNR: -3']"
5393-19219-0019_-12,"['SNR: -12']"
1594-135914-0017_-5,"['SNR: -5']"
1334-135589-0059_8,"['SNR: 8']"
3440-171006-0019_-2,"['SNR: -2']"
78-369-0022_-10,"['SNR: -10']"
7794-295947-0002_-4,"['SNR: -4']"
1723-141149-0012_-1,"['SNR: -1']"
6367-65536-0003_0,"['SNR: 0']"
7190-90542-0079_-9,"['SNR: -9']"
4014-186175-0004_-3,"['SNR: -3']"
8088-284756-0025_-2,"['SNR: -2']"
8123-275216-0033_-8,"['SNR: -8']"
7113-86041-0012_-9,"['SNR: -9']"
250-142276-0050_-3,"['SNR: -3']"
60-121082-0003_-15,"['SNR: -15']"
5703-47212-0006_-2,"['SNR: -2']"
6209-34599-0006_-14,"['SNR: -14']"
196-122152-0032_-2,"['SNR: -2']"
8797-294123-0080_-10,"['SNR: -10']"
5514-19193-0015_-4,"['SNR: -4']"
4214-7146-0071_10,"['SNR: 10']"
8238-274553-0064_-13,"['SNR: -13']"
2007-132570-0005_-12,"['SNR: -12']"
1898-145702-0003_0,"['SNR: 0']"
7402-90848-0008_-14,"['SNR: -14']"
1963-142393-0043_-7,"['SNR: -7']"
458-126305-0032_-2,"['SNR: -2']"
1743-142912-0024_-9,"['SNR: -9']"
201-127786-0025_-8,"['SNR: -8']"
60-121082-0082_3,"['SNR: 3']"
5322-7679-0032_-2,"['SNR: -2']"
4859-29340-0012_-6,"['SNR: -6']"
226-131533-0030_-8,"['SNR: -8']"
6181-216552-0049_7,"['SNR: 7']"
1578-140045-0025_-1,"['SNR: -1']"
8630-305213-0024_-3,"['SNR: -3']"
2196-170151-0013_-4,"['SNR: -4']"
1624-168623-0046_1,"['SNR: 1']"
7800-283493-0007_-11,"['SNR: -11']"
8088-284756-0015_-7,"['SNR: -7']"
5322-7679-0019_-13,"['SNR: -13']"
7505-258958-0000_3,"['SNR: 3']"
3699-47246-0027_-15,"['SNR: -15']"
7859-102519-0056_-11,"['SNR: -11']"
3486-166446-0039_-4,"['SNR: -4']"
6848-252322-0020_7,"['SNR: 7']"
8425-246962-0000_-5,"['SNR: -5']"
311-124404-0048_7,"['SNR: 7']"
4160-14187-0003_-13,"['SNR: -13']"
1926-143879-0040_5,"['SNR: 5']"
4340-15220-0080_1,"['SNR: 1']"
2911-15045-0025_-11,"['SNR: -11']"
2952-407-0016_5,"['SNR: 5']"
6272-70171-0002_-13,"['SNR: -13']"
4195-186236-0021_-2,"['SNR: -2']"
5163-39921-0047_-14,"['SNR: -14']"
7059-77900-0023_0,"['SNR: 0']"
4640-19187-0007_-4,"['SNR: -4']"
8975-270782-0092_-15,"['SNR: -15']"
328-129766-0015_-4,"['SNR: -4']"
3242-8112-0043_5,"['SNR: 5']"
1098-133695-0089_-7,"['SNR: -7']"
254-12312-0011_10,"['SNR: 10']"
4014-186176-0011_-7,"['SNR: -7']"
3242-8112-0038_2,"['SNR: 2']"
8609-283227-0065_7,"['SNR: 7']"
6181-216552-0091_10,"['SNR: 10']"
39-121915-0008_-6,"['SNR: -6']"
446-123501-0019_-9,"['SNR: -9']"
5652-19215-0054_-8,"['SNR: -8']"
2092-145706-0079_-7,"['SNR: -7']"
7148-59157-0019_5,"['SNR: 5']"
4018-107312-0011_-12,"['SNR: -12']"
2911-15084-0006_5,"['SNR: 5']"
1867-154075-0023_10,"['SNR: 10']"
669-129074-0027_-13,"['SNR: -13']"
196-122150-0000_-8,"['SNR: -8']"
3983-5331-0029_-12,"['SNR: -12']"
1737-142397-0021_-5,"['SNR: -5']"
5703-47198-0027_7,"['SNR: 7']"
8098-278278-0028_2,"['SNR: 2']"
2911-7601-0036_-12,"['SNR: -12']"
3830-12535-0029_-1,"['SNR: -1']"
8747-293952-0060_5,"['SNR: 5']"
4214-7146-0043_4,"['SNR: 4']"
4214-7146-0003_-12,"['SNR: -12']"
1553-140048-0045_-4,"['SNR: -4']"
911-128684-0026_-7,"['SNR: -7']"
2159-179156-0011_-5,"['SNR: -5']"
625-132118-0020_-7,"['SNR: -7']"
7059-77900-0039_-11,"['SNR: -11']"
6531-61334-0020_-2,"['SNR: -2']"
8465-246943-0002_-5,"['SNR: -5']"
200-124140-0013_7,"['SNR: 7']"
8088-284756-0088_-14,"['SNR: -14']"
7078-271888-0062_7,"['SNR: 7']"
3240-131232-0000_3,"['SNR: 3']"
298-126790-0020_-5,"['SNR: -5']"
1263-138246-0012_4,"['SNR: 4']"
1553-140047-0045_-4,"['SNR: -4']"
1363-139304-0009_10,"['SNR: 10']"
4088-158077-0082_8,"['SNR: 8']"
6531-61334-0000_-12,"['SNR: -12']"
6836-76549-0000_-10,"['SNR: -10']"
3242-67153-0012_-3,"['SNR: -3']"
7226-86965-0045_3,"['SNR: 3']"
374-180298-0019_-10,"['SNR: -10']"
19-227-0066_6,"['SNR: 6']"
83-9960-0030_10,"['SNR: 10']"
3947-13260-0016_-5,"['SNR: -5']"
3440-171009-0079_1,"['SNR: 1']"
6064-300880-0024_6,"['SNR: 6']"
2092-145706-0077_-6,"['SNR: -6']"
19-198-0036_9,"['SNR: 9']"
7078-271888-0004_-6,"['SNR: -6']"
8465-246947-0000_6,"['SNR: 6']"
1455-138263-0053_-9,"['SNR: -9']"
669-129061-0044_3,"['SNR: 3']"
3486-166446-0001_-15,"['SNR: -15']"
3526-176651-0004_-2,"['SNR: -2']"
6848-76049-0012_3,"['SNR: 3']"
7264-92316-0015_8,"['SNR: 8']"
1502-122619-0081_-15,"['SNR: -15']"
5339-14133-0042_-8,"['SNR: -8']"
8975-270782-0021_-12,"['SNR: -12']"
7517-100429-0029_6,"['SNR: 6']"
8324-286683-0022_-14,"['SNR: -14']"
2002-139469-0093_-10,"['SNR: -10']"
5104-33407-0027_0,"['SNR: 0']"
248-130652-0020_-6,"['SNR: -6']"
3723-171115-0025_6,"['SNR: 6']"
696-92939-0026_-3,"['SNR: -3']"
3436-172171-0036_10,"['SNR: 10']"
3526-176653-0000_-9,"['SNR: -9']"
460-172359-0080_1,"['SNR: 1']"
2289-152253-0019_10,"['SNR: 10']"
4340-15220-0007_-5,"['SNR: -5']"
7800-283492-0013_9,"['SNR: 9']"
250-142276-0025_-13,"['SNR: -13']"
1867-154075-0029_-5,"['SNR: -5']"
5456-62043-0018_2,"['SNR: 2']"
2836-5355-0001_0,"['SNR: 0']"
3240-131231-0081_-1,"['SNR: -1']"
6818-76332-0003_8,"['SNR: 8']"
7178-34644-0016_-1,"['SNR: -1']"
1088-129236-0002_5,"['SNR: 5']"
201-127786-0026_-3,"['SNR: -3']"
5514-19193-0020_5,"['SNR: 5']"
8088-284756-0016_-2,"['SNR: -2']"
2836-5355-0000_2,"['SNR: 2']"
8797-294123-0058_-4,"['SNR: -4']"
3947-13262-0048_7,"['SNR: 7']"
3857-180923-0017_-7,"['SNR: -7']"
1246-124550-0030_3,"['SNR: 3']"
4137-11702-0018_3,"['SNR: 3']"
5390-30102-0011_8,"['SNR: 8']"
248-130652-0012_-13,"['SNR: -13']"
250-142276-0007_3,"['SNR: 3']"
1963-142393-0000_4,"['SNR: 4']"
1867-154075-0021_9,"['SNR: 9']"
7511-102419-0012_4,"['SNR: 4']"
3807-4955-0029_-9,"['SNR: -9']"
8095-274346-0000_-12,"['SNR: -12']"
1963-142393-0020_9,"['SNR: 9']"
89-218-0050_9,"['SNR: 9']"
6209-34600-0032_-2,"['SNR: -2']"
7148-82991-0019_-3,"['SNR: -3']"
6563-63821-0010_2,"['SNR: 2']"
7447-91187-0062_4,"['SNR: 4']"
2911-12359-0014_-11,"['SNR: -11']"
4441-76263-0036_-8,"['SNR: -8']"
5104-33406-0056_-6,"['SNR: -6']"
3242-8112-0005_-13,"['SNR: -13']"
5192-19397-0034_7,"['SNR: 7']"
163-122947-0087_4,"['SNR: 4']"
39-121916-0022_1,"['SNR: 1']"
2910-131096-0033_0,"['SNR: 0']"
441-130108-0022_-3,"['SNR: -3']"
211-122425-0032_-6,"['SNR: -6']"
6019-3185-0097_-3,"['SNR: -3']"
8051-119902-0011_-9,"['SNR: -9']"
2893-139322-0049_-4,"['SNR: -4']"
4853-29413-0025_-7,"['SNR: -7']"
8838-298545-0039_-15,"['SNR: -15']"
4014-186183-0019_1,"['SNR: 1']"
4640-19187-0002_-7,"['SNR: -7']"
8088-284756-0106_-5,"['SNR: -5']"
5456-62043-0012_-6,"['SNR: -6']"
1624-142933-0019_-5,"['SNR: -5']"
7302-86815-0036_5,"['SNR: 5']"
730-358-0019_-4,"['SNR: -4']"
3947-13260-0027_-7,"['SNR: -7']"
4406-16883-0040_3,"['SNR: 3']"
3723-171631-0036_0,"['SNR: 0']"
8838-298545-0011_-13,"['SNR: -13']"
5322-7679-0018_0,"['SNR: 0']"
6019-3185-0009_-10,"['SNR: -10']"
5514-19192-0050_10,"['SNR: 10']"
7078-271888-0007_-9,"['SNR: -9']"
8063-274112-0021_3,"['SNR: 3']"
322-124147-0073_10,"['SNR: 10']"
6209-34600-0005_8,"['SNR: 8']"
5192-19397-0008_-1,"['SNR: -1']"
226-131532-0026_-15,"['SNR: -15']"
4640-19188-0018_-4,"['SNR: -4']"
8419-293469-0011_-7,"['SNR: -7']"
8797-294123-0069_-12,"['SNR: -12']"
1363-135842-0013_5,"['SNR: 5']"
1841-179183-0035_-10,"['SNR: -10']"
201-122255-0044_7,"['SNR: 7']"
2384-152900-0056_-1,"['SNR: -1']"
7402-90848-0036_-12,"['SNR: -12']"
7059-77900-0003_-1,"['SNR: -1']"
3607-29116-0016_-11,"['SNR: -11']"
302-123516-0001_-6,"['SNR: -6']"
196-122150-0013_-14,"['SNR: -14']"
5778-12761-0015_-4,"['SNR: -4']"
198-126831-0049_9,"['SNR: 9']"
5514-19192-0040_0,"['SNR: 0']"
8324-286681-0023_9,"['SNR: 9']"
7859-102519-0034_-2,"['SNR: -2']"
6272-70168-0009_-2,"['SNR: -2']"
6476-57446-0069_2,"['SNR: 2']"
125-121342-0029_-12,"['SNR: -12']"
3168-173564-0038_-3,"['SNR: -3']"
3168-173565-0038_-5,"['SNR: -5']"
6531-61334-0040_-13,"['SNR: -13']"
2518-154826-0032_-8,"['SNR: -8']"
4406-16882-0035_-15,"['SNR: -15']"
3607-135982-0044_4,"['SNR: 4']"
4362-15663-0008_6,"['SNR: 6']"
3664-178366-0027_-13,"['SNR: -13']"
6925-80680-0051_1,"['SNR: 1']"
211-122442-0035_-14,"['SNR: -14']"
4362-15663-0026_-6,"['SNR: -6']"
1455-134435-0041_9,"['SNR: 9']"
250-142276-0020_-1,"['SNR: -1']"
7859-102519-0012_-11,"['SNR: -11']"
6836-76549-0031_1,"['SNR: 1']"
374-180299-0014_-5,"['SNR: -5']"
4859-29340-0000_2,"['SNR: 2']"
2182-150130-0034_-9,"['SNR: -9']"
1040-133433-0025_-8,"['SNR: -8']"
4297-13009-0054_-7,"['SNR: -7']"
2182-181173-0033_-2,"['SNR: -2']"
7264-92314-0012_8,"['SNR: 8']"
1098-133695-0078_5,"['SNR: 5']"
3240-131231-0024_2,"['SNR: 2']"
7148-7763-0017_-5,"['SNR: -5']"
7113-86041-0076_-13,"['SNR: -13']"
8324-286681-0024_-3,"['SNR: -3']"
1235-135887-0000_-7,"['SNR: -7']"
1355-39947-0015_-11,"['SNR: -11']"
4160-14187-0023_0,"['SNR: 0']"
669-129074-0009_2,"['SNR: 2']"
909-131044-0003_4,"['SNR: 4']"
2196-170379-0017_0,"['SNR: 0']"
460-172357-0017_-10,"['SNR: -10']"
6818-76332-0015_1,"['SNR: 1']"
8108-280359-0012_-13,"['SNR: -13']"
7780-274562-0008_-6,"['SNR: -6']"
1235-135883-0043_5,"['SNR: 5']"
8468-294887-0023_-8,"['SNR: -8']"
6078-54007-0046_-10,"['SNR: -10']"
5867-48852-0022_0,"['SNR: 0']"
7148-59157-0025_2,"['SNR: 2']"
4397-15678-0031_-3,"['SNR: -3']"
8063-274116-0019_8,"['SNR: 8']"
201-127786-0003_-7,"['SNR: -7']"
5703-47198-0033_8,"['SNR: 8']"
4340-15220-0018_-7,"['SNR: -7']"
6563-285357-0008_6,"['SNR: 6']"
5163-18515-0015_7,"['SNR: 7']"
3699-19402-0013_-9,"['SNR: -9']"
1034-121119-0050_6,"['SNR: 6']"
1363-135842-0004_-12,"['SNR: -12']"
6836-61804-0020_4,"['SNR: 4']"
1455-134435-0015_-3,"['SNR: -3']"
460-172359-0087_-6,"['SNR: -6']"
8465-246942-0026_-8,"['SNR: -8']"
8238-274553-0044_8,"['SNR: 8']"
6385-34655-0017_-9,"['SNR: -9']"
1246-135815-0002_-8,"['SNR: -8']"
118-47824-0054_-15,"['SNR: -15']"
2952-407-0008_6,"['SNR: 6']"
3235-28452-0011_2,"['SNR: 2']"
3807-4923-0040_-1,"['SNR: -1']"
1447-130551-0024_-12,"['SNR: -12']"
1034-121119-0026_9,"['SNR: 9']"
8630-305213-0018_-10,"['SNR: -10']"
8324-286683-0007_6,"['SNR: 6']"
32-21631-0002_2,"['SNR: 2']"
1624-142933-0037_-3,"['SNR: -3']"
4406-16883-0015_-8,"['SNR: -8']"
5561-41615-0006_0,"['SNR: 0']"
7148-82991-0028_10,"['SNR: 10']"
5322-7680-0014_2,"['SNR: 2']"
1069-133699-0051_3,"['SNR: 3']"
150-126107-0013_7,"['SNR: 7']"
201-122255-0001_5,"['SNR: 5']"
3259-158083-0048_-9,"['SNR: -9']"
1926-147979-0030_1,"['SNR: 1']"
2384-152900-0083_-15,"['SNR: -15']"
6818-68772-0028_-11,"['SNR: -11']"
7447-91187-0058_8,"['SNR: 8']"
4267-78186-0036_4,"['SNR: 4']"
8108-274318-0002_0,"['SNR: 0']"
4051-11218-0047_0,"['SNR: 0']"
200-126784-0020_-4,"['SNR: -4']"
2843-152918-0042_-4,"['SNR: -4']"
211-122425-0021_-7,"['SNR: -7']"
403-128339-0033_2,"['SNR: 2']"
6019-3185-0096_7,"['SNR: 7']"
32-4137-0053_2,"['SNR: 2']"
1841-159771-0001_-14,"['SNR: -14']"
201-127786-0063_-15,"['SNR: -15']"
8770-295462-0018_-2,"['SNR: -2']"
4481-17499-0003_-5,"['SNR: -5']"
1926-147979-0006_6,"['SNR: 6']"
1743-142913-0013_-9,"['SNR: -9']"
2989-138028-0007_-14,"['SNR: -14']"
481-123719-0002_0,"['SNR: 0']"
4397-15668-0013_0,"['SNR: 0']"
8580-287363-0027_7,"['SNR: 7']"
8465-246942-0024_-3,"['SNR: -3']"
103-1240-0034_-13,"['SNR: -13']"
3879-174923-0000_8,"['SNR: 8']"
7505-258958-0013_-7,"['SNR: -7']"
3486-166424-0066_-13,"['SNR: -13']"
5514-19192-0025_-11,"['SNR: -11']"
4051-11217-0035_-6,"['SNR: -6']"
7067-76048-0027_4,"['SNR: 4']"
233-155990-0023_4,"['SNR: 4']"
27-124992-0078_-8,"['SNR: -8']"
307-127539-0029_5,"['SNR: 5']"
2196-174172-0030_1,"['SNR: 1']"
1737-142397-0025_-6,"['SNR: -6']"
2416-152137-0018_7,"['SNR: 7']"
7059-88364-0031_1,"['SNR: 1']"
8226-274369-0029_-8,"['SNR: -8']"
6476-57446-0006_-8,"['SNR: -8']"
4051-11217-0031_6,"['SNR: 6']"
625-132118-0043_-1,"['SNR: -1']"
6078-54007-0019_10,"['SNR: 10']"
7078-271888-0066_-11,"['SNR: -11']"
5778-54535-0040_-10,"['SNR: -10']"
7178-34644-0053_8,"['SNR: 8']"
2911-15045-0027_-13,"['SNR: -13']"
3440-171006-0009_10,"['SNR: 10']"
1594-135914-0117_10,"['SNR: 10']"
7148-59157-0035_-5,"['SNR: -5']"
8095-274346-0043_4,"['SNR: 4']"
87-121553-0096_6,"['SNR: 6']"
3436-172171-0064_-8,"['SNR: -8']"
4830-25904-0026_4,"['SNR: 4']"
200-124140-0029_-6,"['SNR: -6']"
7800-283493-0034_-6,"['SNR: -6']"
2416-152137-0026_9,"['SNR: 9']"
2843-152918-0082_-4,"['SNR: -4']"
32-4137-0030_-5,"['SNR: -5']"
2911-12359-0023_-14,"['SNR: -14']"
1963-142776-0006_-10,"['SNR: -10']"
7302-86815-0068_4,"['SNR: 4']"
403-128339-0024_-10,"['SNR: -10']"
103-1241-0018_4,"['SNR: 4']"
5393-19218-0006_-8,"['SNR: -8']"
1723-141149-0019_-3,"['SNR: -3']"
7402-59171-0000_5,"['SNR: 5']"
2514-149482-0028_-4,"['SNR: -4']"
4830-25898-0018_-11,"['SNR: -11']"
298-126790-0000_10,"['SNR: 10']"
1970-10594-0033_7,"['SNR: 7']"
403-128339-0005_-7,"['SNR: -7']"
8098-278278-0016_6,"['SNR: 6']"
5022-29405-0029_10,"['SNR: 10']"
7312-92432-0021_-4,"['SNR: -4']"
1235-135883-0017_-11,"['SNR: -11']"
2910-131096-0062_-7,"['SNR: -7']"
4160-11549-0035_-2,"['SNR: -2']"
5789-57158-0028_-11,"['SNR: -11']"
4813-248641-0045_-11,"['SNR: -11']"
163-122947-0038_8,"['SNR: 8']"
2514-149482-0027_9,"['SNR: 9']"
8324-286682-0030_-6,"['SNR: -6']"
60-121082-0064_10,"['SNR: 10']"
3983-5371-0006_-8,"['SNR: -8']"
19-227-0022_5,"['SNR: 5']"
233-134440-0031_5,"['SNR: 5']"
19-227-0061_-12,"['SNR: -12']"
4137-11702-0049_-1,"['SNR: -1']"
3486-166424-0075_-9,"['SNR: -9']"
40-121026-0014_-2,"['SNR: -2']"
6531-61334-0088_-7,"['SNR: -7']"
6367-65536-0013_4,"['SNR: 4']"
7059-88364-0033_7,"['SNR: 7']"
2989-138028-0029_-4,"['SNR: -4']"
2952-408-0018_-3,"['SNR: -3']"
2182-181173-0031_0,"['SNR: 0']"
1553-140048-0030_-10,"['SNR: -10']"
8629-261140-0033_-4,"['SNR: -4']"
7635-105661-0023_10,"['SNR: 10']"
4397-15678-0007_-1,"['SNR: -1']"
7148-82991-0018_2,"['SNR: 2']"
3440-171009-0002_-12,"['SNR: -12']"
6000-55211-0011_7,"['SNR: 7']"
911-128684-0038_-9,"['SNR: -9']"
298-126791-0033_-2,"['SNR: -2']"
307-127535-0003_0,"['SNR: 0']"
7780-274562-0083_-8,"['SNR: -8']"
7190-90543-0042_-10,"['SNR: -10']"
1183-133256-0022_-11,"['SNR: -11']"
211-122425-0013_-4,"['SNR: -4']"
7794-295955-0030_-1,"['SNR: -1']"
3259-158083-0036_4,"['SNR: 4']"
7447-91186-0010_-7,"['SNR: -7']"
8324-286681-0001_3,"['SNR: 3']"
6272-70191-0036_-13,"['SNR: -13']"
1069-133709-0010_-15,"['SNR: -15']"
5022-29405-0005_8,"['SNR: 8']"
4297-13006-0002_-11,"['SNR: -11']"
1081-125237-0037_2,"['SNR: 2']"
426-122821-0011_0,"['SNR: 0']"
1098-133695-0031_-6,"['SNR: -6']"
5104-33406-0033_-8,"['SNR: -8']"
2514-149482-0002_10,"['SNR: 10']"
2910-131096-0056_-5,"['SNR: -5']"
322-124146-0015_-9,"['SNR: -9']"
4853-29413-0029_1,"['SNR: 1']"
7859-102518-0029_-1,"['SNR: -1']"
6415-100596-0017_8,"['SNR: 8']"
2136-5147-0040_5,"['SNR: 5']"
2159-179156-0014_5,"['SNR: 5']"
1447-17506-0022_-14,"['SNR: -14']"
1867-148436-0011_-9,"['SNR: -9']"
8226-274369-0025_-1,"['SNR: -1']"
150-132655-0004_7,"['SNR: 7']"
5390-24512-0049_-2,"['SNR: -2']"
2911-15045-0001_-3,"['SNR: -3']"
7278-104730-0021_-5,"['SNR: -5']"
201-127786-0039_10,"['SNR: 10']"
4859-29340-0009_-4,"['SNR: -4']"
911-128684-0091_-12,"['SNR: -12']"
4406-16883-0018_5,"['SNR: 5']"
1963-142776-0024_6,"['SNR: 6']"
3240-131231-0075_7,"['SNR: 7']"
625-132112-0005_2,"['SNR: 2']"
7264-92310-0019_-15,"['SNR: -15']"
211-122425-0050_-12,"['SNR: -12']"
5049-25947-0098_-14,"['SNR: -14']"
3947-13260-0010_-8,"['SNR: -8']"
1970-10594-0012_5,"['SNR: 5']"
1926-147987-0025_-5,"['SNR: -5']"
40-222-0018_-10,"['SNR: -10']"
311-124404-0053_-3,"['SNR: -3']"
5456-62043-0024_-11,"['SNR: -11']"
6019-3185-0101_10,"['SNR: 10']"
78-369-0061_-5,"['SNR: -5']"
7635-105661-0013_4,"['SNR: 4']"
3607-135982-0049_1,"['SNR: 1']"
163-122947-0002_8,"['SNR: 8']"
3830-12535-0021_-14,"['SNR: -14']"
8630-305213-0046_-15,"['SNR: -15']"
32-4137-0021_-5,"['SNR: -5']"
831-130746-0030_10,"['SNR: 10']"
7067-76048-0059_-4,"['SNR: -4']"
87-121553-0016_-4,"['SNR: -4']"
2002-139469-0044_9,"['SNR: 9']"
5456-62043-0003_-13,"['SNR: -13']"
374-180298-0015_-15,"['SNR: -15']"
4195-17507-0008_-7,"['SNR: -7']"
7794-295955-0012_10,"['SNR: 10']"
3112-9555-0087_-7,"['SNR: -7']"
8238-283452-0033_-5,"['SNR: -5']"
4340-15220-0026_-13,"['SNR: -13']"
5750-35690-0026_5,"['SNR: 5']"
6000-55211-0051_-2,"['SNR: -2']"
2007-132570-0017_-4,"['SNR: -4']"
39-121916-0030_-12,"['SNR: -12']"
403-126855-0021_-5,"['SNR: -5']"
6019-3185-0095_-15,"['SNR: -15']"
625-132112-0037_3,"['SNR: 3']"
39-121915-0022_10,"['SNR: 10']"
8098-278252-0007_7,"['SNR: 7']"
8747-293952-0045_-4,"['SNR: -4']"
7780-274562-0006_2,"['SNR: 2']"
5393-19218-0060_3,"['SNR: 3']"
887-123291-0018_-12,"['SNR: -12']"
201-127786-0077_5,"['SNR: 5']"
6529-62554-0034_-13,"['SNR: -13']"
481-123720-0055_-13,"['SNR: -13']"
4160-11549-0010_-5,"['SNR: -5']"
1553-140047-0002_3,"['SNR: 3']"
8088-284756-0031_-12,"['SNR: -12']"
3857-182315-0011_0,"['SNR: 0']"
4441-76262-0007_-3,"['SNR: -3']"
3242-67153-0030_10,"['SNR: 10']"
311-124404-0119_7,"['SNR: 7']"
3214-167602-0036_1,"['SNR: 1']"
7067-76047-0035_5,"['SNR: 5']"
211-122425-0055_-1,"['SNR: -1']"
1841-150351-0024_-12,"['SNR: -12']"
8095-274345-0011_7,"['SNR: 7']"
374-180299-0005_-3,"['SNR: -3']"
4297-13009-0055_9,"['SNR: 9']"
1088-129236-0017_-3,"['SNR: -3']"
6454-107462-0019_-9,"['SNR: -9']"
8051-295385-0029_6,"['SNR: 6']"
2002-139469-0021_-8,"['SNR: -8']"
7635-105409-0052_-15,"['SNR: -15']"
887-123289-0000_-6,"['SNR: -6']"
441-128988-0004_-12,"['SNR: -12']"
5789-57195-0021_-13,"['SNR: -13']"
4859-22176-0005_-13,"['SNR: -13']"
2836-5355-0047_0,"['SNR: 0']"
831-130739-0011_-3,"['SNR: -3']"
3807-4923-0034_5,"['SNR: 5']"
4195-186236-0002_-6,"['SNR: -6']"
302-123504-0002_1,"['SNR: 1']"
248-130652-0036_9,"['SNR: 9']"
4137-11702-0048_6,"['SNR: 6']"
1963-142776-0022_8,"['SNR: 8']"
7302-86815-0009_3,"['SNR: 3']"
5750-100289-0058_10,"['SNR: 10']"
8629-261139-0005_3,"['SNR: 3']"
26-495-0018_7,"['SNR: 7']"
32-4137-0057_-4,"['SNR: -4']"
4160-11549-0000_-4,"['SNR: -4']"
1898-145724-0000_-11,"['SNR: -11']"
26-496-0022_10,"['SNR: 10']"
3857-182317-0011_-7,"['SNR: -7']"
6836-76549-0021_9,"['SNR: 9']"
4859-29340-0020_7,"['SNR: 7']"
4830-25898-0054_7,"['SNR: 7']"
5049-25947-0030_9,"['SNR: 9']"
1263-139804-0001_6,"['SNR: 6']"
5393-19219-0032_3,"['SNR: 3']"
250-142276-0023_-6,"['SNR: -6']"
5104-33406-0046_0,"['SNR: 0']"
446-123502-0037_-11,"['SNR: -11']"
1992-141719-0006_4,"['SNR: 4']"
332-128985-0026_7,"['SNR: 7']"
7800-283478-0026_9,"['SNR: 9']"
412-126975-0092_8,"['SNR: 8']"
1578-6379-0007_-12,"['SNR: -12']"
887-123289-0023_-6,"['SNR: -6']"
2764-36617-0031_9,"['SNR: 9']"
6019-3185-0075_0,"['SNR: 0']"
7059-77900-0028_-14,"['SNR: -14']"
446-123501-0051_-11,"['SNR: -11']"
5393-19218-0028_8,"['SNR: 8']"
8465-246942-0019_-10,"['SNR: -10']"
481-123720-0003_-12,"['SNR: -12']"
2989-138028-0044_-5,"['SNR: -5']"
150-126112-0026_9,"['SNR: 9']"
3664-178355-0029_-6,"['SNR: -6']"
4859-22176-0023_-3,"['SNR: -3']"
7859-102519-0001_-14,"['SNR: -14']"
5778-12761-0028_-12,"['SNR: -12']"
7059-77897-0008_-12,"['SNR: -12']"
6385-34655-0031_-14,"['SNR: -14']"
669-129074-0019_-11,"['SNR: -11']"
7511-102420-0037_-5,"['SNR: -5']"
1447-130550-0017_0,"['SNR: 0']"
1116-132847-0002_-15,"['SNR: -15']"
8580-287364-0005_7,"['SNR: 7']"
1867-154075-0033_-4,"['SNR: -4']"
3486-166424-0055_8,"['SNR: 8']"
6415-100596-0027_6,"['SNR: 6']"
83-9960-0020_-14,"['SNR: -14']"
911-130578-0006_8,"['SNR: 8']"
911-128684-0008_-12,"['SNR: -12']"
7447-91187-0010_2,"['SNR: 2']"
4051-11217-0023_0,"['SNR: 0']"
1594-135914-0074_2,"['SNR: 2']"
5561-39621-0030_7,"['SNR: 7']"
7059-77900-0030_-14,"['SNR: -14']"
254-27760-0017_-7,"['SNR: -7']"
307-127539-0013_2,"['SNR: 2']"
2159-179156-0028_8,"['SNR: 8']"
4018-107312-0003_7,"['SNR: 7']"
5750-100289-0031_-10,"['SNR: -10']"
2952-410-0041_1,"['SNR: 1']"
4297-13009-0027_2,"['SNR: 2']"
5322-7680-0026_-15,"['SNR: -15']"
322-124147-0000_2,"['SNR: 2']"
2136-5147-0000_-12,"['SNR: -12']"
1334-135589-0071_1,"['SNR: 1']"
32-4137-0055_0,"['SNR: 0']"
201-127786-0068_-7,"['SNR: -7']"
1992-141719-0022_9,"['SNR: 9']"
103-1241-0006_-12,"['SNR: -12']"
226-131533-0036_-15,"['SNR: -15']"
8419-286676-0032_-7,"['SNR: -7']"
5688-41232-0062_-14,"['SNR: -14']"
5561-41616-0019_-8,"['SNR: -8']"
6476-57446-0018_-9,"['SNR: -9']"
198-126831-0003_3,"['SNR: 3']"
307-127535-0002_3,"['SNR: 3']"
2007-149877-0035_-2,"['SNR: -2']"
4340-15220-0057_-1,"['SNR: -1']"
1867-154075-0030_-2,"['SNR: -2']"
2691-156755-0027_-1,"['SNR: -1']"
7367-86737-0082_-5,"['SNR: -5']"
374-180299-0042_9,"['SNR: 9']"
6181-216552-0063_0,"['SNR: 0']"
5652-39938-0057_3,"['SNR: 3']"
6181-216552-0039_-2,"['SNR: -2']"
5867-48852-0058_4,"['SNR: 4']"
5867-48852-0080_-8,"['SNR: -8']"
5688-15787-0017_10,"['SNR: 10']"
7367-86737-0022_-15,"['SNR: -15']"
458-126305-0038_-9,"['SNR: -9']"
7302-86815-0062_-8,"['SNR: -8']"
4406-16883-0057_2,"['SNR: 2']"
8630-305212-0003_-7,"['SNR: -7']"
8629-261139-0043_2,"['SNR: 2']"
3947-13262-0049_6,"['SNR: 6']"
5456-62043-0010_-3,"['SNR: -3']"
7367-86737-0064_-8,"['SNR: -8']"
2910-131096-0020_-10,"['SNR: -10']"
7067-76047-0048_-6,"['SNR: -6']"
2989-138028-0031_8,"['SNR: 8']"
8226-274371-0017_-6,"['SNR: -6']"
6064-56168-0017_-12,"['SNR: -12']"
5049-25947-0074_-8,"['SNR: -8']"
7635-105409-0060_0,"['SNR: 0']"
2384-152900-0085_9,"['SNR: 9']"
3857-182315-0045_-2,"['SNR: -2']"
233-155990-0039_6,"['SNR: 6']"
1723-141149-0098_-13,"['SNR: -13']"
7113-86041-0030_-10,"['SNR: -10']"
7312-92432-0001_-1,"['SNR: -1']"
7859-102519-0010_1,"['SNR: 1']"
1334-135589-0102_8,"['SNR: 8']"
32-21631-0017_-6,"['SNR: -6']"
6367-65536-0057_-12,"['SNR: -12']"
8465-246940-0026_8,"['SNR: 8']"
6476-57446-0040_2,"['SNR: 2']"
6925-80680-0007_-9,"['SNR: -9']"
40-222-0046_-4,"['SNR: -4']"
89-219-0025_8,"['SNR: 8']"
831-130739-0058_-1,"['SNR: -1']"
3699-19402-0000_2,"['SNR: 2']"
211-122425-0059_-2,"['SNR: -2']"
7635-105661-0004_-10,"['SNR: -10']"
2289-152258-0016_-13,"['SNR: -13']"
7067-76048-0031_0,"['SNR: 0']"
4397-15678-0008_2,"['SNR: 2']"
7302-86815-0013_-9,"['SNR: -9']"
7078-271888-0109_6,"['SNR: 6']"
7447-91186-0040_2,"['SNR: 2']"
5393-19218-0024_-6,"['SNR: -6']"
1594-135914-0044_0,"['SNR: 0']"
198-126831-0012_2,"['SNR: 2']"
1841-179183-0000_8,"['SNR: 8']"
4441-76262-0008_-8,"['SNR: -8']"
8063-274115-0017_5,"['SNR: 5']"
196-122159-0031_8,"['SNR: 8']"
405-130895-0012_6,"['SNR: 6']"
5789-57158-0007_-2,"['SNR: -2']"
3723-171631-0058_6,"['SNR: 6']"
7226-86964-0008_8,"['SNR: 8']"
4406-16883-0045_-7,"['SNR: -7']"
8468-295198-0001_6,"['SNR: 6']"
6385-34669-0002_3,"['SNR: 3']"
2136-5143-0008_1,"['SNR: 1']"
1363-139304-0002_-14,"['SNR: -14']"
6437-66172-0003_-2,"['SNR: -2']"
6531-61334-0103_-13,"['SNR: -13']"
911-128684-0025_-7,"['SNR: -7']"
1926-143879-0007_10,"['SNR: 10']"
7517-100429-0016_8,"['SNR: 8']"
8975-270782-0037_-10,"['SNR: -10']"
1116-132851-0022_6,"['SNR: 6']"
911-128684-0083_6,"['SNR: 6']"
229-130880-0026_0,"['SNR: 0']"
5652-19215-0001_9,"['SNR: 9']"
625-132118-0014_-5,"['SNR: -5']"
6000-86686-0021_-6,"['SNR: -6']"
2836-5355-0012_-9,"['SNR: -9']"
196-122152-0024_-14,"['SNR: -14']"
7190-90542-0003_8,"['SNR: 8']"
8609-262281-0012_-4,"['SNR: -4']"
2893-139322-0008_-14,"['SNR: -14']"
2989-138028-0025_3,"['SNR: 3']"
6078-54013-0032_4,"['SNR: 4']"
3440-171009-0082_-4,"['SNR: -4']"
3664-11714-0020_5,"['SNR: 5']"
3486-166446-0029_-2,"['SNR: -2']"
6385-34655-0035_-1,"['SNR: -1']"
5339-14133-0026_-2,"['SNR: -2']"
446-123502-0044_-9,"['SNR: -9']"
2910-131096-0051_-12,"['SNR: -12']"
3374-298032-0004_-13,"['SNR: -13']"
8465-246943-0020_-9,"['SNR: -9']"
2436-2481-0005_-15,"['SNR: -15']"
118-47824-0042_-9,"['SNR: -9']"
118-47824-0033_-14,"['SNR: -14']"
254-127705-0024_-11,"['SNR: -11']"
150-126107-0018_6,"['SNR: 6']"
332-128985-0047_6,"['SNR: 6']"
7278-91083-0038_6,"['SNR: 6']"
911-128684-0000_9,"['SNR: 9']"
1737-142397-0042_-1,"['SNR: -1']"
8770-295462-0002_8,"['SNR: 8']"
6181-216552-0056_9,"['SNR: 9']"
2764-36617-0038_4,"['SNR: 4']"
6385-34669-0030_-7,"['SNR: -7']"
696-93314-0065_7,"['SNR: 7']"
2289-152254-0024_-12,"['SNR: -12']"
7505-258964-0048_-13,"['SNR: -13']"
7178-34645-0025_-13,"['SNR: -13']"
6272-70171-0018_-2,"['SNR: -2']"
78-368-0022_-1,"['SNR: -1']"
5339-14133-0030_-13,"['SNR: -13']"
8580-287364-0041_10,"['SNR: 10']"
6818-76332-0006_-14,"['SNR: -14']"
3857-182315-0024_-14,"['SNR: -14']"
445-123860-0020_1,"['SNR: 1']"
5456-62043-0027_-2,"['SNR: -2']"
2691-156755-0006_-5,"['SNR: -5']"
27-124992-0059_-7,"['SNR: -7']"
1034-121119-0037_-9,"['SNR: -9']"
3830-12535-0002_-3,"['SNR: -3']"
7780-274562-0020_2,"['SNR: 2']"
2836-5354-0048_-13,"['SNR: -13']"
3879-174923-0036_-5,"['SNR: -5']"
909-131045-0028_7,"['SNR: 7']"
3982-178459-0034_-9,"['SNR: -9']"
831-130746-0001_8,"['SNR: 8']"
200-124139-0019_-11,"['SNR: -11']"
6476-57446-0036_6,"['SNR: 6']"
7278-246956-0013_-9,"['SNR: -9']"
412-126975-0078_-10,"['SNR: -10']"
1553-140048-0041_-3,"['SNR: -3']"
39-121914-0020_-8,"['SNR: -8']"
7447-91187-0057_2,"['SNR: 2']"
2196-170379-0024_-8,"['SNR: -8']"
5789-57195-0020_3,"['SNR: 3']"
302-123504-0010_-7,"['SNR: -7']"
233-155990-0025_6,"['SNR: 6']"
200-124140-0027_-9,"['SNR: -9']"
6454-107462-0008_-15,"['SNR: -15']"
4051-11218-0026_-11,"['SNR: -11']"
7067-76048-0022_6,"['SNR: 6']"
1553-140047-0010_-6,"['SNR: -6']"
1263-139804-0014_7,"['SNR: 7']"
1447-130551-0002_-6,"['SNR: -6']"
7113-86041-0102_-2,"['SNR: -2']"
226-122538-0032_-15,"['SNR: -15']"
4680-16041-0024_4,"['SNR: 4']"
5678-43303-0015_-2,"['SNR: -2']"
6818-68772-0025_9,"['SNR: 9']"
4014-186175-0033_10,"['SNR: 10']"
1116-137572-0054_-5,"['SNR: -5']"
8770-295462-0025_-1,"['SNR: -1']"
460-172359-0045_-7,"['SNR: -7']"
1992-141719-0040_7,"['SNR: 7']"
2911-12359-0010_-5,"['SNR: -5']"
3947-13262-0034_-2,"['SNR: -2']"
2893-139322-0029_8,"['SNR: 8']"
89-218-0029_-12,"['SNR: -12']"
5808-48608-0050_-5,"['SNR: -5']"
2436-2477-0036_-9,"['SNR: -9']"
6385-34669-0032_-2,"['SNR: -2']"
289-121652-0014_3,"['SNR: 3']"
4640-19189-0036_5,"['SNR: 5']"
7113-86041-0038_-7,"['SNR: -7']"
1867-148436-0035_9,"['SNR: 9']"
4195-17507-0024_-15,"['SNR: -15']"
7447-91186-0009_5,"['SNR: 5']"
8425-246962-0016_10,"['SNR: 10']"
4297-13009-0017_-6,"['SNR: -6']"
6836-76549-0011_6,"['SNR: 6']"
1355-39947-0093_7,"['SNR: 7']"
8088-284756-0032_-1,"['SNR: -1']"
8797-294123-0015_5,"['SNR: 5']"
198-209-0020_2,"['SNR: 2']"
887-123289-0001_-12,"['SNR: -12']"
7511-102419-0014_-14,"['SNR: -14']"
445-123857-0003_-14,"['SNR: -14']"
587-41619-0024_8,"['SNR: 8']"
87-121553-0052_10,"['SNR: 10']"
311-124404-0112_-15,"['SNR: -15']"
5678-43303-0010_-11,"['SNR: -11']"
839-130898-0014_-9,"['SNR: -9']"
7635-105409-0043_3,"['SNR: 3']"
4014-186175-0030_-5,"['SNR: -5']"
5703-47198-0018_-14,"['SNR: -14']"
839-130898-0070_-9,"['SNR: -9']"
118-47824-0043_10,"['SNR: 10']"
4813-248641-0049_-12,"['SNR: -12']"
1624-168623-0040_-3,"['SNR: -3']"
8425-287387-0031_3,"['SNR: 3']"
6454-107462-0025_-9,"['SNR: -9']"
6272-70168-0007_-5,"['SNR: -5']"
125-121342-0035_-15,"['SNR: -15']"
3240-131232-0032_-7,"['SNR: -7']"
445-123860-0008_-8,"['SNR: -8']"
1841-159771-0016_10,"['SNR: 10']"
887-123290-0016_-5,"['SNR: -5']"
78-368-0008_-9,"['SNR: -9']"
8580-287363-0002_6,"['SNR: 6']"
254-145458-0005_3,"['SNR: 3']"
7226-86965-0013_-15,"['SNR: -15']"
6437-66172-0020_8,"['SNR: 8']"
250-142286-0024_7,"['SNR: 7']"
6836-61803-0013_-10,"['SNR: -10']"
6064-56168-0033_4,"['SNR: 4']"
2764-36616-0007_-14,"['SNR: -14']"
27-124992-0027_-3,"['SNR: -3']"
7264-92316-0017_9,"['SNR: 9']"
8226-274369-0048_10,"['SNR: 10']"
4397-15678-0027_-7,"['SNR: -7']"
412-126975-0033_-2,"['SNR: -2']"
328-129766-0093_0,"['SNR: 0']"
89-218-0006_-13,"['SNR: -13']"
7780-274562-0041_8,"['SNR: 8']"
5104-33407-0000_1,"['SNR: 1']"
2952-410-0027_-7,"['SNR: -7']"
3983-5371-0004_-11,"['SNR: -11']"
1040-133433-0075_-5,"['SNR: -5']"
2182-181183-0035_-6,"['SNR: -6']"
4088-158077-0009_4,"['SNR: 4']"
1963-147036-0021_-14,"['SNR: -14']"
60-121082-0075_6,"['SNR: 6']"
8226-274371-0018_-1,"['SNR: -1']"
4481-17498-0041_-9,"['SNR: -9']"
696-92939-0037_6,"['SNR: 6']"
1578-140049-0033_-7,"['SNR: -7']"
3214-167602-0027_-10,"['SNR: -10']"
7447-91186-0014_2,"['SNR: 2']"
89-219-0042_-6,"['SNR: -6']"
4898-20016-0018_-13,"['SNR: -13']"
8468-295198-0026_5,"['SNR: 5']"
4813-248638-0031_7,"['SNR: 7']"
196-122152-0012_0,"['SNR: 0']"
7511-102419-0040_-7,"['SNR: -7']"
1867-154075-0035_2,"['SNR: 2']"
2182-181173-0022_8,"['SNR: 8']"
8425-287387-0001_-12,"['SNR: -12']"
1116-132851-0014_3,"['SNR: 3']"
2384-152900-0032_9,"['SNR: 9']"
4214-7146-0035_-4,"['SNR: -4']"
5049-25947-0008_-9,"['SNR: -9']"
2289-152258-0002_-5,"['SNR: -5']"
4137-11702-0058_7,"['SNR: 7']"
5688-41232-0005_-14,"['SNR: -14']"
7067-76047-0037_-12,"['SNR: -12']"
163-122947-0088_-4,"['SNR: -4']"
1898-145715-0023_10,"['SNR: 10']"
8747-293952-0025_4,"['SNR: 4']"
2514-149482-0056_8,"['SNR: 8']"
4297-13009-0060_5,"['SNR: 5']"
3440-171006-0015_6,"['SNR: 6']"
298-126791-0013_4,"['SNR: 4']"
7226-86964-0023_-1,"['SNR: -1']"
5750-35690-0007_5,"['SNR: 5']"
5192-19396-0000_3,"['SNR: 3']"
1069-133699-0047_-10,"['SNR: -10']"
3879-173592-0036_-4,"['SNR: -4']"
403-128339-0042_-14,"['SNR: -14']"
1841-159771-0040_-15,"['SNR: -15']"
3214-167602-0007_1,"['SNR: 1']"
669-129074-0003_-3,"['SNR: -3']"
2893-139322-0050_-1,"['SNR: -1']"
6880-216547-0033_6,"['SNR: 6']"
8419-286667-0013_6,"['SNR: 6']"
118-47824-0016_-12,"['SNR: -12']"
4014-186179-0000_-7,"['SNR: -7']"
6147-34607-0022_3,"['SNR: 3']"
8609-262281-0028_8,"['SNR: 8']"
5192-19397-0073_-15,"['SNR: -15']"
3436-172162-0032_-15,"['SNR: -15']"
481-123719-0016_3,"['SNR: 3']"
4640-19188-0035_-14,"['SNR: -14']"
2893-139310-0025_-8,"['SNR: -8']"
103-1241-0015_6,"['SNR: 6']"
4441-76262-0034_-1,"['SNR: -1']"
5049-25947-0071_4,"['SNR: 4']"
3607-29116-0001_-12,"['SNR: -12']"
2843-152918-0004_-5,"['SNR: -5']"
8747-293952-0049_-8,"['SNR: -8']"
909-131045-0010_8,"['SNR: 8']"
5390-24512-0047_9,"['SNR: 9']"
730-360-0000_8,"['SNR: 8']"
1926-147979-0020_10,"['SNR: 10']"
3857-182317-0032_-5,"['SNR: -5']"
6848-252322-0022_-15,"['SNR: -15']"
26-495-0024_4,"['SNR: 4']"
5456-58161-0013_4,"['SNR: 4']"
3830-12530-0005_9,"['SNR: 9']"
5789-57195-0031_-9,"['SNR: -9']"
6880-216547-0058_3,"['SNR: 3']"
2843-152918-0023_3,"['SNR: 3']"
7447-91186-0007_-3,"['SNR: -3']"
6385-220959-0033_1,"['SNR: 1']"
8051-118101-0018_9,"['SNR: 9']"
2289-152257-0018_4,"['SNR: 4']"
2384-152900-0082_1,"['SNR: 1']"
2843-152918-0073_3,"['SNR: 3']"
150-132655-0006_10,"['SNR: 10']"
8425-246962-0011_-1,"['SNR: -1']"
3235-28452-0000_3,"['SNR: 3']"
8797-294123-0091_9,"['SNR: 9']"
4441-76263-0030_-8,"['SNR: -8']"
332-128985-0022_-11,"['SNR: -11']"
1069-133699-0026_-13,"['SNR: -13']"
445-123857-0024_8,"['SNR: 8']"
5049-25947-0113_-7,"['SNR: -7']"
446-123501-0052_-4,"['SNR: -4']"
163-122947-0027_2,"['SNR: 2']"
7113-86041-0060_3,"['SNR: 3']"
198-126831-0007_-1,"['SNR: -1']"
40-121026-0010_-2,"['SNR: -2']"
7264-92314-0014_0,"['SNR: 0']"
196-122152-0020_-5,"['SNR: -5']"
8014-112586-0016_-15,"['SNR: -15']"
6476-57446-0033_0,"['SNR: 0']"
8098-275181-0025_-4,"['SNR: -4']"
40-222-0003_1,"['SNR: 1']"
7226-86965-0011_6,"['SNR: 6']"
6385-34655-0013_3,"['SNR: 3']"
6019-3185-0020_8,"['SNR: 8']"
1898-145720-0001_2,"['SNR: 2']"
887-123291-0007_-10,"['SNR: -10']"
4088-158079-0006_7,"['SNR: 7']"
6415-116629-0009_8,"['SNR: 8']"
8465-246947-0001_6,"['SNR: 6']"
211-122425-0062_-5,"['SNR: -5']"
233-134440-0001_-4,"['SNR: -4']"
5456-24741-0002_-1,"['SNR: -1']"
4214-7146-0054_-11,"['SNR: -11']"
3807-4923-0043_6,"['SNR: 6']"
8797-294123-0053_-9,"['SNR: -9']"
1743-142914-0010_7,"['SNR: 7']"
5463-39174-0044_-7,"['SNR: -7']"
1841-179183-0004_10,"['SNR: 10']"
8014-112602-0021_8,"['SNR: 8']"
8098-278252-0026_9,"['SNR: 9']"
211-122442-0075_-6,"['SNR: -6']"
3807-4955-0036_-5,"['SNR: -5']"
1116-137572-0041_8,"['SNR: 8']"
248-130697-0025_0,"['SNR: 0']"
7635-105661-0035_-4,"['SNR: -4']"
8095-274348-0003_-10,"['SNR: -10']"
1098-133695-0079_10,"['SNR: 10']"
6019-3185-0068_4,"['SNR: 4']"
322-124146-0008_1,"['SNR: 1']"
254-127705-0042_9,"['SNR: 9']"
201-122255-0002_1,"['SNR: 1']"
4406-16882-0057_-10,"['SNR: -10']"
3699-19402-0016_-8,"['SNR: -8']"
8580-287364-0025_-3,"['SNR: -3']"
4397-15666-0013_2,"['SNR: 2']"
6531-61334-0109_-6,"['SNR: -6']"
8797-294123-0092_-3,"['SNR: -3']"
4813-248641-0011_-11,"['SNR: -11']"
8609-283227-0012_-3,"['SNR: -3']"
625-132112-0052_-13,"['SNR: -13']"
248-130652-0031_-9,"['SNR: -9']"
7190-90542-0074_7,"['SNR: 7']"
3947-13262-0050_2,"['SNR: 2']"
5688-41232-0033_8,"['SNR: 8']"
5808-54425-0035_-8,"['SNR: -8']"
1355-39947-0003_-4,"['SNR: -4']"
1334-135589-0042_-13,"['SNR: -13']"
6081-41998-0007_-13,"['SNR: -13']"
6563-285357-0027_-1,"['SNR: -1']"
198-209-0008_10,"['SNR: 10']"
4018-103416-0032_-13,"['SNR: -13']"
5688-41232-0055_-10,"['SNR: -10']"
3486-166424-0033_-9,"['SNR: -9']"
481-123720-0005_0,"['SNR: 0']"
8088-284756-0018_0,"['SNR: 0']"
909-131044-0018_4,"['SNR: 4']"
5867-48852-0013_-13,"['SNR: -13']"
83-9960-0014_9,"['SNR: 9']"
6476-57446-0026_-11,"['SNR: -11']"
7780-274562-0058_5,"['SNR: 5']"
1867-154075-0018_-1,"['SNR: -1']"
6531-61334-0035_-11,"['SNR: -11']"
7635-105409-0046_6,"['SNR: 6']"
118-124588-0021_-3,"['SNR: -3']"
8747-293952-0026_1,"['SNR: 1']"
4481-17498-0033_-2,"['SNR: -2']"
8419-293473-0014_6,"['SNR: 6']"
5652-39938-0063_-1,"['SNR: -1']"
163-122947-0018_-4,"['SNR: -4']"
2416-152139-0037_2,"['SNR: 2']"
211-122425-0068_-6,"['SNR: -6']"
311-124404-0110_-7,"['SNR: -7']"
3947-13262-0009_7,"['SNR: 7']"
2952-408-0025_-6,"['SNR: -6']"
87-121553-0014_-4,"['SNR: -4']"
6563-285357-0022_2,"['SNR: 2']"
1841-159771-0013_-9,"['SNR: -9']"
2391-145015-0030_-10,"['SNR: -10']"
3664-11714-0009_-5,"['SNR: -5']"
103-1240-0056_-13,"['SNR: -13']"
2989-138028-0003_1,"['SNR: 1']"
8238-283452-0000_-6,"['SNR: -6']"
8419-293469-0008_7,"['SNR: 7']"
2159-179154-0036_2,"['SNR: 2']"
3112-9555-0092_10,"['SNR: 10']"
8629-261140-0027_2,"['SNR: 2']"
4088-158077-0040_-10,"['SNR: -10']"
3982-182255-0004_-11,"['SNR: -11']"
8630-305212-0001_9,"['SNR: 9']"
1088-134318-0006_-14,"['SNR: -14']"
2136-5143-0010_2,"['SNR: 2']"
3664-11714-0028_-10,"['SNR: -10']"
201-122255-0005_-12,"['SNR: -12']"
4137-11702-0043_5,"['SNR: 5']"
405-130895-0029_-9,"['SNR: -9']"
4014-186175-0031_-10,"['SNR: -10']"
481-123720-0020_-8,"['SNR: -8']"
8051-118101-0024_0,"['SNR: 0']"
198-209-0024_5,"['SNR: 5']"
1723-141149-0072_3,"['SNR: 3']"
458-126294-0018_-12,"['SNR: -12']"
460-172359-0081_-8,"['SNR: -8']"
4680-16041-0034_-1,"['SNR: -1']"
7794-295955-0004_-13,"['SNR: -13']"
6078-54013-0038_-4,"['SNR: -4']"
6081-41998-0003_-8,"['SNR: -8']"
2196-174172-0038_-1,"['SNR: -1']"
1069-133709-0042_-12,"['SNR: -12']"
4014-186183-0014_-11,"['SNR: -11']"
1867-148436-0002_-2,"['SNR: -2']"
8226-274369-0021_7,"['SNR: 7']"
5703-47198-0010_-12,"['SNR: -12']"
6836-61804-0013_4,"['SNR: 4']"
1116-132847-0038_-10,"['SNR: -10']"
374-180298-0023_4,"['SNR: 4']"
6181-216552-0036_4,"['SNR: 4']"
2136-5147-0011_8,"['SNR: 8']"
7447-91186-0039_-14,"['SNR: -14']"
8975-270782-0096_-6,"['SNR: -6']"
3259-158083-0013_-2,"['SNR: -2']"
8098-278278-0038_-2,"['SNR: -2']"
5750-100289-0074_1,"['SNR: 1']"
4297-13009-0009_1,"['SNR: 1']"
445-123860-0024_7,"['SNR: 7']"
7059-88364-0023_-11,"['SNR: -11']"
8580-287364-0038_-15,"['SNR: -15']"
1081-125237-0028_1,"['SNR: 1']"
328-129766-0097_-10,"['SNR: -10']"
226-122538-0004_-11,"['SNR: -11']"
118-47824-0084_-4,"['SNR: -4']"
7264-92314-0021_-6,"['SNR: -6']"
2817-142371-0067_0,"['SNR: 0']"
3879-174923-0022_-8,"['SNR: -8']"
1235-135883-0014_-13,"['SNR: -13']"
3242-67153-0003_-2,"['SNR: -2']"
3607-29116-0010_-11,"['SNR: -11']"
1355-39947-0019_5,"['SNR: 5']"
196-122152-0013_0,"['SNR: 0']"
1743-142914-0013_-3,"['SNR: -3']"
89-219-0002_8,"['SNR: 8']"
7190-90542-0071_-1,"['SNR: -1']"
200-124140-0024_1,"['SNR: 1']"
2002-139469-0078_-3,"['SNR: -3']"
8975-270782-0004_-15,"['SNR: -15']"
4297-13009-0032_2,"['SNR: 2']"
6385-34669-0001_8,"['SNR: 8']"
3830-12530-0003_8,"['SNR: 8']"
3235-28452-0028_-1,"['SNR: -1']"
8312-279791-0020_0,"['SNR: 0']"
3983-5331-0001_4,"['SNR: 4']"
8312-279790-0009_0,"['SNR: 0']"
5049-25947-0044_-15,"['SNR: -15']"
2836-5354-0027_5,"['SNR: 5']"
8630-305213-0020_5,"['SNR: 5']"
6476-57446-0076_-12,"['SNR: -12']"
1098-133695-0024_-7,"['SNR: -7']"
3240-131231-0007_-5,"['SNR: -5']"
3699-19401-0005_-2,"['SNR: -2']"
8747-293952-0094_-7,"['SNR: -7']"
5192-19397-0085_-1,"['SNR: -1']"
307-127540-0024_1,"['SNR: 1']"
4680-16042-0022_2,"['SNR: 2']"
250-142276-0005_5,"['SNR: 5']"
8609-262281-0036_8,"['SNR: 8']"
2391-145015-0080_10,"['SNR: 10']"
445-123860-0000_-3,"['SNR: -3']"
5022-29411-0002_9,"['SNR: 9']"
7302-86815-0057_-11,"['SNR: -11']"
8095-274346-0057_-11,"['SNR: -11']"
8580-287363-0001_8,"['SNR: 8']"
1081-125237-0059_5,"['SNR: 5']"
7780-274562-0030_-6,"['SNR: -6']"
2691-156745-0025_10,"['SNR: 10']"
2416-152139-0021_10,"['SNR: 10']"
4441-76263-0020_7,"['SNR: 7']"
625-132112-0015_-9,"['SNR: -9']"
3983-5371-0025_-14,"['SNR: -14']"
7859-102519-0005_6,"['SNR: 6']"
5390-30096-0019_2,"['SNR: 2']"
1363-139304-0024_5,"['SNR: 5']"
6415-116629-0020_3,"['SNR: 3']"
4481-17499-0022_8,"['SNR: 8']"
7078-271888-0064_10,"['SNR: 10']"
7190-90543-0019_3,"['SNR: 3']"
5652-19215-0003_1,"['SNR: 1']"
6147-34607-0001_9,"['SNR: 9']"
3214-167607-0037_8,"['SNR: 8']"
1867-148436-0014_7,"['SNR: 7']"
3983-5331-0040_-8,"['SNR: -8']"
1502-122615-0035_-1,"['SNR: -1']"
2989-138028-0000_-13,"['SNR: -13']"
6476-57446-0012_3,"['SNR: 3']"
7800-283493-0036_-8,"['SNR: -8']"
5049-25947-0083_6,"['SNR: 6']"
2911-15045-0022_-7,"['SNR: -7']"
481-123720-0001_-1,"['SNR: -1']"
1867-154071-0043_-14,"['SNR: -14']"
3830-12535-0014_-4,"['SNR: -4']"
4051-10927-0015_-8,"['SNR: -8']"
1624-168623-0004_-5,"['SNR: -5']"
887-123289-0004_-6,"['SNR: -6']"
405-130894-0065_1,"['SNR: 1']"
27-124992-0066_0,"['SNR: 0']"
6437-66172-0021_-2,"['SNR: -2']"
2514-149482-0067_9,"['SNR: 9']"
2989-138035-0030_-2,"['SNR: -2']"
7059-88364-0007_-14,"['SNR: -14']"
6848-252322-0012_-12,"['SNR: -12']"
5390-30096-0017_-11,"['SNR: -11']"
60-121082-0077_10,"['SNR: 10']"
1970-28415-0004_-15,"['SNR: -15']"
2416-152139-0035_7,"['SNR: 7']"
5192-19396-0012_-10,"['SNR: -10']"
3879-174923-0061_-4,"['SNR: -4']"
6836-76549-0009_-6,"['SNR: -6']"
2416-152139-0013_-11,"['SNR: -11']"
5393-19219-0037_-8,"['SNR: -8']"
6415-111615-0027_-9,"['SNR: -9']"
6367-65536-0062_-5,"['SNR: -5']"
6181-216552-0064_-1,"['SNR: -1']"
6147-34605-0037_-8,"['SNR: -8']"
7278-91083-0033_-14,"['SNR: -14']"
3436-172171-0016_-2,"['SNR: -2']"
5652-19215-0032_-7,"['SNR: -7']"
2911-7601-0043_5,"['SNR: 5']"
5652-39938-0061_2,"['SNR: 2']"
831-130739-0055_-1,"['SNR: -1']"
250-142276-0046_-6,"['SNR: -6']"
5703-47198-0056_-1,"['SNR: -1']"
8051-295385-0012_6,"['SNR: 6']"
2952-407-0000_10,"['SNR: 10']"
3699-175950-0023_7,"['SNR: 7']"
2843-152918-0055_-8,"['SNR: -8']"
7511-102420-0049_-13,"['SNR: -13']"
7402-90848-0000_8,"['SNR: 8']"
3723-171631-0027_-7,"['SNR: -7']"
7635-105661-0037_-9,"['SNR: -9']"
1363-135842-0007_-8,"['SNR: -8']"
6147-34606-0005_-15,"['SNR: -15']"
460-172359-0001_7,"['SNR: 7']"
2836-5354-0014_-13,"['SNR: -13']"
5789-70653-0004_-9,"['SNR: -9']"
8051-295385-0011_0,"['SNR: 0']"
118-124588-0018_-9,"['SNR: -9']"
3374-298025-0007_8,"['SNR: 8']"
6531-61334-0037_4,"['SNR: 4']"
7113-86041-0089_-9,"['SNR: -9']"
2518-154825-0036_2,"['SNR: 2']"
1263-138246-0023_9,"['SNR: 9']"
307-127535-0012_4,"['SNR: 4']"
83-11691-0009_9,"['SNR: 9']"
460-172359-0084_-10,"['SNR: -10']"
4406-16883-0007_-5,"['SNR: -5']"
5703-47198-0001_3,"['SNR: 3']"
4195-17507-0047_-12,"['SNR: -12']"
2911-12359-0001_3,"['SNR: 3']"
7264-92314-0003_-14,"['SNR: -14']"
5049-25947-0039_-9,"['SNR: -9']"
8580-287364-0046_9,"['SNR: 9']"
1926-147979-0042_3,"['SNR: 3']"
2196-170151-0010_-4,"['SNR: -4']"
5463-39174-0024_1,"['SNR: 1']"
460-172359-0063_-1,"['SNR: -1']"
5104-33407-0024_5,"['SNR: 5']"
8797-294123-0030_2,"['SNR: 2']"
7264-92314-0023_-15,"['SNR: -15']"
8747-293952-0107_-3,"['SNR: -3']"
909-131045-0000_0,"['SNR: 0']"
3168-173564-0035_-11,"['SNR: -11']"
6064-300880-0020_-11,"['SNR: -11']"
5163-18515-0036_-12,"['SNR: -12']"
5789-57195-0035_-7,"['SNR: -7']"
1040-133433-0056_-3,"['SNR: -3']"
2764-36616-0013_4,"['SNR: 4']"
4481-17498-0042_-12,"['SNR: -12']"
4813-248638-0050_5,"['SNR: 5']"
229-130880-0021_-13,"['SNR: -13']"
5390-30102-0026_-11,"['SNR: -11']"
1970-10594-0032_-5,"['SNR: -5']"
26-495-0028_-12,"['SNR: -12']"
4640-19187-0005_8,"['SNR: 8']"
1363-139304-0044_-1,"['SNR: -1']"
6437-66173-0009_3,"['SNR: 3']"
4813-248641-0017_1,"['SNR: 1']"
4406-16883-0023_-4,"['SNR: -4']"
403-126855-0009_1,"['SNR: 1']"
2836-5355-0034_-3,"['SNR: -3']"
1841-150351-0030_0,"['SNR: 0']"
1183-133256-0024_-8,"['SNR: -8']"
5678-43303-0014_-3,"['SNR: -3']"
2136-5143-0006_3,"['SNR: 3']"
2092-145706-0016_-8,"['SNR: -8']"
4362-15663-0057_9,"['SNR: 9']"
322-124146-0001_-10,"['SNR: -10']"
6529-62554-0004_-3,"['SNR: -3']"
1246-124548-0040_-8,"['SNR: -8']"
1594-135914-0095_-3,"['SNR: -3']"
8465-246943-0013_5,"['SNR: 5']"
4340-15220-0016_10,"['SNR: 10']"
27-123349-0049_-11,"['SNR: -11']"
839-130898-0092_-12,"['SNR: -12']"
6078-54007-0011_-13,"['SNR: -13']"
6081-42010-0015_4,"['SNR: 4']"
831-130746-0044_-7,"['SNR: -7']"
6415-100596-0035_-7,"['SNR: -7']"
6078-54007-0017_9,"['SNR: 9']"
3214-167607-0025_-12,"['SNR: -12']"
5778-54535-0028_-8,"['SNR: -8']"
211-122442-0051_4,"['SNR: 4']"
1963-147036-0008_-6,"['SNR: -6']"
669-129074-0031_-4,"['SNR: -4']"
118-47824-0027_10,"['SNR: 10']"
8630-305212-0016_-1,"['SNR: -1']"
1455-138263-0051_-13,"['SNR: -13']"
198-209-0011_4,"['SNR: 4']"
7780-274562-0036_-11,"['SNR: -11']"
1841-159771-0034_-2,"['SNR: -2']"
7226-86964-0051_8,"['SNR: 8']"
103-1240-0041_-11,"['SNR: -11']"
2002-139469-0031_-3,"['SNR: -3']"
4195-186237-0020_7,"['SNR: 7']"
4267-78186-0026_4,"['SNR: 4']"
909-131044-0006_-7,"['SNR: -7']"
426-122819-0002_8,"['SNR: 8']"
8838-298546-0027_9,"['SNR: 9']"
248-130697-0016_1,"['SNR: 1']"
481-123720-0061_-14,"['SNR: -14']"
2002-139469-0083_0,"['SNR: 0']"
2196-174172-0016_-14,"['SNR: -14']"
3440-171009-0021_-12,"['SNR: -12']"
1355-39947-0075_4,"['SNR: 4']"
6385-34655-0028_-14,"['SNR: -14']"
163-122947-0075_-4,"['SNR: -4']"
27-123349-0036_3,"['SNR: 3']"
6437-66173-0037_-15,"['SNR: -15']"
103-1240-0044_-10,"['SNR: -10']"
7780-274562-0034_9,"['SNR: 9']"
6064-56168-0025_4,"['SNR: 4']"
5514-19193-0013_2,"['SNR: 2']"
2518-154826-0034_10,"['SNR: 10']"
7517-100437-0010_3,"['SNR: 3']"
374-180298-0000_8,"['SNR: 8']"
4362-15663-0059_2,"['SNR: 2']"
6081-42010-0026_9,"['SNR: 9']"
7226-86964-0044_4,"['SNR: 4']"
302-123523-0017_-14,"['SNR: -14']"
8051-118101-0001_-15,"['SNR: -15']"
89-218-0016_-8,"['SNR: -8']"
5322-7679-0022_-10,"['SNR: -10']"
3168-173564-0045_1,"['SNR: 1']"
4397-15666-0016_4,"['SNR: 4']"
458-126294-0017_-4,"['SNR: -4']"
7078-271888-0085_-3,"['SNR: -3']"
211-122442-0041_-8,"['SNR: -8']"
4297-13009-0020_-12,"['SNR: -12']"
1743-142914-0023_7,"['SNR: 7']"
2910-131096-0094_-1,"['SNR: -1']"
7278-246956-0024_-14,"['SNR: -14']"
7059-77897-0017_-9,"['SNR: -9']"
196-122150-0020_-2,"['SNR: -2']"
4137-11702-0012_1,"['SNR: 1']"
289-121665-0012_4,"['SNR: 4']"
6818-76332-0034_9,"['SNR: 9']"
8226-274369-0040_-12,"['SNR: -12']"
8312-279791-0017_-13,"['SNR: -13']"
3857-180923-0012_-4,"['SNR: -4']"
8465-246947-0015_-1,"['SNR: -1']"
19-227-0072_-13,"['SNR: -13']"
3168-173565-0042_-9,"['SNR: -9']"
7511-102419-0033_8,"['SNR: 8']"
6880-216547-0059_-4,"['SNR: -4']"
7190-90542-0026_-2,"['SNR: -2']"
7302-86815-0055_9,"['SNR: 9']"
5390-24512-0033_-10,"['SNR: -10']"
3983-5371-0008_-2,"['SNR: -2']"
200-126784-0033_-8,"['SNR: -8']"
5390-24512-0026_-3,"['SNR: -3']"
4014-186175-0039_-3,"['SNR: -3']"
6836-61803-0042_-10,"['SNR: -10']"
7511-102419-0010_-12,"['SNR: -12']"
446-123501-0050_-6,"['SNR: -6']"
5339-14134-0060_4,"['SNR: 4']"
8324-286682-0024_2,"['SNR: 2']"
3879-173592-0008_-14,"['SNR: -14']"
6476-96661-0005_-1,"['SNR: -1']"
441-128988-0002_4,"['SNR: 4']"
5022-29411-0015_0,"['SNR: 0']"
887-123291-0031_-4,"['SNR: -4']"
5688-15787-0029_10,"['SNR: 10']"
3440-171009-0040_7,"['SNR: 7']"
2836-5355-0010_-14,"['SNR: -14']"
4195-17507-0012_-4,"['SNR: -4']"
2518-154826-0044_2,"['SNR: 2']"
8123-275209-0004_3,"['SNR: 3']"
405-130895-0021_-6,"['SNR: -6']"
3879-173592-0012_1,"['SNR: 1']"
5703-47212-0025_-8,"['SNR: -8']"
8797-294123-0051_8,"['SNR: 8']"
4640-19188-0006_-10,"['SNR: -10']"
911-128684-0066_-7,"['SNR: -7']"
6437-66173-0024_2,"['SNR: 2']"
4362-15663-0093_-14,"['SNR: -14']"
1069-133709-0040_-13,"['SNR: -13']"
4859-29340-0011_7,"['SNR: 7']"
211-122442-0007_9,"['SNR: 9']"
909-131045-0038_3,"['SNR: 3']"
374-180298-0042_2,"['SNR: 2']"
289-121665-0043_10,"['SNR: 10']"
2002-139469-0047_-5,"['SNR: -5']"
4481-17499-0031_2,"['SNR: 2']"
5163-18515-0022_10,"['SNR: 10']"
6529-62554-0049_7,"['SNR: 7']"
1898-145715-0017_-15,"['SNR: -15']"
8108-280359-0009_-2,"['SNR: -2']"
3440-171009-0061_4,"['SNR: 4']"
7402-90848-0031_3,"['SNR: 3']"
909-131045-0006_7,"['SNR: 7']"
1334-135589-0016_4,"['SNR: 4']"
2391-145015-0020_-2,"['SNR: -2']"
4088-158079-0014_0,"['SNR: 0']"
302-123516-0013_-1,"['SNR: -1']"
2691-156745-0037_6,"['SNR: 6']"
5463-39174-0034_7,"['SNR: 7']"
19-198-0024_-4,"['SNR: -4']"
7367-86737-0068_-12,"['SNR: -12']"
7278-104730-0015_6,"['SNR: 6']"
3168-173564-0007_7,"['SNR: 7']"
7859-102518-0002_-5,"['SNR: -5']"
298-126791-0045_-11,"['SNR: -11']"
8629-261139-0040_1,"['SNR: 1']"
2836-5354-0016_0,"['SNR: 0']"
1447-130551-0028_5,"['SNR: 5']"
4859-22176-0008_5,"['SNR: 5']"
226-122538-0021_-9,"['SNR: -9']"
6529-62554-0022_-15,"['SNR: -15']"
7517-100442-0020_9,"['SNR: 9']"
458-126305-0014_2,"['SNR: 2']"
5703-47212-0011_-14,"['SNR: -14']"
887-123290-0019_-5,"['SNR: -5']"
3723-171115-0002_-6,"['SNR: -6']"
4830-25904-0030_2,"['SNR: 2']"
2196-170379-0022_-9,"['SNR: -9']"
1040-133433-0006_-3,"['SNR: -3']"
8098-278252-0021_6,"['SNR: 6']"
8123-275209-0003_-10,"['SNR: -10']"
1898-145724-0016_8,"['SNR: 8']"
200-124140-0010_-13,"['SNR: -13']"
587-41619-0019_-9,"['SNR: -9']"
3242-67168-0036_-4,"['SNR: -4']"
1502-122619-0006_3,"['SNR: 3']"
7794-295947-0027_-6,"['SNR: -6']"
2391-145015-0025_4,"['SNR: 4']"
7148-59157-0003_7,"['SNR: 7']"
3723-171115-0001_-5,"['SNR: -5']"
8088-284756-0104_9,"['SNR: 9']"
1088-134315-0037_-12,"['SNR: -12']"
1594-135914-0006_7,"['SNR: 7']"
481-123720-0034_3,"['SNR: 3']"
5322-7680-0005_1,"['SNR: 1']"
1970-26100-0034_-9,"['SNR: -9']"
1578-140049-0004_6,"['SNR: 6']"
1578-140049-0008_-10,"['SNR: -10']"
446-123501-0005_5,"['SNR: 5']"
5789-57195-0009_10,"['SNR: 10']"
2092-145709-0014_2,"['SNR: 2']"
7511-102420-0042_-6,"['SNR: -6']"
8051-118101-0006_-6,"['SNR: -6']"
1841-179183-0010_6,"['SNR: 6']"
2836-5354-0000_-2,"['SNR: -2']"
32-4137-0045_-15,"['SNR: -15']"
8838-298546-0011_-3,"['SNR: -3']"
7113-86041-0080_-1,"['SNR: -1']"
5393-19218-0001_2,"['SNR: 2']"
5703-47198-0052_9,"['SNR: 9']"
6476-96661-0023_6,"['SNR: 6']"
7226-86964-0015_9,"['SNR: 9']"
7635-105409-0010_6,"['SNR: 6']"
3486-166446-0030_-7,"['SNR: -7']"
911-128684-0071_-12,"['SNR: -12']"
4137-11702-0020_-6,"['SNR: -6']"
7178-34645-0013_-13,"['SNR: -13']"
1334-135589-0080_-13,"['SNR: -13']"
4406-16883-0051_5,"['SNR: 5']"
4267-72637-0006_-12,"['SNR: -12']"
2289-152253-0024_-12,"['SNR: -12']"
3607-29116-0042_6,"['SNR: 6']"
5393-19218-0008_5,"['SNR: 5']"
125-121342-0044_-11,"['SNR: -11']"
1743-142912-0027_8,"['SNR: 8']"
4441-76263-0035_6,"['SNR: 6']"
5652-19215-0004_-15,"['SNR: -15']"
27-123349-0034_-11,"['SNR: -11']"
6367-65536-0008_-2,"['SNR: -2']"
8747-293952-0081_-6,"['SNR: -6']"
6019-3185-0000_-2,"['SNR: -2']"
5867-48852-0105_-6,"['SNR: -6']"
7278-246956-0031_-2,"['SNR: -2']"
412-126975-0047_10,"['SNR: 10']"
78-369-0025_-6,"['SNR: -6']"
8629-261139-0006_3,"['SNR: 3']"
200-124139-0014_-1,"['SNR: -1']"
8051-119902-0021_-9,"['SNR: -9']"
1502-122619-0067_-9,"['SNR: -9']"
5561-41615-0029_-15,"['SNR: -15']"
4160-11550-0000_4,"['SNR: 4']"
2136-5143-0026_5,"['SNR: 5']"
7780-274562-0072_-8,"['SNR: -8']"
8088-284756-0082_7,"['SNR: 7']"
83-3054-0017_-7,"['SNR: -7']"
6081-41998-0021_10,"['SNR: 10']"
4340-15220-0027_1,"['SNR: 1']"
426-122822-0018_-9,"['SNR: -9']"
6385-220959-0000_-5,"['SNR: -5']"
696-93314-0018_4,"['SNR: 4']"
1088-134315-0022_3,"['SNR: 3']"
4340-15220-0087_7,"['SNR: 7']"
254-27760-0032_-15,"['SNR: -15']"
412-126975-0032_-2,"['SNR: -2']"
78-368-0007_-13,"['SNR: -13']"
3526-176653-0048_2,"['SNR: 2']"
1963-142776-0000_-6,"['SNR: -6']"
1455-134435-0022_9,"['SNR: 9']"
2289-152257-0015_-7,"['SNR: -7']"
1926-147979-0038_-6,"['SNR: -6']"
2893-139310-0040_-9,"['SNR: -9']"
201-122255-0008_2,"['SNR: 2']"
6019-3185-0010_-4,"['SNR: -4']"
8095-274346-0018_-2,"['SNR: -2']"
7511-102420-0048_-7,"['SNR: -7']"
7635-105409-0063_9,"['SNR: 9']"
5163-18515-0012_0,"['SNR: 0']"
669-129061-0049_-13,"['SNR: -13']"
83-9960-0056_8,"['SNR: 8']"
3723-171115-0035_-10,"['SNR: -10']"
1034-121119-0016_-6,"['SNR: -6']"
5867-48852-0053_7,"['SNR: 7']"
7148-59157-0014_-14,"['SNR: -14']"
8630-305212-0000_4,"['SNR: 4']"
4397-15678-0042_3,"['SNR: 3']"
5163-39921-0032_-4,"['SNR: -4']"
4898-28461-0056_7,"['SNR: 7']"
6181-216552-0094_2,"['SNR: 2']"
289-121652-0020_0,"['SNR: 0']"
3947-13260-0050_-1,"['SNR: -1']"
322-124146-0021_-14,"['SNR: -14']"
233-155990-0004_-6,"['SNR: -6']"
6454-120342-0013_9,"['SNR: 9']"
19-227-0026_-4,"['SNR: -4']"
7780-274562-0084_0,"['SNR: 0']"
1553-140047-0038_7,"['SNR: 7']"
2391-145015-0113_-4,"['SNR: -4']"
5703-47212-0034_3,"['SNR: 3']"
4018-107312-0012_1,"['SNR: 1']"
7113-86041-0108_-6,"['SNR: -6']"
8770-295462-0036_0,"['SNR: 0']"
5339-14133-0041_-2,"['SNR: -2']"
403-126855-0028_-11,"['SNR: -11']"
1116-137572-0025_10,"['SNR: 10']"
403-216-0005_2,"['SNR: 2']"
460-172359-0035_5,"['SNR: 5']"
1263-141777-0007_-5,"['SNR: -5']"
5867-48852-0094_-4,"['SNR: -4']"
7780-274562-0031_8,"['SNR: 8']"
1578-140045-0014_4,"['SNR: 4']"
3112-9554-0013_2,"['SNR: 2']"
3983-5331-0046_-1,"['SNR: -1']"
3830-12530-0038_-5,"['SNR: -5']"
7264-92314-0017_-9,"['SNR: -9']"
5514-19192-0011_10,"['SNR: 10']"
4214-7146-0075_6,"['SNR: 6']"
5456-62043-0037_-4,"['SNR: -4']"
4267-72637-0000_-11,"['SNR: -11']"
4051-11218-0005_-3,"['SNR: -3']"
250-140277-0009_-10,"['SNR: -10']"
4267-72637-0021_-7,"['SNR: -7']"
8063-274117-0028_9,"['SNR: 9']"
1183-133256-0016_-13,"['SNR: -13']"
1455-138263-0047_10,"['SNR: 10']"
6147-34606-0008_-7,"['SNR: -7']"
3374-298025-0030_5,"['SNR: 5']"
26-495-0071_1,"['SNR: 1']"
6529-62556-0038_1,"['SNR: 1']"
887-123291-0042_-11,"['SNR: -11']"
3235-28433-0001_7,"['SNR: 7']"
8098-275181-0004_-9,"['SNR: -9']"
374-180299-0040_-13,"['SNR: -13']"
6181-216552-0092_-3,"['SNR: -3']"
39-121914-0025_-10,"['SNR: -10']"
8629-261140-0021_5,"['SNR: 5']"
3240-131231-0062_-7,"['SNR: -7']"
831-130739-0022_2,"['SNR: 2']"
1447-17506-0021_-12,"['SNR: -12']"
250-142276-0024_-12,"['SNR: -12']"
7511-102419-0016_-9,"['SNR: -9']"
8465-246942-0012_4,"['SNR: 4']"
4088-158079-0018_7,"['SNR: 7']"
403-126855-0003_9,"['SNR: 9']"
2910-131096-0067_-2,"['SNR: -2']"
1455-138263-0014_-14,"['SNR: -14']"
7178-34644-0027_-1,"['SNR: -1']"
2159-179156-0012_-15,"['SNR: -15']"
2843-152918-0065_-7,"['SNR: -7']"
8063-274116-0028_-9,"['SNR: -9']"
1926-143879-0039_-1,"['SNR: -1']"
8098-278252-0015_10,"['SNR: 10']"
1081-125237-0085_6,"['SNR: 6']"
4014-186179-0014_6,"['SNR: 6']"
8838-298546-0039_-9,"['SNR: -9']"
4137-11702-0045_-13,"['SNR: -13']"
302-123523-0038_1,"['SNR: 1']"
40-222-0041_-8,"['SNR: -8']"
1553-140047-0043_4,"['SNR: 4']"
5514-19193-0031_1,"['SNR: 1']"
4014-186183-0031_2,"['SNR: 2']"
2893-139310-0022_-7,"['SNR: -7']"
441-128982-0005_-9,"['SNR: -9']"
2952-408-0004_9,"['SNR: 9']"
446-123502-0005_-1,"['SNR: -1']"
3440-171006-0023_-2,"['SNR: -2']"
3242-67168-0023_1,"['SNR: 1']"
198-126831-0015_-1,"['SNR: -1']"
1183-133256-0014_-14,"['SNR: -14']"
1069-133709-0043_-12,"['SNR: -12']"
839-130898-0037_-4,"['SNR: -4']"
6925-80680-0053_-3,"['SNR: -3']"
83-9960-0011_3,"['SNR: 3']"
1088-134315-0047_-4,"['SNR: -4']"
2514-149482-0041_-2,"['SNR: -2']"
39-121916-0023_-5,"['SNR: -5']"
1246-124548-0033_8,"['SNR: 8']"
248-130697-0001_-6,"['SNR: -6']"
831-130739-0043_-15,"['SNR: -15']"
412-126975-0039_-9,"['SNR: -9']"
307-127539-0010_-10,"['SNR: -10']"
5049-25947-0107_9,"['SNR: 9']"
5750-100289-0021_-7,"['SNR: -7']"
481-123719-0022_-4,"['SNR: -4']"
887-123290-0004_-15,"['SNR: -15']"
118-47824-0037_-10,"['SNR: -10']"
3664-178355-0017_8,"['SNR: 8']"
5789-57158-0005_10,"['SNR: 10']"
8088-284756-0081_-13,"['SNR: -13']"
6476-57446-0001_7,"['SNR: 7']"
8838-298545-0005_-10,"['SNR: -10']"
3723-171115-0004_-5,"['SNR: -5']"
103-1241-0043_7,"['SNR: 7']"
8098-278278-0013_-4,"['SNR: -4']"
4267-72637-0016_4,"['SNR: 4']"
2436-2476-0008_-15,"['SNR: -15']"
839-130898-0018_-2,"['SNR: -2']"
8609-262281-0027_-15,"['SNR: -15']"
39-121915-0031_4,"['SNR: 4']"
3526-176653-0009_-14,"['SNR: -14']"
446-123502-0011_-1,"['SNR: -1']"
8630-305213-0042_-12,"['SNR: -12']"
7302-86815-0018_4,"['SNR: 4']"
1963-142776-0029_-15,"['SNR: -15']"
1898-145702-0011_0,"['SNR: 0']"
1624-168623-0014_-4,"['SNR: -4']"
8098-275181-0021_-5,"['SNR: -5']"
3242-67153-0021_-9,"['SNR: -9']"
7067-76048-0044_1,"['SNR: 1']"
2911-15045-0017_-2,"['SNR: -2']"
458-126305-0009_-10,"['SNR: -10']"
3982-178459-0004_-2,"['SNR: -2']"
4014-186175-0005_-12,"['SNR: -12']"
460-172359-0027_6,"['SNR: 6']"
1926-147979-0009_-15,"['SNR: -15']"
5778-54535-0041_4,"['SNR: 4']"
481-123720-0036_7,"['SNR: 7']"
125-121124-0049_-10,"['SNR: -10']"
8609-262281-0014_-2,"['SNR: -2']"
4340-15220-0082_-3,"['SNR: -3']"
6818-68772-0039_-5,"['SNR: -5']"
7059-88364-0013_5,"['SNR: 5']"
8465-246943-0008_8,"['SNR: 8']"
7794-295947-0034_5,"['SNR: 5']"
6081-41997-0034_-7,"['SNR: -7']"
39-121916-0014_-4,"['SNR: -4']"
8095-274345-0008_2,"['SNR: 2']"
32-4137-0005_9,"['SNR: 9']"
19-227-0035_6,"['SNR: 6']"
229-130880-0047_-2,"['SNR: -2']"
3723-171631-0020_6,"['SNR: 6']"
201-127786-0008_9,"['SNR: 9']"
83-9960-0055_1,"['SNR: 1']"
8425-287387-0024_9,"['SNR: 9']"
7264-92314-0031_10,"['SNR: 10']"
6531-61334-0125_-6,"['SNR: -6']"
7800-283493-0000_6,"['SNR: 6']"
125-121124-0010_6,"['SNR: 6']"
7505-258964-0034_0,"['SNR: 0']"
3242-67153-0031_2,"['SNR: 2']"
2002-139469-0069_4,"['SNR: 4']"
2518-154825-0035_3,"['SNR: 3']"
481-123719-0028_-2,"['SNR: -2']"
2691-156745-0016_8,"['SNR: 8']"
1040-133433-0067_-3,"['SNR: -3']"
5514-19192-0036_9,"['SNR: 9']"
4813-248638-0039_-4,"['SNR: -4']"
1246-124548-0028_-13,"['SNR: -13']"
1235-135883-0013_-4,"['SNR: -4']"
307-127540-0010_-9,"['SNR: -9']"
2384-152900-0024_7,"['SNR: 7']"
6385-220959-0036_2,"['SNR: 2']"
2836-5354-0054_-7,"['SNR: -7']"
211-122442-0024_7,"['SNR: 7']"
4406-16882-0050_-9,"['SNR: -9']"
426-122819-0010_-1,"['SNR: -1']"
1841-150351-0032_2,"['SNR: 2']"
1116-137572-0017_-12,"['SNR: -12']"
5322-7678-0009_-13,"['SNR: -13']"
446-123501-0000_-11,"['SNR: -11']"
669-129061-0039_-11,"['SNR: -11']"
1553-140048-0044_8,"['SNR: 8']"
4830-25898-0003_-1,"['SNR: -1']"
7190-90542-0039_8,"['SNR: 8']"
7859-102521-0017_8,"['SNR: 8']"
40-222-0012_-3,"['SNR: -3']"
1246-124548-0029_6,"['SNR: 6']"
322-124147-0068_-12,"['SNR: -12']"
1455-134435-0050_-10,"['SNR: -10']"
1355-39947-0094_-2,"['SNR: -2']"
7190-90542-0009_7,"['SNR: 7']"
311-124404-0035_9,"['SNR: 9']"
6836-61803-0035_-2,"['SNR: -2']"
669-129061-0081_-12,"['SNR: -12']"
5456-58161-0003_8,"['SNR: 8']"
4195-17507-0022_3,"['SNR: 3']"
2196-170379-0029_-1,"['SNR: -1']"
5192-19397-0038_-6,"['SNR: -6']"
302-123504-0024_3,"['SNR: 3']"
2514-149482-0054_2,"['SNR: 2']"
2893-139310-0039_-15,"['SNR: -15']"
1841-150351-0014_-1,"['SNR: -1']"
4640-19187-0017_3,"['SNR: 3']"
405-130894-0047_3,"['SNR: 3']"
125-121342-0048_4,"['SNR: 4']"
911-128684-0019_-1,"['SNR: -1']"
2136-5143-0041_-10,"['SNR: -10']"
6081-41997-0032_-12,"['SNR: -12']"
5789-57195-0000_-11,"['SNR: -11']"
1594-135914-0090_6,"['SNR: 6']"
8123-275209-0018_7,"['SNR: 7']"
2007-132570-0023_10,"['SNR: 10']"
2836-5355-0049_3,"['SNR: 3']"
233-155990-0015_0,"['SNR: 0']"
3607-135982-0007_2,"['SNR: 2']"
1578-6379-0027_2,"['SNR: 2']"
8312-279791-0050_-15,"['SNR: -15']"
2910-131096-0000_-2,"['SNR: -2']"
7635-105661-0041_-7,"['SNR: -7']"
1553-140048-0047_0,"['SNR: 0']"
1447-130551-0026_-2,"['SNR: -2']"
328-129766-0002_2,"['SNR: 2']"
7511-102420-0013_-2,"['SNR: -2']"
5652-19215-0040_-13,"['SNR: -13']"
2002-139469-0095_2,"['SNR: 2']"
625-132112-0043_-14,"['SNR: -14']"
1502-122619-0031_-14,"['SNR: -14']"
403-126855-0017_-1,"['SNR: -1']"
5703-47212-0039_-7,"['SNR: -7']"
125-121124-0004_8,"['SNR: 8']"
6563-63821-0015_7,"['SNR: 7']"
211-122425-0061_-6,"['SNR: -6']"
6529-62556-0035_10,"['SNR: 10']"
1963-142776-0019_-1,"['SNR: -1']"
6209-34599-0019_10,"['SNR: 10']"
1116-132847-0036_-9,"['SNR: -9']"
2764-36616-0017_-1,"['SNR: -1']"
8580-287364-0007_-7,"['SNR: -7']"
2989-138035-0024_-14,"['SNR: -14']"
445-123857-0015_9,"['SNR: 9']"
1743-142912-0030_-13,"['SNR: -13']"
6476-57446-0064_-9,"['SNR: -9']"
8238-274553-0066_-11,"['SNR: -11']"
39-121914-0015_10,"['SNR: 10']"
289-121665-0028_4,"['SNR: 4']"
8609-262281-0038_6,"['SNR: 6']"
1898-145715-0021_-12,"['SNR: -12']"
5104-33406-0040_-15,"['SNR: -15']"
4830-25898-0030_9,"['SNR: 9']"
1447-130551-0013_6,"['SNR: 6']"
8098-278252-0013_9,"['SNR: 9']"
5456-24741-0015_3,"['SNR: 3']"
6415-111615-0018_-2,"['SNR: -2']"
426-122822-0001_-14,"['SNR: -14']"
2910-131096-0008_-10,"['SNR: -10']"
4853-27671-0035_1,"['SNR: 1']"
4830-25904-0049_10,"['SNR: 10']"
7505-83618-0004_-2,"['SNR: -2']"
2159-179156-0020_-11,"['SNR: -11']"
1116-137572-0018_5,"['SNR: 5']"
1867-148436-0005_-3,"['SNR: -3']"
8226-274369-0004_-6,"['SNR: -6']"
1723-141149-0093_-4,"['SNR: -4']"
374-180299-0028_10,"['SNR: 10']"
8312-279790-0029_-8,"['SNR: -8']"
5778-54535-0026_8,"['SNR: 8']"
4018-103416-0003_-9,"['SNR: -9']"
6880-216547-0047_-10,"['SNR: -10']"
6531-61334-0005_-13,"['SNR: -13']"
150-126112-0036_4,"['SNR: 4']"
7517-100437-0029_4,"['SNR: 4']"
307-127535-0011_-8,"['SNR: -8']"
196-122152-0019_-13,"['SNR: -13']"
3259-158083-0125_-4,"['SNR: -4']"
909-131045-0009_6,"['SNR: 6']"
4051-11217-0000_6,"['SNR: 6']"
2989-138035-0032_10,"['SNR: 10']"
6272-70171-0020_-11,"['SNR: -11']"
7517-100442-0021_10,"['SNR: 10']"
3242-67168-0021_1,"['SNR: 1']"
2691-156745-0008_-4,"['SNR: -4']"
150-132655-0009_-11,"['SNR: -11']"
2384-152900-0046_2,"['SNR: 2']"
3699-47246-0014_-5,"['SNR: -5']"
5463-39174-0007_-7,"['SNR: -7']"
7190-90543-0010_-3,"['SNR: -3']"
6064-56168-0000_-9,"['SNR: -9']"
298-126791-0043_8,"['SNR: 8']"
1363-139304-0018_0,"['SNR: 0']"
5867-48852-0037_3,"['SNR: 3']"
6531-61334-0011_-2,"['SNR: -2']"
5789-57195-0033_-12,"['SNR: -12']"
332-128985-0084_2,"['SNR: 2']"
1926-147987-0001_9,"['SNR: 9']"
1737-148989-0036_10,"['SNR: 10']"
7264-92316-0007_6,"['SNR: 6']"
2911-12359-0007_-14,"['SNR: -14']"
1081-125237-0048_3,"['SNR: 3']"
696-93314-0005_-12,"['SNR: -12']"
2989-138028-0032_-13,"['SNR: -13']"
481-123719-0021_-13,"['SNR: -13']"
3807-4923-0053_-12,"['SNR: -12']"
196-122150-0011_-11,"['SNR: -11']"
6454-120342-0029_-7,"['SNR: -7']"
7505-258964-0049_-9,"['SNR: -9']"
2836-5355-0016_4,"['SNR: 4']"
4018-103416-0026_5,"['SNR: 5']"
3830-12535-0028_-14,"['SNR: -14']"
3982-182255-0041_-15,"['SNR: -15']"
78-368-0024_-4,"['SNR: -4']"
8051-119902-0013_-7,"['SNR: -7']"
1355-39947-0004_9,"['SNR: 9']"
5514-19193-0024_-11,"['SNR: -11']"
2007-132570-0003_-2,"['SNR: -2']"
8838-298545-0014_8,"['SNR: 8']"
7517-100429-0008_-13,"['SNR: -13']"
3857-180923-0014_-2,"['SNR: -2']"
311-124404-0008_-10,"['SNR: -10']"
7447-91187-0043_-1,"['SNR: -1']"
307-127535-0031_-1,"['SNR: -1']"
1246-124548-0001_-4,"['SNR: -4']"
2136-5140-0038_3,"['SNR: 3']"
8419-293469-0020_-4,"['SNR: -4']"
4830-25904-0002_6,"['SNR: 6']"
200-124139-0003_-1,"['SNR: -1']"
2384-152900-0053_9,"['SNR: 9']"
328-129766-0018_-1,"['SNR: -1']"
831-130739-0028_2,"['SNR: 2']"
625-132118-0033_-7,"['SNR: -7']"
250-142276-0042_-3,"['SNR: -3']"
8238-274553-0057_-7,"['SNR: -7']"
909-131041-0019_-8,"['SNR: -8']"
481-123719-0033_10,"['SNR: 10']"
3259-158083-0039_-8,"['SNR: -8']"
118-121721-0025_1,"['SNR: 1']"
5393-19219-0055_4,"['SNR: 4']"
3242-8112-0042_-8,"['SNR: -8']"
2691-156755-0000_9,"['SNR: 9']"
201-122255-0018_-13,"['SNR: -13']"
7264-92316-0037_-10,"['SNR: -10']"
1098-133695-0009_0,"['SNR: 0']"
2764-36619-0001_1,"['SNR: 1']"
4788-94904-0000_-2,"['SNR: -2']"
1737-142396-0020_8,"['SNR: 8']"
696-92939-0035_2,"['SNR: 2']"
1447-130551-0000_-3,"['SNR: -3']"
2691-156745-0032_-2,"['SNR: -2']"
2691-156745-0009_0,"['SNR: 0']"
233-155990-0037_-9,"['SNR: -9']"
403-128339-0012_6,"['SNR: 6']"
8063-274117-0033_-12,"['SNR: -12']"
2691-156745-0038_0,"['SNR: 0']"
3857-182317-0026_8,"['SNR: 8']"
4088-158077-0060_7,"['SNR: 7']"
7780-274562-0104_-5,"['SNR: -5']"
1447-130551-0017_-13,"['SNR: -13']"
458-126305-0036_7,"['SNR: 7']"
7780-274562-0086_-1,"['SNR: -1']"
78-368-0026_2,"['SNR: 2']"
5022-29411-0016_-1,"['SNR: -1']"
19-227-0058_-2,"['SNR: -2']"
7178-34645-0003_1,"['SNR: 1']"
3235-28452-0025_-6,"['SNR: -6']"
1088-134318-0000_10,"['SNR: 10']"
730-358-0052_6,"['SNR: 6']"
1502-122619-0074_8,"['SNR: 8']"
6563-285357-0018_7,"['SNR: 7']"
587-54108-0056_-8,"['SNR: -8']"
4014-186175-0010_-5,"['SNR: -5']"
322-124147-0058_7,"['SNR: 7']"
839-130898-0081_8,"['SNR: 8']"
254-27760-0001_-11,"['SNR: -11']"
6181-216552-0012_-5,"['SNR: -5']"
7511-102419-0037_10,"['SNR: 10']"
5393-19218-0002_-1,"['SNR: -1']"
7859-102521-0003_-7,"['SNR: -7']"
2289-152258-0013_-4,"['SNR: -4']"
5456-58161-0016_-12,"['SNR: -12']"
6064-300880-0005_5,"['SNR: 5']"
83-11691-0033_-12,"['SNR: -12']"
1034-121119-0065_9,"['SNR: 9']"
2159-179156-0022_-9,"['SNR: -9']"
328-129766-0063_-1,"['SNR: -1']"
5750-100289-0039_-2,"['SNR: -2']"
2182-181183-0021_7,"['SNR: 7']"
4788-91208-0010_6,"['SNR: 6']"
4788-94904-0007_-7,"['SNR: -7']"
441-130108-0007_-1,"['SNR: -1']"
6385-34669-0023_2,"['SNR: 2']"
7148-7763-0018_2,"['SNR: 2']"
1898-145702-0007_0,"['SNR: 0']"
125-121342-0021_6,"['SNR: 6']"
5339-14133-0010_3,"['SNR: 3']"
2391-145015-0002_4,"['SNR: 4']"
1867-154071-0024_-6,"['SNR: -6']"
8324-286682-0042_-5,"['SNR: -5']"
730-358-0064_6,"['SNR: 6']"
1963-147036-0020_3,"['SNR: 3']"
2391-145015-0098_-12,"['SNR: -12']"
8312-279790-0041_-13,"['SNR: -13']"
7078-271888-0041_-10,"['SNR: -10']"
8123-275193-0006_9,"['SNR: 9']"
3242-67168-0007_-12,"['SNR: -12']"
289-121665-0023_-8,"['SNR: -8']"
8238-283452-0006_-13,"['SNR: -13']"
40-222-0006_4,"['SNR: 4']"
1743-142913-0008_-3,"['SNR: -3']"
27-124992-0053_2,"['SNR: 2']"
8425-246962-0023_-11,"['SNR: -11']"
1624-142933-0005_8,"['SNR: 8']"
7264-92316-0016_10,"['SNR: 10']"
4680-16026-0039_-8,"['SNR: -8']"
2836-5354-0025_-9,"['SNR: -9']"
4195-186238-0006_-7,"['SNR: -7']"
8770-295462-0012_-3,"['SNR: -3']"
1455-138263-0040_-2,"['SNR: -2']"
481-123720-0053_-5,"['SNR: -5']"
6925-80680-0032_4,"['SNR: 4']"
8324-286683-0006_-10,"['SNR: -10']"
1116-132851-0018_-14,"['SNR: -14']"
2416-152137-0014_2,"['SNR: 2']"
4340-15220-0064_-1,"['SNR: -1']"
8770-295465-0017_2,"['SNR: 2']"
8063-274117-0016_4,"['SNR: 4']"
4014-186176-0023_0,"['SNR: 0']"
6081-41997-0013_-4,"['SNR: -4']"
125-121124-0000_-14,"['SNR: -14']"
7780-274562-0004_-6,"['SNR: -6']"
3830-12531-0028_-3,"['SNR: -3']"
226-131533-0006_1,"['SNR: 1']"
2136-5140-0035_-14,"['SNR: -14']"
26-495-0012_3,"['SNR: 3']"
3664-178366-0023_4,"['SNR: 4']"
403-216-0001_-12,"['SNR: -12']"
669-129061-0076_-14,"['SNR: -14']"
909-131041-0018_10,"['SNR: 10']"
7148-59157-0026_-1,"['SNR: -1']"
2159-179157-0004_-6,"['SNR: -6']"
7635-105661-0015_-9,"['SNR: -9']"
2289-152253-0021_-13,"['SNR: -13']"
6385-220959-0002_-10,"['SNR: -10']"
481-123720-0074_-3,"['SNR: -3']"
7635-105409-0037_-1,"['SNR: -1']"
5393-19219-0027_5,"['SNR: 5']"
229-130880-0034_5,"['SNR: 5']"
426-122821-0016_-11,"['SNR: -11']"
1081-125237-0110_1,"['SNR: 1']"
125-121124-0012_7,"['SNR: 7']"
8770-295462-0024_-15,"['SNR: -15']"
7078-271888-0025_9,"['SNR: 9']"
4830-25904-0040_-6,"['SNR: -6']"
445-123857-0030_-5,"['SNR: -5']"
7113-86041-0018_-3,"['SNR: -3']"
3214-167602-0028_-14,"['SNR: -14']"
6081-41997-0024_3,"['SNR: 3']"
2518-154826-0023_-4,"['SNR: -4']"
887-123290-0021_-12,"['SNR: -12']"
6064-56168-0005_-13,"['SNR: -13']"
4195-186238-0021_10,"['SNR: 10']"
6078-54007-0021_4,"['SNR: 4']"
403-126855-0025_6,"['SNR: 6']"
7302-86814-0044_3,"['SNR: 3']"
6064-56168-0009_0,"['SNR: 0']"
5514-19193-0006_-15,"['SNR: -15']"
1098-133695-0003_-10,"['SNR: -10']"
6531-61334-0114_-11,"['SNR: -11']"
403-128339-0027_-13,"['SNR: -13']"
226-122538-0033_1,"['SNR: 1']"
3242-8112-0032_-13,"['SNR: -13']"
2136-5143-0031_6,"['SNR: 6']"
6529-62554-0037_-4,"['SNR: -4']"
8838-298546-0042_-7,"['SNR: -7']"
1447-17506-0030_-13,"['SNR: -13']"
5688-41232-0006_-3,"['SNR: -3']"
8609-283227-0020_-2,"['SNR: -2']"
1970-10594-0028_-7,"['SNR: -7']"
2518-154825-0019_-10,"['SNR: -10']"
5192-19397-0053_-1,"['SNR: -1']"
1553-140047-0019_-13,"['SNR: -13']"
3242-67153-0008_2,"['SNR: 2']"
7059-88364-0003_5,"['SNR: 5']"
5339-14134-0000_10,"['SNR: 10']"
1081-125237-0042_2,"['SNR: 2']"
5022-29405-0011_-1,"['SNR: -1']"
4898-20016-0021_-8,"['SNR: -8']"
6367-74004-0034_-6,"['SNR: -6']"
3259-158083-0034_-13,"['SNR: -13']"
3235-11599-0000_-15,"['SNR: -15']"
1069-133699-0044_-6,"['SNR: -6']"
8063-274112-0035_0,"['SNR: 0']"
6848-76049-0013_8,"['SNR: 8']"
6147-34605-0028_0,"['SNR: 0']"
426-122819-0019_1,"['SNR: 1']"
8238-274553-0031_-15,"['SNR: -15']"
6209-34600-0003_-10,"['SNR: -10']"
7780-274562-0018_4,"['SNR: 4']"
2518-154826-0000_-11,"['SNR: -11']"
374-180299-0009_2,"['SNR: 2']"
460-172359-0058_-9,"['SNR: -9']"
5192-19397-0018_0,"['SNR: 0']"
446-123501-0015_-2,"['SNR: -2']"
669-129061-0028_5,"['SNR: 5']"
201-122255-0035_-3,"['SNR: -3']"
298-126790-0016_10,"['SNR: 10']"
1355-39947-0002_-9,"['SNR: -9']"
8014-112586-0017_7,"['SNR: 7']"
2817-142371-0049_5,"['SNR: 5']"
3374-298026-0035_3,"['SNR: 3']"
4018-107338-0014_-10,"['SNR: -10']"
426-122819-0008_-3,"['SNR: -3']"
250-140277-0008_6,"['SNR: 6']"
7059-88364-0017_4,"['SNR: 4']"
3242-8112-0019_6,"['SNR: 6']"
374-180298-0025_4,"['SNR: 4']"
6367-65536-0009_2,"['SNR: 2']"
2136-5143-0023_-8,"['SNR: -8']"
1926-143879-0024_1,"['SNR: 1']"
1898-145715-0029_-9,"['SNR: -9']"
730-360-0009_-3,"['SNR: -3']"
8108-274318-0018_-13,"['SNR: -13']"
196-122152-0027_10,"['SNR: 10']"
2911-7601-0040_-10,"['SNR: -10']"
307-127540-0007_-4,"['SNR: -4']"
1334-135589-0105_3,"['SNR: 3']"
4051-11218-0021_-4,"['SNR: -4']"
2136-5147-0031_-1,"['SNR: -1']"
1594-135914-0100_-8,"['SNR: -8']"
8238-283452-0023_-6,"['SNR: -6']"
7859-102519-0037_-4,"['SNR: -4']"
1088-134315-0004_8,"['SNR: 8']"
1098-133695-0014_-10,"['SNR: -10']"
302-123516-0018_-15,"['SNR: -15']"
248-130652-0011_-5,"['SNR: -5']"
6415-116629-0004_-13,"['SNR: -13']"
8238-274553-0022_-7,"['SNR: -7']"
2764-36617-0034_-8,"['SNR: -8']"
87-121553-0041_2,"['SNR: 2']"
8468-295198-0032_9,"['SNR: 9']"
7190-90542-0031_-4,"['SNR: -4']"
5049-25947-0117_-14,"['SNR: -14']"
5022-29405-0013_9,"['SNR: 9']"
831-130746-0005_-8,"['SNR: -8']"
3857-182315-0010_0,"['SNR: 0']"
7794-295947-0040_-10,"['SNR: -10']"
250-142286-0032_9,"['SNR: 9']"
7447-91186-0012_7,"['SNR: 7']"
8747-293952-0012_4,"['SNR: 4']"
4340-15220-0074_7,"['SNR: 7']"
5789-70653-0035_5,"['SNR: 5']"
4640-19189-0021_-13,"['SNR: -13']"
322-124147-0037_5,"['SNR: 5']"
8226-274369-0016_5,"['SNR: 5']"
5339-14134-0076_9,"['SNR: 9']"
2159-179154-0012_-2,"['SNR: -2']"
7190-90542-0066_-12,"['SNR: -12']"
3240-131232-0031_2,"['SNR: 2']"
7447-91186-0023_-5,"['SNR: -5']"
5867-48852-0018_8,"['SNR: 8']"
4853-29413-0013_-2,"['SNR: -2']"
5022-29405-0016_-10,"['SNR: -10']"
40-222-0043_-9,"['SNR: -9']"
4014-186175-0015_-11,"['SNR: -11']"
4051-11218-0044_4,"['SNR: 4']"
6000-55211-0034_-15,"['SNR: -15']"
3436-172162-0042_4,"['SNR: 4']"
3723-171631-0043_-3,"['SNR: -3']"
5104-33406-0044_-14,"['SNR: -14']"
5688-15787-0031_-5,"['SNR: -5']"
3259-158083-0120_-9,"['SNR: -9']"
3112-9555-0028_-11,"['SNR: -11']"
254-27760-0019_-14,"['SNR: -14']"
3214-167606-0002_-11,"['SNR: -11']"
8095-274345-0004_-7,"['SNR: -7']"
211-122442-0005_-4,"['SNR: -4']"
250-142276-0032_-7,"['SNR: -7']"
6272-70191-0025_7,"['SNR: 7']"
8468-294887-0015_6,"['SNR: 6']"
1502-122619-0007_8,"['SNR: 8']"
6209-34600-0031_-8,"['SNR: -8']"
27-123349-0010_-11,"['SNR: -11']"
7859-102518-0024_2,"['SNR: 2']"
7148-59157-0031_-2,"['SNR: -2']"
201-122255-0030_-9,"['SNR: -9']"
4267-78186-0033_-14,"['SNR: -14']"
3168-173565-0020_10,"['SNR: 10']"
5049-25947-0110_7,"['SNR: 7']"
322-124147-0025_-13,"['SNR: -13']"
5808-54425-0003_-3,"['SNR: -3']"
7505-258958-0022_-3,"['SNR: -3']"
2843-152918-0115_-5,"['SNR: -5']"
40-222-0020_-4,"['SNR: -4']"
26-495-0036_-9,"['SNR: -9']"
3607-135982-0034_6,"['SNR: 6']"
4195-186237-0026_2,"['SNR: 2']"
1246-124548-0048_-3,"['SNR: -3']"
625-132112-0038_8,"['SNR: 8']"
60-121082-0073_9,"['SNR: 9']"
7402-90848-0040_-4,"['SNR: -4']"
7447-91187-0003_-2,"['SNR: -2']"
1841-179183-0019_9,"['SNR: 9']"
8312-279791-0004_-5,"['SNR: -5']"
5390-24512-0040_-6,"['SNR: -6']"
307-127535-0030_2,"['SNR: 2']"
8838-298545-0006_8,"['SNR: 8']"
211-122425-0044_8,"['SNR: 8']"
6000-55211-0061_-8,"['SNR: -8']"
3982-178459-0007_9,"['SNR: 9']"
5808-48608-0046_5,"['SNR: 5']"
7517-100442-0015_-7,"['SNR: -7']"
3857-182315-0033_-11,"['SNR: -11']"
1926-143879-0013_-8,"['SNR: -8']"
4406-16883-0054_2,"['SNR: 2']"
8975-270782-0113_-9,"['SNR: -9']"
8425-246962-0009_-12,"['SNR: -12']"
78-369-0020_-9,"['SNR: -9']"
254-12312-0002_-12,"['SNR: -12']"
5688-15787-0013_-4,"['SNR: -4']"
3168-173565-0015_3,"['SNR: 3']"
2989-138035-0031_6,"['SNR: 6']"
3240-131231-0058_-6,"['SNR: -6']"
3374-298032-0012_-10,"['SNR: -10']"
4297-13009-0029_-9,"['SNR: -9']"
4859-29340-0008_8,"['SNR: 8']"
4680-16041-0028_-15,"['SNR: -15']"
248-130697-0007_-5,"['SNR: -5']"
4088-158079-0001_-12,"['SNR: -12']"
1116-132847-0034_10,"['SNR: 10']"
27-124992-0003_-6,"['SNR: -6']"
481-123720-0080_-4,"['SNR: -4']"
4813-248638-0004_-9,"['SNR: -9']"
4018-107338-0000_-14,"['SNR: -14']"
839-130898-0003_0,"['SNR: 0']"
3830-12530-0013_2,"['SNR: 2']"
1069-133709-0005_5,"['SNR: 5']"
1963-147036-0005_-2,"['SNR: -2']"
3436-172171-0065_8,"['SNR: 8']"
1926-147987-0010_-10,"['SNR: -10']"
1363-135842-0002_2,"['SNR: 2']"
1363-135842-0010_-11,"['SNR: -11']"
446-123501-0038_-14,"['SNR: -14']"
1502-122615-0017_-1,"['SNR: -1']"
2836-5354-0008_2,"['SNR: 2']"
2289-152257-0021_2,"['SNR: 2']"
3723-171115-0056_-3,"['SNR: -3']"
4441-76262-0004_7,"['SNR: 7']"
3240-131232-0004_10,"['SNR: 10']"
233-134440-0024_-6,"['SNR: -6']"
4859-29340-0034_10,"['SNR: 10']"
5750-100289-0044_10,"['SNR: 10']"
4014-186179-0020_-13,"['SNR: -13']"
163-122947-0004_-13,"['SNR: -13']"
4195-17507-0030_-3,"['SNR: -3']"
4406-16883-0058_-1,"['SNR: -1']"
27-123349-0009_-15,"['SNR: -15']"
7067-76048-0029_-2,"['SNR: -2']"
200-124139-0013_-5,"['SNR: -5']"
196-122152-0009_6,"['SNR: 6']"
5393-19219-0010_-13,"['SNR: -13']"
7178-34644-0046_-5,"['SNR: -5']"
248-130644-0029_-13,"['SNR: -13']"
481-123720-0011_-4,"['SNR: -4']"
374-180298-0057_8,"['SNR: 8']"
32-21634-0001_10,"['SNR: 10']"
332-128985-0024_-8,"['SNR: -8']"
7226-86964-0046_8,"['SNR: 8']"
669-129074-0015_-1,"['SNR: -1']"
7517-100442-0022_-1,"['SNR: -1']"
211-122425-0039_-13,"['SNR: -13']"
2691-156755-0029_-15,"['SNR: -15']"
8088-284756-0075_-15,"['SNR: -15']"
5104-33406-0031_-1,"['SNR: -1']"
441-128988-0017_8,"['SNR: 8']"
1624-142933-0027_9,"['SNR: 9']"
1263-138246-0034_-6,"['SNR: -6']"
412-126975-0041_-14,"['SNR: -14']"
3440-171006-0017_8,"['SNR: 8']"
2910-131096-0092_-15,"['SNR: -15']"
5049-25947-0114_-9,"['SNR: -9']"
1723-141149-0045_7,"['SNR: 7']"
8580-287363-0014_8,"['SNR: 8']"
6272-70168-0031_1,"['SNR: 1']"
211-122442-0076_-6,"['SNR: -6']"
7059-77900-0032_-15,"['SNR: -15']"
5867-48852-0019_-3,"['SNR: -3']"
3983-5331-0035_1,"['SNR: 1']"
6529-62556-0025_2,"['SNR: 2']"
233-134440-0025_10,"['SNR: 10']"
6385-34655-0021_-12,"['SNR: -12']"
2911-15084-0004_-12,"['SNR: -12']"
248-130644-0027_7,"['SNR: 7']"
311-124404-0013_5,"['SNR: 5']"
7367-86737-0016_9,"['SNR: 9']"
3983-5371-0016_10,"['SNR: 10']"
3374-298032-0036_-4,"['SNR: -4']"
3699-19401-0001_-9,"['SNR: -9']"
7067-76047-0033_0,"['SNR: 0']"
2518-154826-0019_4,"['SNR: 4']"
8465-246947-0017_-15,"['SNR: -15']"
8226-274369-0015_10,"['SNR: 10']"
1737-148989-0014_-9,"['SNR: -9']"
730-358-0050_-8,"['SNR: -8']"
3723-171115-0057_2,"['SNR: 2']"
2817-142371-0056_-8,"['SNR: -8']"
2989-138028-0002_-6,"['SNR: -6']"
3240-131231-0034_-10,"['SNR: -10']"
211-122442-0020_-7,"['SNR: -7']"
730-360-0003_-5,"['SNR: -5']"
6880-216547-0110_-14,"['SNR: -14']"
7078-271888-0047_-8,"['SNR: -8']"
6454-120342-0017_-9,"['SNR: -9']"
3723-171115-0010_-10,"['SNR: -10']"
6209-34601-0029_4,"['SNR: 4']"
5022-29411-0009_-5,"['SNR: -5']"
1263-139804-0019_10,"['SNR: 10']"
6147-34605-0007_0,"['SNR: 0']"
7635-105661-0001_-9,"['SNR: -9']"
3440-171009-0010_8,"['SNR: 8']"
8580-287363-0007_-13,"['SNR: -13']"
839-130898-0034_-7,"['SNR: -7']"
587-54108-0024_4,"['SNR: 4']"
7278-104730-0024_-7,"['SNR: -7']"
250-140277-0000_4,"['SNR: 4']"
6925-80680-0077_3,"['SNR: 3']"
3440-171006-0004_-6,"['SNR: -6']"
8063-274115-0025_6,"['SNR: 6']"
4680-16042-0026_-9,"['SNR: -9']"
5463-39174-0045_-13,"['SNR: -13']"
125-121124-0054_2,"['SNR: 2']"
4481-17499-0008_-8,"['SNR: -8']"
4640-19189-0011_-3,"['SNR: -3']"
7794-295948-0020_-12,"['SNR: -12']"
1867-154071-0016_-10,"['SNR: -10']"
2289-152253-0005_4,"['SNR: 4']"
211-122442-0047_-6,"['SNR: -6']"
211-122425-0054_5,"['SNR: 5']"
696-92939-0008_7,"['SNR: 7']"
4195-186238-0026_-12,"['SNR: -12']"
4362-15663-0037_-4,"['SNR: -4']"
8088-284756-0091_-13,"['SNR: -13']"
3240-131231-0045_5,"['SNR: 5']"
7190-90542-0006_-15,"['SNR: -15']"
87-121553-0017_-13,"['SNR: -13']"
211-122425-0016_-5,"['SNR: -5']"
118-124588-0009_-6,"['SNR: -6']"
8238-274553-0067_-10,"['SNR: -10']"
2159-179157-0027_-15,"['SNR: -15']"
7780-274562-0049_-8,"['SNR: -8']"
8609-283227-0028_-13,"['SNR: -13']"
201-127786-0072_3,"['SNR: 3']"
8747-293952-0034_10,"['SNR: 10']"
4137-11702-0040_-8,"['SNR: -8']"
4859-29340-0027_10,"['SNR: 10']"
322-124147-0042_8,"['SNR: 8']"
3235-28452-0004_7,"['SNR: 7']"
254-27760-0005_7,"['SNR: 7']"
87-121553-0085_7,"['SNR: 7']"
1624-168623-0011_-11,"['SNR: -11']"
5104-33407-0044_-12,"['SNR: -12']"
1502-122619-0045_-6,"['SNR: -6']"
412-126975-0093_-11,"['SNR: -11']"
5339-14133-0046_4,"['SNR: 4']"
6880-216547-0055_2,"['SNR: 2']"
1841-159771-0030_10,"['SNR: 10']"
5022-29411-0033_4,"['SNR: 4']"
5789-57158-0029_-4,"['SNR: -4']"
6209-34599-0008_3,"['SNR: 3']"
3664-178366-0017_3,"['SNR: 3']"
458-126305-0035_-3,"['SNR: -3']"
3879-174923-0014_-3,"['SNR: -3']"
405-130895-0015_2,"['SNR: 2']"
831-130739-0009_-1,"['SNR: -1']"
2817-142380-0039_-8,"['SNR: -8']"
4830-25904-0018_4,"['SNR: 4']"
3374-298025-0000_-12,"['SNR: -12']"
2182-181173-0006_2,"['SNR: 2']"
2136-5147-0010_10,"['SNR: 10']"
446-123502-0002_4,"['SNR: 4']"
4195-186238-0024_2,"['SNR: 2']"
8088-284756-0112_6,"['SNR: 6']"
7264-92316-0027_4,"['SNR: 4']"
403-216-0008_10,"['SNR: 10']"
6147-34605-0021_-11,"['SNR: -11']"
7302-86815-0031_-13,"['SNR: -13']"
5514-19192-0029_-12,"['SNR: -12']"
4853-27671-0030_2,"['SNR: 2']"
2518-154826-0011_3,"['SNR: 3']"
332-128985-0060_7,"['SNR: 7']"
8108-274318-0029_-7,"['SNR: -7']"
2182-181173-0003_-2,"['SNR: -2']"
6415-116629-0019_-12,"['SNR: -12']"
2893-139310-0035_-9,"['SNR: -9']"
5393-19219-0013_-13,"['SNR: -13']"
19-227-0009_-6,"['SNR: -6']"
2196-170151-0022_-1,"['SNR: -1']"
7302-86814-0035_6,"['SNR: 6']"
5867-48852-0057_4,"['SNR: 4']"
6476-57446-0007_6,"['SNR: 6']"
83-3054-0005_2,"['SNR: 2']"
8238-274553-0052_-14,"['SNR: -14']"
4441-76263-0011_8,"['SNR: 8']"
26-496-0021_3,"['SNR: 3']"
7367-86737-0104_-7,"['SNR: -7']"
1743-142914-0004_3,"['SNR: 3']"
3168-173564-0030_-6,"['SNR: -6']"
5322-7680-0027_-12,"['SNR: -12']"
200-124139-0030_9,"['SNR: 9']"
7367-86737-0043_5,"['SNR: 5']"
2514-149482-0058_7,"['SNR: 7']"
2691-156755-0032_8,"['SNR: 8']"
1183-128659-0015_-11,"['SNR: -11']"
5808-48608-0002_-5,"['SNR: -5']"
3214-167606-0021_-4,"['SNR: -4']"
4441-76263-0003_7,"['SNR: 7']"
1116-132851-0001_9,"['SNR: 9']"
1898-145724-0011_-15,"['SNR: -15']"
8465-246943-0023_1,"['SNR: 1']"
8425-246962-0026_-10,"['SNR: -10']"
103-1241-0025_-8,"['SNR: -8']"
1578-140049-0009_-12,"['SNR: -12']"
233-134440-0053_0,"['SNR: 0']"
150-132655-0021_6,"['SNR: 6']"
5789-57195-0027_-1,"['SNR: -1']"
3807-4955-0017_-10,"['SNR: -10']"
2136-5140-0012_7,"['SNR: 7']"
1263-138246-0025_-3,"['SNR: -3']"
6454-107462-0027_-1,"['SNR: -1']"
4051-11218-0019_-1,"['SNR: -1']"
7367-86737-0107_-12,"['SNR: -12']"
7278-246956-0025_9,"['SNR: 9']"
481-123719-0004_-4,"['SNR: -4']"
6078-54013-0062_-3,"['SNR: -3']"
3240-131231-0019_8,"['SNR: 8']"
1263-141777-0009_0,"['SNR: 0']"
118-47824-0030_0,"['SNR: 0']"
19-227-0017_-9,"['SNR: -9']"
2007-132570-0004_-2,"['SNR: -2']"
6147-34607-0014_-6,"['SNR: -6']"
8108-280359-0011_9,"['SNR: 9']"
1594-135914-0080_-5,"['SNR: -5']"
118-121721-0018_-15,"['SNR: -15']"
5789-70653-0030_-13,"['SNR: -13']"
250-142276-0054_2,"['SNR: 2']"
5456-62043-0025_-9,"['SNR: -9']"
2136-5143-0005_-2,"['SNR: -2']"
6147-34605-0029_2,"['SNR: 2']"
5808-48608-0055_-14,"['SNR: -14']"
8465-246943-0010_-5,"['SNR: -5']"
1737-142397-0017_-2,"['SNR: -2']"
2691-156750-0017_-7,"['SNR: -7']"
3486-166424-0022_-12,"['SNR: -12']"
2007-132570-0028_9,"['SNR: 9']"
311-124404-0063_-5,"['SNR: -5']"
298-126790-0039_10,"['SNR: 10']"
39-121914-0007_-15,"['SNR: -15']"
6081-41998-0043_-4,"['SNR: -4']"
4406-16883-0041_10,"['SNR: 10']"
5678-43302-0002_-15,"['SNR: -15']"
6415-100596-0007_5,"['SNR: 5']"
254-27760-0024_5,"['SNR: 5']"
5339-14134-0049_2,"['SNR: 2']"
87-121553-0040_-14,"['SNR: -14']"
6880-216547-0076_-5,"['SNR: -5']"
7402-59171-0040_2,"['SNR: 2']"
1246-124550-0031_1,"['SNR: 1']"
201-127786-0059_-3,"['SNR: -3']"
6454-93938-0012_10,"['SNR: 10']"
6081-41998-0032_-1,"['SNR: -1']"
6147-34607-0000_10,"['SNR: 10']"
8838-298545-0025_-5,"['SNR: -5']"
3983-5371-0023_2,"['SNR: 2']"
1502-122615-0019_-11,"['SNR: -11']"
5192-19396-0005_6,"['SNR: 6']"
3240-131231-0078_1,"['SNR: 1']"
8630-305212-0029_-9,"['SNR: -9']"
6529-62554-0008_-9,"['SNR: -9']"
1363-135842-0022_7,"['SNR: 7']"
5339-14134-0073_-6,"['SNR: -6']"
89-218-0011_1,"['SNR: 1']"
19-227-0038_-12,"['SNR: -12']"
730-358-0006_-13,"['SNR: -13']"
1624-168623-0018_-6,"['SNR: -6']"
118-47824-0064_-7,"['SNR: -7']"
909-131045-0026_-11,"['SNR: -11']"
4051-11217-0008_6,"['SNR: 6']"
8238-274553-0048_-6,"['SNR: -6']"
8580-287363-0024_3,"['SNR: 3']"
8123-275216-0001_-11,"['SNR: -11']"
6181-216552-0020_-8,"['SNR: -8']"
8088-284756-0077_-15,"['SNR: -15']"
6081-41997-0009_-15,"['SNR: -15']"
6848-76049-0025_1,"['SNR: 1']"
3879-174923-0030_3,"['SNR: 3']"
4051-11218-0039_10,"['SNR: 10']"
125-121124-0017_-14,"['SNR: -14']"
3486-166446-0005_-8,"['SNR: -8']"
6476-57446-0021_4,"['SNR: 4']"
2092-145706-0012_2,"['SNR: 2']"
1081-125237-0113_8,"['SNR: 8']"
311-124404-0010_4,"['SNR: 4']"
322-124146-0009_4,"['SNR: 4']"
1578-6379-0022_0,"['SNR: 0']"
2092-145706-0055_-3,"['SNR: -3']"
911-130578-0011_6,"['SNR: 6']"
1235-135884-0024_-1,"['SNR: -1']"
1867-148436-0020_-12,"['SNR: -12']"
5789-57158-0009_-11,"['SNR: -11']"
196-122150-0035_-3,"['SNR: -3']"
1034-121119-0091_-9,"['SNR: -9']"
7505-258958-0018_-11,"['SNR: -11']"
7517-100429-0023_4,"['SNR: 4']"
211-122425-0033_2,"['SNR: 2']"
229-130880-0035_-13,"['SNR: -13']"
7178-34645-0029_-10,"['SNR: -10']"
5789-70653-0007_0,"['SNR: 0']"
3526-176653-0053_4,"['SNR: 4']"
7447-91187-0016_10,"['SNR: 10']"
3259-158083-0035_-11,"['SNR: -11']"
460-172359-0099_10,"['SNR: 10']"
8629-261139-0030_-13,"['SNR: -13']"
4680-16041-0035_10,"['SNR: 10']"
8425-291444-0012_-9,"['SNR: -9']"
4340-15220-0093_-4,"['SNR: -4']"
4830-25904-0021_-4,"['SNR: -4']"
103-1240-0049_9,"['SNR: 9']"
1898-145715-0045_-9,"['SNR: -9']"
887-123291-0034_-3,"['SNR: -3']"
8226-274369-0028_-14,"['SNR: -14']"
4214-7146-0065_-5,"['SNR: -5']"
198-129977-0021_-12,"['SNR: -12']"
1235-135884-0015_3,"['SNR: 3']"
254-145458-0017_-10,"['SNR: -10']"
248-130697-0003_1,"['SNR: 1']"
8088-284756-0047_5,"['SNR: 5']"
1926-143879-0046_3,"['SNR: 3']"
60-121082-0083_-3,"['SNR: -3']"
5778-12761-0020_6,"['SNR: 6']"
4640-19187-0030_-15,"['SNR: -15']"
200-124139-0006_-3,"['SNR: -3']"
8770-295465-0015_1,"['SNR: 1']"
2007-132570-0055_-13,"['SNR: -13']"
6437-66173-0026_-4,"['SNR: -4']"
7278-91083-0021_3,"['SNR: 3']"
8975-270782-0079_-13,"['SNR: -13']"
1334-135589-0069_-2,"['SNR: -2']"
6019-3185-0108_-1,"['SNR: -1']"
4018-107312-0037_-7,"['SNR: -7']"
5688-41232-0073_1,"['SNR: 1']"
3440-171006-0010_-15,"['SNR: -15']"
2911-7601-0035_-1,"['SNR: -1']"
7148-59157-0007_7,"['SNR: 7']"
3112-9555-0079_6,"['SNR: 6']"
8324-286683-0029_8,"['SNR: 8']"
8629-261140-0016_0,"['SNR: 0']"
481-123720-0049_-6,"['SNR: -6']"
7402-59171-0039_-8,"['SNR: -8']"
2182-181173-0015_5,"['SNR: 5']"
8324-286682-0045_5,"['SNR: 5']"
7148-7763-0006_10,"['SNR: 10']"
8770-295462-0019_-2,"['SNR: -2']"
8095-274346-0002_-11,"['SNR: -11']"
311-124404-0011_-11,"['SNR: -11']"
4160-11550-0034_8,"['SNR: 8']"
3242-67168-0024_10,"['SNR: 10']"
1743-142913-0006_3,"['SNR: 3']"
8123-275193-0027_-9,"['SNR: -9']"
2910-131096-0087_3,"['SNR: 3']"
5163-18515-0034_1,"['SNR: 1']"
254-127705-0011_-11,"['SNR: -11']"
1246-124550-0033_7,"['SNR: 7']"
89-218-0023_9,"['SNR: 9']"
3807-4923-0029_-11,"['SNR: -11']"
2007-149877-0030_3,"['SNR: 3']"
4088-158077-0042_-9,"['SNR: -9']"
3723-171115-0055_9,"['SNR: 9']"
118-47824-0031_-8,"['SNR: -8']"
8108-280359-0004_-10,"['SNR: -10']"
8108-280359-0001_9,"['SNR: 9']"
7190-90542-0063_2,"['SNR: 2']"
6019-3185-0041_10,"['SNR: 10']"
7302-86815-0028_-15,"['SNR: -15']"
7190-90542-0007_-12,"['SNR: -12']"
405-130894-0026_-11,"['SNR: -11']"
1963-142393-0041_-8,"['SNR: -8']"
4088-158077-0005_5,"['SNR: 5']"
8580-287363-0013_-14,"['SNR: -14']"
2514-149482-0011_4,"['SNR: 4']"
307-127540-0022_-15,"['SNR: -15']"
5703-47212-0038_9,"['SNR: 9']"
2159-179154-0009_-3,"['SNR: -3']"
2910-131096-0065_-4,"['SNR: -4']"
7511-102420-0011_-15,"['SNR: -15']"
5688-15787-0016_-5,"['SNR: -5']"
211-122425-0006_-13,"['SNR: -13']"
4267-72637-0008_-8,"['SNR: -8']"
8838-298545-0031_-13,"['SNR: -13']"
198-126831-0035_0,"['SNR: 0']"
1334-135589-0052_5,"['SNR: 5']"
27-123349-0051_-5,"['SNR: -5']"
4853-27670-0032_-13,"['SNR: -13']"
2514-149482-0061_9,"['SNR: 9']"
7078-271888-0063_-14,"['SNR: -14']"
1578-6379-0042_3,"['SNR: 3']"
200-124139-0033_7,"['SNR: 7']"
2384-152900-0058_8,"['SNR: 8']"
3983-5331-0037_4,"['SNR: 4']"
196-122152-0004_10,"['SNR: 10']"
3486-166424-0038_-11,"['SNR: -11']"
7148-7763-0021_0,"['SNR: 0']"
5393-19218-0013_2,"['SNR: 2']"
289-121652-0032_7,"['SNR: 7']"
4195-186237-0001_-7,"['SNR: -7']"
40-121026-0013_9,"['SNR: 9']"
226-131532-0000_7,"['SNR: 7']"
2836-5354-0005_-6,"['SNR: -6']"
7511-102420-0006_-7,"['SNR: -7']"
1081-125237-0033_10,"['SNR: 10']"
4813-248641-0013_-11,"['SNR: -11']"
7278-104730-0011_-2,"['SNR: -2']"
6064-56168-0018_-2,"['SNR: -2']"
3436-172162-0005_5,"['SNR: 5']"
328-129766-0098_5,"['SNR: 5']"
8419-286667-0026_-14,"['SNR: -14']"
1098-133695-0023_4,"['SNR: 4']"
1502-122619-0035_-6,"['SNR: -6']"
2391-145015-0114_8,"['SNR: 8']"
1040-133433-0063_-3,"['SNR: -3']"
87-121553-0038_7,"['SNR: 7']"
6000-55211-0023_-13,"['SNR: -13']"
6836-76549-0024_-1,"['SNR: -1']"
1970-10594-0000_9,"['SNR: 9']"
8014-112586-0013_-4,"['SNR: -4']"
5703-47212-0049_2,"['SNR: 2']"
1455-134435-0064_-11,"['SNR: -11']"
2518-154826-0002_-8,"['SNR: -8']"
1447-130550-0000_-13,"['SNR: -13']"
8797-294123-0048_-6,"['SNR: -6']"
3168-173564-0013_-3,"['SNR: -3']"
4813-248641-0041_8,"['SNR: 8']"
6064-56168-0027_-15,"['SNR: -15']"
7067-76047-0009_-11,"['SNR: -11']"
4195-17507-0025_9,"['SNR: 9']"
1841-150351-0016_-13,"['SNR: -13']"
696-93314-0004_0,"['SNR: 0']"
374-180298-0018_5,"['SNR: 5']"
3699-175950-0002_-5,"['SNR: -5']"
3947-13262-0016_6,"['SNR: 6']"
5339-14134-0013_-3,"['SNR: -3']"
3807-4923-0033_1,"['SNR: 1']"
909-131041-0015_2,"['SNR: 2']"
4680-16041-0040_7,"['SNR: 7']"
6081-42010-0002_-10,"['SNR: -10']"
8465-246943-0005_-4,"['SNR: -4']"
3830-12535-0027_-9,"['SNR: -9']"
311-124404-0006_1,"['SNR: 1']"
7059-77900-0015_5,"['SNR: 5']"
4214-7146-0034_-4,"['SNR: -4']"
1594-135914-0081_-12,"['SNR: -12']"
2518-154826-0016_-5,"['SNR: -5']"
39-121915-0001_-12,"['SNR: -12']"
40-222-0010_-4,"['SNR: -4']"
1235-135884-0026_-13,"['SNR: -13']"
1926-143879-0038_-13,"['SNR: -13']"
1926-147987-0000_9,"['SNR: 9']"
3240-131232-0017_7,"['SNR: 7']"
1737-142396-0005_4,"['SNR: 4']"
2893-139322-0015_-4,"['SNR: -4']"
6147-34606-0030_-14,"['SNR: -14']"
5163-39921-0045_10,"['SNR: 10']"
4898-28461-0050_1,"['SNR: 1']"
3235-11599-0007_3,"['SNR: 3']"
6415-100596-0002_2,"['SNR: 2']"
307-127539-0027_-10,"['SNR: -10']"
3240-131232-0007_-5,"['SNR: -5']"
2817-142380-0010_-13,"['SNR: -13']"
4859-26870-0010_-6,"['SNR: -6']"
298-126791-0018_-2,"['SNR: -2']"
1723-141149-0030_-3,"['SNR: -3']"
8747-293952-0046_-3,"['SNR: -3']"
89-219-0029_2,"['SNR: 2']"
7447-91187-0021_-4,"['SNR: -4']"
1246-124548-0005_7,"['SNR: 7']"
7059-77900-0027_-12,"['SNR: -12']"
625-132118-0001_-3,"['SNR: -3']"
7178-34644-0003_10,"['SNR: 10']"
625-132112-0000_4,"['SNR: 4']"
374-180298-0031_5,"['SNR: 5']"
3526-175658-0034_0,"['SNR: 0']"
5322-7680-0009_-5,"['SNR: -5']"
332-128985-0031_-14,"['SNR: -14']"
5652-19215-0024_-1,"['SNR: -1']"
831-130746-0006_2,"['SNR: 2']"
7190-90542-0076_10,"['SNR: 10']"
89-219-0027_9,"['SNR: 9']"
89-219-0016_-15,"['SNR: -15']"
32-21631-0019_-13,"['SNR: -13']"
201-127786-0004_6,"['SNR: 6']"
3112-9555-0053_-4,"['SNR: -4']"
4340-15220-0036_0,"['SNR: 0']"
6880-216547-0112_-6,"['SNR: -6']"
909-131044-0013_-4,"['SNR: -4']"
5561-39621-0036_7,"['SNR: 7']"
4640-19187-0032_0,"['SNR: 0']"
1334-135589-0098_-11,"['SNR: -11']"
4051-11217-0022_-7,"['SNR: -7']"
3857-182317-0031_3,"['SNR: 3']"
1992-141719-0001_-15,"['SNR: -15']"
1743-142913-0029_-7,"['SNR: -7']"
4214-7146-0046_2,"['SNR: 2']"
1898-145702-0012_-11,"['SNR: -11']"
211-122442-0022_-2,"['SNR: -2']"
8063-274115-0019_-4,"['SNR: -4']"
200-126784-0034_0,"['SNR: 0']"
5867-48852-0106_8,"['SNR: 8']"
4680-16041-0016_-14,"['SNR: -14']"
8630-305213-0014_-6,"['SNR: -6']"
1898-145715-0028_7,"['SNR: 7']"
27-124992-0045_1,"['SNR: 1']"
150-132655-0033_-4,"['SNR: -4']"
1594-135914-0028_-2,"['SNR: -2']"
2196-170379-0005_-4,"['SNR: -4']"
8975-270782-0073_-6,"['SNR: -6']"
1963-142393-0048_-7,"['SNR: -7']"
8063-274115-0004_-1,"['SNR: -1']"
26-495-0011_-11,"['SNR: -11']"
1363-135842-0009_6,"['SNR: 6']"
3486-166424-0023_-13,"['SNR: -13']"
4267-72637-0009_-9,"['SNR: -9']"
2691-156755-0022_2,"['SNR: 2']"
5678-43301-0014_7,"['SNR: 7']"
481-123719-0040_-5,"['SNR: -5']"
4830-25898-0004_8,"['SNR: 8']"
3526-176653-0042_4,"['SNR: 4']"
5867-48852-0033_8,"['SNR: 8']"
7511-102419-0049_-11,"['SNR: -11']"
1447-130552-0003_6,"['SNR: 6']"
7402-90848-0041_-5,"['SNR: -5']"
40-222-0066_-8,"['SNR: -8']"
211-122442-0073_-11,"['SNR: -11']"
7800-283478-0023_9,"['SNR: 9']"
5322-7678-0027_2,"['SNR: 2']"
412-126975-0006_1,"['SNR: 1']"
27-123349-0015_-12,"['SNR: -12']"
8108-280359-0013_-4,"['SNR: -4']"
5192-19397-0084_-4,"['SNR: -4']"
4160-11550-0018_3,"['SNR: 3']"
8629-261139-0037_-8,"['SNR: -8']"
8468-286673-0034_-3,"['SNR: -3']"
8014-112602-0033_4,"['SNR: 4']"
7447-91187-0065_-13,"['SNR: -13']"
3240-131232-0003_7,"['SNR: 7']"
1926-143879-0023_5,"['SNR: 5']"
2391-145015-0082_-15,"['SNR: -15']"
8629-261140-0043_-11,"['SNR: -11']"
311-124404-0115_-14,"['SNR: -14']"
226-131532-0017_1,"['SNR: 1']"
5750-35690-0016_6,"['SNR: 6']"
6147-34607-0035_-12,"['SNR: -12']"
196-122159-0007_5,"['SNR: 5']"
8063-274117-0026_3,"['SNR: 3']"
4051-10927-0004_10,"['SNR: 10']"
2843-152918-0097_-2,"['SNR: -2']"
3664-178366-0016_6,"['SNR: 6']"
7447-91187-0027_-3,"['SNR: -3']"
5789-57195-0034_0,"['SNR: 0']"
2764-36619-0020_-13,"['SNR: -13']"
1743-142914-0033_-8,"['SNR: -8']"
1263-138246-0013_10,"['SNR: 10']"
5049-25947-0096_-4,"['SNR: -4']"
412-126975-0010_-12,"['SNR: -12']"
7511-102420-0002_7,"['SNR: 7']"
7800-283493-0030_-14,"['SNR: -14']"
3168-173564-0010_4,"['SNR: 4']"
32-21631-0000_1,"['SNR: 1']"
3112-9554-0008_-6,"['SNR: -6']"
6880-216547-0077_0,"['SNR: 0']"
60-121082-0031_7,"['SNR: 7']"
6019-3185-0111_7,"['SNR: 7']"
2002-139469-0087_1,"['SNR: 1']"
8098-275181-0012_-14,"['SNR: -14']"
7178-34644-0070_-6,"['SNR: -6']"
200-124140-0014_-14,"['SNR: -14']"
5390-30102-0024_-8,"['SNR: -8']"
2952-407-0020_-9,"['SNR: -9']"
1246-124550-0005_-6,"['SNR: -6']"
8770-295465-0006_-10,"['SNR: -10']"
233-155990-0024_10,"['SNR: 10']"
8238-274553-0032_-12,"['SNR: -12']"
6848-76049-0011_-7,"['SNR: -7']"
2436-2481-0003_-2,"['SNR: -2']"
7511-102420-0014_-12,"['SNR: -12']"
8238-274553-0039_6,"['SNR: 6']"
6563-285357-0017_5,"['SNR: 5']"
3982-178459-0009_0,"['SNR: 0']"
8465-246947-0004_4,"['SNR: 4']"
7859-102519-0023_1,"['SNR: 1']"
412-126975-0063_8,"['SNR: 8']"
211-122425-0025_0,"['SNR: 0']"
8838-298545-0012_1,"['SNR: 1']"
5750-100289-0075_-12,"['SNR: -12']"
3982-178459-0052_3,"['SNR: 3']"
6563-63821-0004_-4,"['SNR: -4']"
198-126831-0050_2,"['SNR: 2']"
6367-65536-0066_-12,"['SNR: -12']"
669-129074-0013_-3,"['SNR: -3']"
412-126975-0069_-3,"['SNR: -3']"
5703-47212-0022_-8,"['SNR: -8']"
211-122442-0006_-15,"['SNR: -15']"
460-172359-0061_-13,"['SNR: -13']"
4788-91208-0006_-14,"['SNR: -14']"
6000-55211-0058_-15,"['SNR: -15']"
2843-152918-0080_-10,"['SNR: -10']"
6880-216547-0042_-9,"['SNR: -9']"
2952-410-0003_-7,"['SNR: -7']"
5561-41615-0032_9,"['SNR: 9']"
40-222-0058_-1,"['SNR: -1']"
3723-171631-0055_5,"['SNR: 5']"
2843-152918-0024_-9,"['SNR: -9']"
248-130644-0006_10,"['SNR: 10']"
5192-19397-0019_-6,"['SNR: -6']"
2518-154826-0050_-1,"['SNR: -1']"
26-495-0025_-12,"['SNR: -12']"
1743-142914-0017_-10,"['SNR: -10']"
2836-5355-0046_6,"['SNR: 6']"
441-128988-0023_-13,"['SNR: -13']"
2136-5140-0033_-1,"['SNR: -1']"
4160-14187-0004_10,"['SNR: 10']"
103-1240-0033_-6,"['SNR: -6']"
3240-131231-0015_8,"['SNR: 8']"
6019-3185-0035_3,"['SNR: 3']"
6836-61803-0020_-13,"['SNR: -13']"
5703-47212-0043_0,"['SNR: 0']"
7190-90542-0008_2,"['SNR: 2']"
831-130746-0055_0,"['SNR: 0']"
125-121124-0088_-8,"['SNR: -8']"
1502-122619-0084_0,"['SNR: 0']"
441-128988-0014_5,"['SNR: 5']"
4160-11550-0009_9,"['SNR: 9']"
8419-293473-0020_-11,"['SNR: -11']"
7447-91186-0025_-10,"['SNR: -10']"
1624-142933-0028_-14,"['SNR: -14']"
4088-158077-0052_-3,"['SNR: -3']"
211-122442-0028_-8,"['SNR: -8']"
6531-61334-0075_10,"['SNR: 10']"
8465-246943-0025_-2,"['SNR: -2']"
2518-154825-0049_-4,"['SNR: -4']"
696-92939-0036_-5,"['SNR: -5']"
7505-258964-0039_7,"['SNR: 7']"
2384-152900-0020_-13,"['SNR: -13']"
7859-102519-0030_10,"['SNR: 10']"
32-21634-0009_-3,"['SNR: -3']"
730-359-0009_-8,"['SNR: -8']"
6272-70171-0016_3,"['SNR: 3']"
8425-246962-0008_-15,"['SNR: -15']"
5514-19192-0024_4,"['SNR: 4']"
2002-139469-0071_2,"['SNR: 2']"
6078-54007-0031_-11,"['SNR: -11']"
2836-5355-0002_-8,"['SNR: -8']"
8238-283452-0020_-10,"['SNR: -10']"
4014-186179-0045_-9,"['SNR: -9']"
1926-147987-0026_-12,"['SNR: -12']"
8108-274318-0023_0,"['SNR: 0']"
248-130697-0033_5,"['SNR: 5']"
8747-293952-0054_-11,"['SNR: -11']"
196-122150-0024_-6,"['SNR: -6']"
8014-112602-0039_3,"['SNR: 3']"
5789-57195-0025_10,"['SNR: 10']"
6209-34600-0019_0,"['SNR: 0']"
5322-7680-0017_-7,"['SNR: -7']"
887-123291-0035_8,"['SNR: 8']"
405-130894-0058_-6,"['SNR: -6']"
5703-47212-0012_-4,"['SNR: -4']"
4160-14187-0026_-7,"['SNR: -7']"
7190-90542-0000_-14,"['SNR: -14']"
87-121553-0098_-9,"['SNR: -9']"
1867-154075-0026_-9,"['SNR: -9']"
1992-141719-0023_-10,"['SNR: -10']"
4340-15220-0006_-3,"['SNR: -3']"
83-3054-0010_2,"['SNR: 2']"
7511-102419-0034_-10,"['SNR: -10']"
2182-150130-0007_0,"['SNR: 0']"
3983-5371-0032_5,"['SNR: 5']"
89-219-0050_10,"['SNR: 10']"
2910-131096-0012_-1,"['SNR: -1']"
8468-294887-0010_-13,"['SNR: -13']"
8014-112602-0011_8,"['SNR: 8']"
5390-30096-0026_9,"['SNR: 9']"
4830-25898-0038_2,"['SNR: 2']"
7794-295955-0025_4,"['SNR: 4']"
8051-118101-0023_-3,"['SNR: -3']"
3879-174923-0010_-5,"['SNR: -5']"
1926-147979-0007_-15,"['SNR: -15']"
2416-152139-0072_-15,"['SNR: -15']"
8630-305212-0019_-7,"['SNR: -7']"
5652-19215-0012_-2,"['SNR: -2']"
8425-291444-0006_3,"['SNR: 3']"
460-172359-0089_-10,"['SNR: -10']"
6209-34600-0030_-1,"['SNR: -1']"
441-128982-0031_-10,"['SNR: -10']"
8063-274112-0033_-9,"['SNR: -9']"
5808-48608-0054_-6,"['SNR: -6']"
5192-19397-0068_6,"['SNR: 6']"
4160-11549-0038_-7,"['SNR: -7']"
211-122425-0020_-5,"['SNR: -5']"
5789-57158-0025_3,"['SNR: 3']"
6476-96661-0020_2,"['SNR: 2']"
7302-86815-0079_2,"['SNR: 2']"
1963-142393-0031_4,"['SNR: 4']"
4406-16882-0029_-12,"['SNR: -12']"
6367-65536-0015_-11,"['SNR: -11']"
3240-131231-0047_-1,"['SNR: -1']"
1970-26100-0027_-13,"['SNR: -13']"
5688-15787-0024_9,"['SNR: 9']"
8312-279791-0015_0,"['SNR: 0']"
374-180298-0053_8,"['SNR: 8']"
4160-11550-0005_8,"['SNR: 8']"
6385-34655-0030_-7,"['SNR: -7']"
8238-283452-0018_-1,"['SNR: -1']"
78-368-0005_1,"['SNR: 1']"
7302-86814-0002_-1,"['SNR: -1']"
328-129766-0065_6,"['SNR: 6']"
7148-59157-0041_-2,"['SNR: -2']"
6925-80680-0063_-15,"['SNR: -15']"
3947-13260-0029_8,"['SNR: 8']"
587-41611-0024_-11,"['SNR: -11']"
32-4137-0011_2,"['SNR: 2']"
374-180298-0039_4,"['SNR: 4']"
89-218-0018_3,"['SNR: 3']"
1447-130552-0024_-9,"['SNR: -9']"
405-130894-0042_-6,"['SNR: -6']"
5514-19193-0019_-7,"['SNR: -7']"
625-132118-0022_-13,"['SNR: -13']"
1447-130551-0031_-10,"['SNR: -10']"
7059-77900-0035_10,"['SNR: 10']"
8425-291444-0009_-13,"['SNR: -13']"
3259-158083-0019_-9,"['SNR: -9']"
7113-86041-0069_9,"['SNR: 9']"
4441-76250-0008_-7,"['SNR: -7']"
39-121916-0011_0,"['SNR: 0']"
7402-59171-0032_0,"['SNR: 0']"
4813-248638-0003_7,"['SNR: 7']"
5561-41616-0012_2,"['SNR: 2']"
1898-145702-0010_4,"['SNR: 4']"
7113-86041-0009_6,"['SNR: 6']"
4853-27670-0023_-1,"['SNR: -1']"
4788-294466-0019_-15,"['SNR: -15']"
4853-27671-0027_-8,"['SNR: -8']"
1069-133709-0045_-12,"['SNR: -12']"
8312-279791-0038_7,"['SNR: 7']"
7190-90543-0039_-7,"['SNR: -7']"
163-122947-0007_3,"['SNR: 3']"
125-121124-0067_1,"['SNR: 1']"
2514-149482-0004_5,"['SNR: 5']"
298-126791-0065_-14,"['SNR: -14']"
6181-216552-0024_-10,"['SNR: -10']"
5104-33406-0005_4,"['SNR: 4']"
887-123291-0010_8,"['SNR: 8']"
7078-271888-0003_-1,"['SNR: -1']"
696-92939-0002_-5,"['SNR: -5']"
7178-34644-0045_8,"['SNR: 8']"
311-124404-0083_2,"['SNR: 2']"
8312-279790-0005_-4,"['SNR: -4']"
4788-91208-0024_-7,"['SNR: -7']"
3112-9554-0017_-5,"['SNR: -5']"
1081-125237-0060_-6,"['SNR: -6']"
6818-76332-0024_-14,"['SNR: -14']"
6000-55211-0010_9,"['SNR: 9']"
3235-28433-0037_5,"['SNR: 5']"
211-122442-0015_-1,"['SNR: -1']"
625-132112-0024_-3,"['SNR: -3']"
1963-142393-0009_-13,"['SNR: -13']"
4195-186236-0023_3,"['SNR: 3']"
1334-135589-0082_5,"['SNR: 5']"
2843-152918-0035_-8,"['SNR: -8']"
911-128684-0067_0,"['SNR: 0']"
5688-41232-0021_-12,"['SNR: -12']"
1970-10594-0011_6,"['SNR: 6']"
254-127705-0022_-12,"['SNR: -12']"
26-495-0037_10,"['SNR: 10']"
2002-139469-0026_-11,"['SNR: -11']"
254-145458-0001_-12,"['SNR: -12']"
254-127705-0035_3,"['SNR: 3']"
6064-56165-0022_-4,"['SNR: -4']"
412-126975-0038_-6,"['SNR: -6']"
5393-19219-0007_4,"['SNR: 4']"
3240-131231-0002_-4,"['SNR: -4']"
446-123502-0004_-15,"['SNR: -15']"
1926-147979-0012_-12,"['SNR: -12']"
1502-122619-0037_6,"['SNR: 6']"
6880-216547-0003_-8,"['SNR: -8']"
2764-36617-0018_1,"['SNR: 1']"
2911-15045-0012_6,"['SNR: 6']"
307-127535-0026_-12,"['SNR: -12']"
5750-35690-0018_-1,"['SNR: -1']"
3857-182317-0010_5,"['SNR: 5']"
1963-142393-0008_-8,"['SNR: -8']"
2952-408-0000_2,"['SNR: 2']"
4340-15220-0062_9,"['SNR: 9']"
8312-279790-0012_-8,"['SNR: -8']"
6437-66173-0041_-3,"['SNR: -3']"
445-123857-0031_-11,"['SNR: -11']"
5867-48852-0107_9,"['SNR: 9']"
6000-86686-0005_-5,"['SNR: -5']"
2910-131096-0030_3,"['SNR: 3']"
1447-130552-0002_7,"['SNR: 7']"
6880-216547-0019_-12,"['SNR: -12']"
1334-135589-0099_2,"['SNR: 2']"
200-124139-0023_3,"['SNR: 3']"
2518-154826-0039_6,"['SNR: 6']"
8419-286676-0020_-4,"['SNR: -4']"
2952-407-0012_-14,"['SNR: -14']"
229-130880-0074_-7,"['SNR: -7']"
6081-41998-0036_-14,"['SNR: -14']"
625-132118-0017_6,"['SNR: 6']"
298-126791-0056_4,"['SNR: 4']"
6836-61803-0021_3,"['SNR: 3']"
3879-174923-0059_6,"['SNR: 6']"
8014-280382-0003_3,"['SNR: 3']"
6147-34605-0002_-9,"['SNR: -9']"
3112-9555-0021_-9,"['SNR: -9']"
40-222-0048_7,"['SNR: 7']"
2289-152257-0022_-4,"['SNR: -4']"
2514-149482-0023_-2,"['SNR: -2']"
4088-158077-0061_-4,"['SNR: -4']"
6437-66173-0050_8,"['SNR: 8']"
4788-94904-0003_7,"['SNR: 7']"
8095-274346-0009_-2,"['SNR: -2']"
3723-171631-0011_-15,"['SNR: -15']"
8226-274371-0047_-10,"['SNR: -10']"
5022-29405-0039_-15,"['SNR: -15']"
5393-19218-0040_-13,"['SNR: -13']"
1502-122619-0069_4,"['SNR: 4']"
2989-138035-0003_4,"['SNR: 4']"
2817-142380-0006_-6,"['SNR: -6']"
2817-142371-0048_4,"['SNR: 4']"
403-128339-0011_-10,"['SNR: -10']"
1040-133433-0034_-5,"['SNR: -5']"
3436-172162-0050_-3,"['SNR: -3']"
8063-274116-0040_9,"['SNR: 9']"
3723-171631-0032_6,"['SNR: 6']"
2136-5143-0018_-15,"['SNR: -15']"
3112-9554-0010_-8,"['SNR: -8']"
1624-142933-0009_-8,"['SNR: -8']"
7367-86737-0114_4,"['SNR: 4']"
4297-13006-0004_-13,"['SNR: -13']"
7447-91186-0015_-12,"['SNR: -12']"
5652-19215-0020_0,"['SNR: 0']"
248-130697-0014_-7,"['SNR: -7']"
2196-170379-0015_-7,"['SNR: -7']"
1624-142933-0012_7,"['SNR: 7']"
7780-274562-0103_-8,"['SNR: -8']"
6147-34607-0005_0,"['SNR: 0']"
911-128684-0063_-13,"['SNR: -13']"
1743-142912-0022_5,"['SNR: 5']"
7402-90848-0045_1,"['SNR: 1']"
4406-16882-0007_1,"['SNR: 1']"
2159-179154-0013_6,"['SNR: 6']"
1624-142933-0011_10,"['SNR: 10']"
6367-65536-0065_-6,"['SNR: -6']"
150-126112-0001_5,"['SNR: 5']"
2196-170151-0033_3,"['SNR: 3']"
5678-43302-0005_-12,"['SNR: -12']"
1088-129236-0016_-8,"['SNR: -8']"
8095-274346-0032_1,"['SNR: 1']"
6147-34605-0004_8,"['SNR: 8']"
5049-25947-0106_-10,"['SNR: -10']"
5678-43303-0022_4,"['SNR: 4']"
3699-19401-0013_-9,"['SNR: -9']"
446-123502-0027_7,"['SNR: 7']"
26-496-0023_-9,"['SNR: -9']"
1447-17506-0020_10,"['SNR: 10']"
3526-176653-0010_-6,"['SNR: -6']"
7302-86814-0016_2,"['SNR: 2']"
4481-17498-0035_-2,"['SNR: -2']"
696-93314-0045_-7,"['SNR: -7']"
8312-279791-0019_-13,"['SNR: -13']"
3112-9554-0007_0,"['SNR: 0']"
1455-134435-0005_-7,"['SNR: -7']"
1040-133433-0007_9,"['SNR: 9']"
302-123523-0033_-7,"['SNR: -7']"
7635-105409-0059_8,"['SNR: 8']"
4051-11218-0041_4,"['SNR: 4']"
2910-131096-0041_0,"['SNR: 0']"
2391-145015-0032_2,"['SNR: 2']"
4680-16026-0018_-8,"['SNR: -8']"
625-132112-0022_4,"['SNR: 4']"
6181-216552-0042_10,"['SNR: 10']"
229-130880-0006_-15,"['SNR: -15']"
4267-78186-0022_-14,"['SNR: -14']"
2436-2481-0026_-11,"['SNR: -11']"
1898-145724-0026_-2,"['SNR: -2']"
39-121914-0049_-9,"['SNR: -9']"
39-121916-0020_10,"['SNR: 10']"
4137-11701-0017_9,"['SNR: 9']"
4267-72637-0027_0,"['SNR: 0']"
2136-5147-0036_9,"['SNR: 9']"
4853-29413-0032_-12,"['SNR: -12']"
669-129061-0074_4,"['SNR: 4']"
6209-34599-0003_2,"['SNR: 2']"
8226-274369-0046_-1,"['SNR: -1']"
7780-274562-0055_3,"['SNR: 3']"
4051-10927-0012_-11,"['SNR: -11']"
7635-105409-0033_-12,"['SNR: -12']"
1502-122619-0058_-11,"['SNR: -11']"
1363-135842-0026_-13,"['SNR: -13']"
1246-124548-0047_-7,"['SNR: -7']"
4853-27670-0003_-1,"['SNR: -1']"
3699-47246-0015_-15,"['SNR: -15']"
4088-158077-0071_0,"['SNR: 0']"
6529-62554-0048_4,"['SNR: 4']"
4441-76263-0041_-1,"['SNR: -1']"
1502-122619-0070_8,"['SNR: 8']"
5322-7679-0033_8,"['SNR: 8']"
3699-175950-0019_-8,"['SNR: -8']"
458-126294-0010_5,"['SNR: 5']"
298-126790-0005_-4,"['SNR: -4']"
6000-55211-0052_-2,"['SNR: -2']"
2416-152139-0044_-12,"['SNR: -12']"
8838-298545-0040_0,"['SNR: 0']"
8465-246940-0011_8,"['SNR: 8']"
4830-25904-0027_9,"['SNR: 9']"
4137-11702-0047_8,"['SNR: 8']"
839-130898-0068_-10,"['SNR: -10']"
7800-283493-0001_2,"['SNR: 2']"
8425-246962-0003_-6,"['SNR: -6']"
8465-246942-0015_-7,"['SNR: -7']"
2910-131096-0064_-4,"['SNR: -4']"
374-180298-0064_-2,"['SNR: -2']"
1898-145715-0012_10,"['SNR: 10']"
2952-410-0031_9,"['SNR: 9']"
211-122425-0014_7,"['SNR: 7']"
3807-4955-0021_5,"['SNR: 5']"
7178-34645-0030_8,"['SNR: 8']"
254-127705-0015_4,"['SNR: 4']"
6272-70191-0012_2,"['SNR: 2']"
625-132118-0031_-12,"['SNR: -12']"
4640-19188-0039_-5,"['SNR: -5']"
8629-261139-0001_4,"['SNR: 4']"
6019-3185-0045_0,"['SNR: 0']"
7148-59157-0022_-15,"['SNR: -15']"
911-128684-0032_-2,"['SNR: -2']"
332-128985-0017_4,"['SNR: 4']"
7794-295948-0001_-4,"['SNR: -4']"
587-41611-0023_-8,"['SNR: -8']"
1098-133695-0084_-10,"['SNR: -10']"
5750-100289-0032_-6,"['SNR: -6']"
7367-86737-0007_3,"['SNR: 3']"
1841-150351-0031_-11,"['SNR: -11']"
5463-39174-0040_-5,"['SNR: -5']"
4898-28461-0020_-8,"['SNR: -8']"
7264-92316-0038_4,"['SNR: 4']"
7226-86964-0043_-13,"['SNR: -13']"
6272-70168-0018_8,"['SNR: 8']"
8425-287387-0015_3,"['SNR: 3']"
2384-152900-0007_9,"['SNR: 9']"
7178-34644-0012_-6,"['SNR: -6']"
1088-134318-0008_3,"['SNR: 3']"
7517-100429-0018_-13,"['SNR: -13']"
19-198-0000_8,"['SNR: 8']"
6454-107462-0001_-5,"['SNR: -5']"
7078-271888-0031_-8,"['SNR: -8']"
328-129766-0058_3,"['SNR: 3']"
2182-181173-0021_8,"['SNR: 8']"
1246-135815-0005_-7,"['SNR: -7']"
2989-138035-0048_-14,"['SNR: -14']"
426-122819-0020_-13,"['SNR: -13']"
7190-90543-0006_-10,"['SNR: -10']"
1246-124550-0024_7,"['SNR: 7']"
27-124992-0000_-7,"['SNR: -7']"
1069-133709-0046_-15,"['SNR: -15']"
226-131532-0018_-1,"['SNR: -1']"
3699-175950-0025_7,"['SNR: 7']"
8324-286682-0031_10,"['SNR: 10']"
1743-142914-0025_-2,"['SNR: -2']"
4680-16026-0023_0,"['SNR: 0']"
412-126975-0048_9,"['SNR: 9']"
1926-147979-0021_5,"['SNR: 5']"
8465-246943-0024_-10,"['SNR: -10']"
26-495-0078_4,"['SNR: 4']"
458-126294-0009_-10,"['SNR: -10']"
5339-14134-0070_9,"['SNR: 9']"
6272-70191-0002_-7,"['SNR: -7']"
1867-148436-0044_5,"['SNR: 5']"
40-222-0001_10,"['SNR: 10']"
8630-305212-0042_-11,"['SNR: -11']"
446-123501-0008_-15,"['SNR: -15']"
5750-100289-0023_0,"['SNR: 0']"
1841-179183-0005_-3,"['SNR: -3']"
1970-10594-0005_9,"['SNR: 9']"
3436-172171-0033_0,"['SNR: 0']"
8419-286676-0002_1,"['SNR: 1']"
6081-42010-0012_5,"['SNR: 5']"
445-123857-0000_-9,"['SNR: -9']"
1455-134435-0056_10,"['SNR: 10']"
7059-88364-0019_3,"['SNR: 3']"
831-130746-0049_-12,"['SNR: -12']"
6925-80680-0013_5,"['SNR: 5']"
6081-42010-0021_-15,"['SNR: -15']"
150-132655-0014_-10,"['SNR: -10']"
1970-26100-0031_1,"['SNR: 1']"
3807-4923-0003_-9,"['SNR: -9']"
5561-39621-0017_-13,"['SNR: -13']"
103-1241-0031_8,"['SNR: 8']"
2007-132570-0050_-14,"['SNR: -14']"
7178-34644-0031_4,"['SNR: 4']"
7078-271888-0088_8,"['SNR: 8']"
6925-80680-0081_-10,"['SNR: -10']"
8108-280354-0028_-11,"['SNR: -11']"
1737-146161-0001_2,"['SNR: 2']"
2002-139469-0075_7,"['SNR: 7']"
103-1241-0005_-3,"['SNR: -3']"
40-222-0015_5,"['SNR: 5']"
5339-14134-0001_8,"['SNR: 8']"
8063-274117-0019_7,"['SNR: 7']"
302-123523-0002_-14,"['SNR: -14']"
8838-298545-0049_-4,"['SNR: -4']"
6476-57446-0079_0,"['SNR: 0']"
3486-166424-0037_-7,"['SNR: -7']"
2764-36619-0030_8,"['SNR: 8']"
6064-300880-0022_-5,"['SNR: -5']"
2391-145015-0077_6,"['SNR: 6']"
441-130108-0003_-9,"['SNR: -9']"
3807-4923-0019_-10,"['SNR: -10']"
8419-286667-0029_1,"['SNR: 1']"
250-142286-0006_-3,"['SNR: -3']"
4680-16041-0018_7,"['SNR: 7']"
196-122159-0014_-10,"['SNR: -10']"
8226-274369-0013_9,"['SNR: 9']"
5049-25947-0122_5,"['SNR: 5']"
26-495-0070_-13,"['SNR: -13']"
6209-34600-0029_-11,"['SNR: -11']"
2391-145015-0008_-4,"['SNR: -4']"
5022-29411-0018_-12,"['SNR: -12']"
2391-145015-0003_10,"['SNR: 10']"
163-122947-0016_5,"['SNR: 5']"
1447-130552-0006_7,"['SNR: 7']"
7635-105409-0011_-14,"['SNR: -14']"
8580-287363-0018_-11,"['SNR: -11']"
7859-102518-0010_1,"['SNR: 1']"
887-123291-0033_4,"['SNR: 4']"
1970-26100-0005_8,"['SNR: 8']"
4830-25904-0037_-8,"['SNR: -8']"
5789-57158-0010_0,"['SNR: 0']"
2159-179157-0032_-11,"['SNR: -11']"
311-124404-0100_-2,"['SNR: -2']"
1926-147987-0009_-12,"['SNR: -12']"
669-129061-0032_-4,"['SNR: -4']"
39-121916-0009_-14,"['SNR: -14']"
3664-178355-0028_6,"['SNR: 6']"
7067-76047-0008_-8,"['SNR: -8']"
1081-125237-0112_-10,"['SNR: -10']"
3830-12531-0013_-8,"['SNR: -8']"
254-12312-0003_6,"['SNR: 6']"
2416-152139-0011_-13,"['SNR: -13']"
2836-5355-0052_-5,"['SNR: -5']"
5750-100289-0086_3,"['SNR: 3']"
1594-135914-0029_-11,"['SNR: -11']"
4018-103416-0009_3,"['SNR: 3']"
8108-280354-0021_-7,"['SNR: -7']"
6437-66173-0058_1,"['SNR: 1']"
7178-34645-0000_5,"['SNR: 5']"
8095-274346-0049_-2,"['SNR: -2']"
5322-7679-0034_0,"['SNR: 0']"
1841-159771-0035_-14,"['SNR: -14']"
8108-274318-0041_5,"['SNR: 5']"
2092-145706-0033_-7,"['SNR: -7']"
481-123720-0009_-11,"['SNR: -11']"
3607-135982-0027_-13,"['SNR: -13']"
8838-298545-0015_1,"['SNR: 1']"
1970-26100-0002_-3,"['SNR: -3']"
32-4137-0010_-12,"['SNR: -12']"
27-123349-0043_1,"['SNR: 1']"
198-209-0004_-9,"['SNR: -9']"
3235-28433-0043_-2,"['SNR: -2']"
1088-129236-0001_-13,"['SNR: -13']"
426-122821-0018_0,"['SNR: 0']"
8797-294123-0064_-10,"['SNR: -10']"
3374-298025-0012_7,"['SNR: 7']"
625-132112-0027_0,"['SNR: 0']"
2691-156750-0009_-3,"['SNR: -3']"
6415-111615-0035_7,"['SNR: 7']"
4680-16041-0007_-11,"['SNR: -11']"
118-47824-0063_-15,"['SNR: -15']"
1963-147036-0014_-10,"['SNR: -10']"
322-124146-0037_3,"['SNR: 3']"
332-128985-0086_-15,"['SNR: -15']"
2989-138028-0022_-13,"['SNR: -13']"
4214-7146-0022_-1,"['SNR: -1']"
5703-47198-0015_-1,"['SNR: -1']"
6019-3185-0105_-7,"['SNR: -7']"
1743-142912-0019_-15,"['SNR: -15']"
5104-33407-0006_-5,"['SNR: -5']"
19-227-0033_3,"['SNR: 3']"
3830-12535-0013_-13,"['SNR: -13']"
1737-142396-0023_-5,"['SNR: -5']"
3240-131231-0018_-7,"['SNR: -7']"
8095-274346-0051_-2,"['SNR: -2']"
4788-91208-0023_4,"['SNR: 4']"
3112-9555-0007_-3,"['SNR: -3']"
289-121652-0011_3,"['SNR: 3']"
5514-19193-0033_-7,"['SNR: -7']"
6529-62554-0027_4,"['SNR: 4']"
8797-294123-0089_-7,"['SNR: -7']"
3112-9555-0011_-11,"['SNR: -11']"
5104-33406-0017_-14,"['SNR: -14']"
6454-120342-0021_5,"['SNR: 5']"
4195-186237-0003_5,"['SNR: 5']"
7859-102519-0008_9,"['SNR: 9']"
730-358-0012_-1,"['SNR: -1']"
887-123289-0034_4,"['SNR: 4']"
7067-76048-0019_-2,"['SNR: -2']"
198-209-0006_-12,"['SNR: -12']"
40-121026-0025_-12,"['SNR: -12']"
6925-80680-0068_-6,"['SNR: -6']"
8123-275216-0003_1,"['SNR: 1']"
909-131045-0033_-1,"['SNR: -1']"
4137-11701-0037_3,"['SNR: 3']"
2691-156750-0004_-5,"['SNR: -5']"
2817-142371-0064_-5,"['SNR: -5']"
2002-139469-0036_-6,"['SNR: -6']"
7505-258964-0003_-5,"['SNR: -5']"
4441-76263-0037_-11,"['SNR: -11']"
730-360-0034_8,"['SNR: 8']"
7190-90542-0013_5,"['SNR: 5']"
3857-182315-0001_7,"['SNR: 7']"
5049-25947-0092_7,"['SNR: 7']"
3983-5371-0043_10,"['SNR: 10']"
1183-128659-0001_-3,"['SNR: -3']"
625-132112-0031_7,"['SNR: 7']"
302-123516-0032_-15,"['SNR: -15']"
2196-170151-0028_0,"['SNR: 0']"
7078-271888-0050_9,"['SNR: 9']"
730-358-0022_-1,"['SNR: -1']"
7511-102420-0035_-11,"['SNR: -11']"
4898-28461-0014_8,"['SNR: 8']"
4088-158077-0085_-9,"['SNR: -9']"
8630-305212-0043_9,"['SNR: 9']"
4481-17498-0009_-8,"['SNR: -8']"
307-127540-0029_-8,"['SNR: -8']"
3664-11714-0023_7,"['SNR: 7']"
125-121342-0047_-7,"['SNR: -7']"
3947-13260-0022_9,"['SNR: 9']"
587-41619-0000_-5,"['SNR: -5']"
4813-248638-0009_-5,"['SNR: -5']"
78-369-0019_-9,"['SNR: -9']"
5104-33406-0051_-3,"['SNR: -3']"
201-122255-0006_-11,"['SNR: -11']"
7794-295948-0025_2,"['SNR: 2']"
8123-275216-0031_-10,"['SNR: -10']"
2518-154825-0018_-7,"['SNR: -7']"
3807-4955-0008_7,"['SNR: 7']"
8465-246940-0016_-4,"['SNR: -4']"
4397-15668-0026_6,"['SNR: 6']"
7148-82991-0030_-6,"['SNR: -6']"
83-11691-0028_-3,"['SNR: -3']"
4088-158077-0022_7,"['SNR: 7']"
6454-107462-0016_-3,"['SNR: -3']"
3374-298026-0043_-10,"['SNR: -10']"
8425-292520-0026_2,"['SNR: 2']"
5463-39174-0043_-15,"['SNR: -15']"
8014-280382-0007_0,"['SNR: 0']"
4362-15663-0097_-15,"['SNR: -15']"
5390-30102-0003_-3,"['SNR: -3']"
8465-246947-0005_10,"['SNR: 10']"
4340-15220-0089_-2,"['SNR: -2']"
669-129061-0068_-14,"['SNR: -14']"
248-130644-0021_-8,"['SNR: -8']"
2518-154826-0041_-14,"['SNR: -14']"
7794-295947-0022_7,"['SNR: 7']"
625-132112-0055_-10,"['SNR: -10']"
2518-154825-0022_-5,"['SNR: -5']"
4481-17499-0044_-4,"['SNR: -4']"
403-128339-0037_-1,"['SNR: -1']"
1116-132847-0001_-3,"['SNR: -3']"
1447-130551-0014_-6,"['SNR: -6']"
196-122152-0025_-10,"['SNR: -10']"
6181-216552-0068_-13,"['SNR: -13']"
8629-261140-0028_1,"['SNR: 1']"
5750-100289-0013_3,"['SNR: 3']"
6019-3185-0015_3,"['SNR: 3']"
4640-19187-0019_8,"['SNR: 8']"
118-47824-0080_-12,"['SNR: -12']"
3486-166424-0014_-9,"['SNR: -9']"
8419-286667-0011_4,"['SNR: 4']"
1235-135883-0032_0,"['SNR: 0']"
211-122442-0063_1,"['SNR: 1']"
302-123516-0017_-9,"['SNR: -9']"
7078-271888-0046_-6,"['SNR: -6']"
226-131533-0023_5,"['SNR: 5']"
2007-149877-0003_-3,"['SNR: -3']"
8014-112602-0024_5,"['SNR: 5']"
2989-138028-0070_-12,"['SNR: -12']"
8098-275181-0020_-7,"['SNR: -7']"
669-129061-0029_-8,"['SNR: -8']"
196-122150-0007_3,"['SNR: 3']"
6880-216547-0092_4,"['SNR: 4']"
7226-86965-0044_-12,"['SNR: -12']"
1069-133699-0031_-15,"['SNR: -15']"
5867-48852-0070_-12,"['SNR: -12']"
5192-19396-0020_-4,"['SNR: -4']"
4340-15220-0096_-11,"['SNR: -11']"
2843-152918-0025_-15,"['SNR: -15']"
150-126112-0003_3,"['SNR: 3']"
3699-19402-0019_1,"['SNR: 1']"
8838-298546-0001_-9,"['SNR: -9']"
7264-92316-0035_-6,"['SNR: -6']"
4160-11550-0004_0,"['SNR: 0']"
839-130898-0010_8,"['SNR: 8']"
2416-152137-0030_10,"['SNR: 10']"
3607-135982-0019_2,"['SNR: 2']"
7148-82991-0000_-11,"['SNR: -11']"
8629-261140-0017_-7,"['SNR: -7']"
6147-34607-0019_-1,"['SNR: -1']"
302-123523-0012_6,"['SNR: 6']"
7402-59171-0037_9,"['SNR: 9']"
7302-86814-0037_-15,"['SNR: -15']"
226-131532-0016_-12,"['SNR: -12']"
5339-14133-0000_-1,"['SNR: -1']"
5778-12761-0040_-4,"['SNR: -4']"
8425-287387-0012_-2,"['SNR: -2']"
3259-158083-0095_-5,"['SNR: -5']"
7148-82991-0010_6,"['SNR: 6']"
8095-274346-0041_3,"['SNR: 3']"
5867-48852-0062_7,"['SNR: 7']"
8098-278252-0024_-7,"['SNR: -7']"
125-121124-0064_-6,"['SNR: -6']"
6848-252322-0031_2,"['SNR: 2']"
8312-279791-0021_-1,"['SNR: -1']"
1841-179183-0014_-8,"['SNR: -8']"
1355-39947-0063_-3,"['SNR: -3']"
5192-19397-0000_-15,"['SNR: -15']"
6531-61334-0055_0,"['SNR: 0']"
4297-13009-0004_2,"['SNR: 2']"
3235-28433-0031_2,"['SNR: 2']"
1624-142933-0029_-11,"['SNR: -11']"
3240-131231-0056_-5,"['SNR: -5']"
4014-186179-0040_-15,"['SNR: -15']"
6529-62556-0016_-13,"['SNR: -13']"
7800-283492-0032_3,"['SNR: 3']"
3112-9555-0039_-15,"['SNR: -15']"
4830-25898-0023_8,"['SNR: 8']"
8630-305213-0025_8,"['SNR: 8']"
1970-28415-0035_-1,"['SNR: -1']"
3240-131232-0037_-1,"['SNR: -1']"
7113-86041-0091_-7,"['SNR: -7']"
3168-173565-0017_-6,"['SNR: -6']"
32-21625-0005_2,"['SNR: 2']"
6272-70168-0021_-2,"['SNR: -2']"
7800-283493-0005_5,"['SNR: 5']"
3240-131231-0046_-3,"['SNR: -3']"
8609-283227-0057_-1,"['SNR: -1']"
2691-156745-0002_7,"['SNR: 7']"
6147-34605-0014_-14,"['SNR: -14']"
3807-4955-0023_-13,"['SNR: -13']"
831-130739-0012_1,"['SNR: 1']"
6181-216552-0083_9,"['SNR: 9']"
3242-8112-0044_-13,"['SNR: -13']"
1553-140047-0039_0,"['SNR: 0']"
6880-216547-0035_-5,"['SNR: -5']"
4853-27670-0006_-12,"['SNR: -12']"
8468-295198-0008_-5,"['SNR: -5']"
32-4137-0040_-12,"['SNR: -12']"
1116-132851-0002_-8,"['SNR: -8']"
7635-105661-0048_4,"['SNR: 4']"
8419-286676-0004_-6,"['SNR: -6']"
3857-180923-0018_8,"['SNR: 8']"
374-180298-0060_8,"['SNR: 8']"
5688-41232-0025_-8,"['SNR: -8']"
7226-86964-0060_-6,"['SNR: -6']"
2289-152254-0000_-2,"['SNR: -2']"
1624-142933-0014_0,"['SNR: 0']"
2518-154826-0053_-13,"['SNR: -13']"
1263-141777-0039_5,"['SNR: 5']"
8238-274553-0056_5,"['SNR: 5']"
8797-294123-0103_-6,"['SNR: -6']"
19-198-0022_-1,"['SNR: -1']"
5390-24512-0029_5,"['SNR: 5']"
7635-105409-0056_9,"['SNR: 9']"
445-123860-0007_10,"['SNR: 10']"
6272-70168-0034_4,"['SNR: 4']"
8123-275216-0006_-12,"['SNR: -12']"
8975-270782-0031_-3,"['SNR: -3']"
2289-152258-0038_-14,"['SNR: -14']"
7800-283492-0004_-13,"['SNR: -13']"
1447-130552-0004_-6,"['SNR: -6']"
2910-131096-0009_5,"['SNR: 5']"
39-121915-0009_10,"['SNR: 10']"
6064-56168-0001_2,"['SNR: 2']"
5652-39938-0034_-10,"['SNR: -10']"
2159-179156-0001_1,"['SNR: 1']"
8770-295462-0033_-15,"['SNR: -15']"
1926-147979-0052_-6,"['SNR: -6']"
4853-29413-0012_10,"['SNR: 10']"
1926-147987-0021_10,"['SNR: 10']"
1447-17506-0026_3,"['SNR: 3']"
2911-15045-0002_10,"['SNR: 10']"
7226-86965-0035_-4,"['SNR: -4']"
8797-294123-0059_-2,"['SNR: -2']"
5339-14133-0056_-12,"['SNR: -12']"
625-132118-0040_7,"['SNR: 7']"
6147-34607-0033_3,"['SNR: 3']"
200-126784-0030_6,"['SNR: 6']"
4680-16042-0010_-6,"['SNR: -6']"
298-126791-0052_-8,"['SNR: -8']"
2002-139469-0011_-1,"['SNR: -1']"
7278-104730-0017_-8,"['SNR: -8']"
3699-19401-0020_-15,"['SNR: -15']"
4406-16883-0034_8,"['SNR: 8']"
4830-25898-0033_-1,"['SNR: -1']"
909-131044-0007_-7,"['SNR: -7']"
1116-132847-0023_0,"['SNR: 0']"
6064-56165-0021_3,"['SNR: 3']"
26-495-0075_2,"['SNR: 2']"
7800-283493-0017_-3,"['SNR: -3']"
5703-47198-0036_8,"['SNR: 8']"
4640-19189-0024_0,"['SNR: 0']"
118-47824-0011_9,"['SNR: 9']"
1898-145715-0033_-13,"['SNR: -13']"
4088-158077-0077_-9,"['SNR: -9']"
730-358-0033_-13,"['SNR: -13']"
6272-70191-0007_3,"['SNR: 3']"
6531-61334-0079_1,"['SNR: 1']"
4195-186238-0012_-3,"['SNR: -3']"
298-126791-0012_-12,"['SNR: -12']"
289-121652-0031_1,"['SNR: 1']"
1363-135842-0047_3,"['SNR: 3']"
7302-86815-0069_-10,"['SNR: -10']"
587-41611-0000_-13,"['SNR: -13']"
481-123720-0016_-12,"['SNR: -12']"
6272-70168-0032_1,"['SNR: 1']"
200-124140-0006_10,"['SNR: 10']"
4051-10927-0006_2,"['SNR: 2']"
4267-287369-0009_9,"['SNR: 9']"
7302-86815-0042_-13,"['SNR: -13']"
6181-216552-0021_-5,"['SNR: -5']"
3242-67168-0031_-7,"['SNR: -7']"
27-123349-0057_3,"['SNR: 3']"
5808-48608-0035_-7,"['SNR: -7']"
7078-271888-0052_-1,"['SNR: -1']"
8580-287363-0022_-3,"['SNR: -3']"
4160-11550-0024_-12,"['SNR: -12']"
4481-17498-0001_-8,"['SNR: -8']"
2182-181173-0000_10,"['SNR: 10']"
1737-142397-0002_-4,"['SNR: -4']"
8425-287387-0023_-2,"['SNR: -2']"
426-122822-0032_-5,"['SNR: -5']"
4137-11702-0015_-5,"['SNR: -5']"
2182-150130-0014_-5,"['SNR: -5']"
2514-149482-0095_-5,"['SNR: -5']"
39-121914-0001_-10,"['SNR: -10']"
7367-86737-0033_1,"['SNR: 1']"
8063-274115-0013_-5,"['SNR: -5']"
4441-76262-0035_-7,"['SNR: -7']"
1502-122619-0026_-7,"['SNR: -7']"
2384-152900-0005_2,"['SNR: 2']"
5049-25947-0043_8,"['SNR: 8']"
4214-7146-0072_-14,"['SNR: -14']"
2196-170379-0011_7,"['SNR: 7']"
6272-70171-0006_1,"['SNR: 1']"
7447-91187-0020_-13,"['SNR: -13']"
460-172359-0011_9,"['SNR: 9']"
426-122821-0024_-1,"['SNR: -1']"
8095-274346-0038_8,"['SNR: 8']"
7794-295948-0010_8,"['SNR: 8']"
89-219-0023_-5,"['SNR: -5']"
196-122159-0008_-9,"['SNR: -9']"
4406-16882-0008_-14,"['SNR: -14']"
322-124147-0027_-2,"['SNR: -2']"
1447-130550-0030_7,"['SNR: 7']"
587-41611-0007_6,"['SNR: 6']"
307-127540-0006_-3,"['SNR: -3']"
4830-25898-0034_7,"['SNR: 7']"
1970-10594-0030_-11,"['SNR: -11']"
6181-216552-0062_7,"['SNR: 7']"
6385-220959-0039_-2,"['SNR: -2']"
3112-9555-0062_0,"['SNR: 0']"
6064-56165-0029_-2,"['SNR: -2']"
4018-107312-0007_-5,"['SNR: -5']"
2391-145015-0090_9,"['SNR: 9']"
298-126791-0047_-14,"['SNR: -14']"
7511-102420-0007_6,"['SNR: 6']"
2518-154825-0006_-15,"['SNR: -15']"
5688-41232-0074_-10,"['SNR: -10']"
3112-9555-0060_-13,"['SNR: -13']"
3664-178366-0013_4,"['SNR: 4']"
4788-91208-0013_1,"['SNR: 1']"
4481-17499-0043_8,"['SNR: 8']"
5778-12761-0032_5,"['SNR: 5']"
332-128985-0025_-7,"['SNR: -7']"
7517-100437-0007_9,"['SNR: 9']"
229-130880-0037_3,"['SNR: 3']"
2416-152139-0059_6,"['SNR: 6']"
1970-26100-0019_-1,"['SNR: -1']"
1841-159771-0002_8,"['SNR: 8']"
4441-76250-0018_8,"['SNR: 8']"
6415-116629-0029_5,"['SNR: 5']"
8095-274346-0042_6,"['SNR: 6']"
83-9960-0023_-10,"['SNR: -10']"
8108-280354-0023_-13,"['SNR: -13']"
4014-186179-0008_4,"['SNR: 4']"
8609-283227-0055_-9,"['SNR: -9']"
118-47824-0074_-12,"['SNR: -12']"
2989-138035-0043_9,"['SNR: 9']"
6454-120342-0005_4,"['SNR: 4']"
332-128985-0073_9,"['SNR: 9']"
2436-2481-0008_-1,"['SNR: -1']"
7794-295947-0045_-9,"['SNR: -9']"
200-124140-0022_-4,"['SNR: -4']"
7067-76048-0043_-13,"['SNR: -13']"
8108-274318-0043_-12,"['SNR: -12']"
6415-100596-0001_-7,"['SNR: -7']"
587-41619-0013_-13,"['SNR: -13']"
8088-284756-0039_4,"['SNR: 4']"
445-123857-0007_-8,"['SNR: -8']"
481-123719-0006_5,"['SNR: 5']"
4788-91208-0025_4,"['SNR: 4']"
6078-54013-0063_6,"['SNR: 6']"
7190-90543-0032_-10,"['SNR: -10']"
6848-252322-0004_-5,"['SNR: -5']"
6019-3185-0016_-11,"['SNR: -11']"
254-27760-0013_-5,"['SNR: -5']"
8063-274115-0032_3,"['SNR: 3']"
412-126975-0007_0,"['SNR: 0']"
4830-25898-0026_-3,"['SNR: -3']"
2436-2477-0003_-15,"['SNR: -15']"
4362-15663-0100_-8,"['SNR: -8']"
8108-280354-0005_-14,"['SNR: -14']"
5104-33406-0023_-12,"['SNR: -12']"
3983-5371-0021_9,"['SNR: 9']"
26-495-0015_0,"['SNR: 0']"
1594-135914-0019_0,"['SNR: 0']"
6078-54013-0051_1,"['SNR: 1']"
26-495-0052_8,"['SNR: 8']"
7780-274562-0092_-2,"['SNR: -2']"
3830-12531-0010_-9,"['SNR: -9']"
831-130739-0051_-5,"['SNR: -5']"
6848-76049-0028_-2,"['SNR: -2']"
6367-65536-0014_9,"['SNR: 9']"
7148-7763-0033_5,"['SNR: 5']"
1116-132851-0012_8,"['SNR: 8']"
5022-29411-0046_-8,"['SNR: -8']"
4898-20016-0017_-14,"['SNR: -14']"
4640-19189-0032_-5,"['SNR: -5']"
6081-42010-0025_6,"['SNR: 6']"
696-92939-0015_-9,"['SNR: -9']"
441-130108-0028_5,"['SNR: 5']"
1040-133433-0039_-4,"['SNR: -4']"
5688-15787-0003_-13,"['SNR: -13']"
887-123291-0026_-14,"['SNR: -14']"
1624-168623-0022_-6,"['SNR: -6']"
6836-61803-0039_-4,"['SNR: -4']"
1743-142912-0006_-12,"['SNR: -12']"
8419-293469-0014_10,"['SNR: 10']"
374-180299-0011_7,"['SNR: 7']"
1553-140048-0003_-10,"['SNR: -10']"
1334-135589-0055_0,"['SNR: 0']"
6209-34599-0038_-4,"['SNR: -4']"
2952-408-0015_1,"['SNR: 1']"
8465-246942-0013_-2,"['SNR: -2']"
8797-294123-0088_0,"['SNR: 0']"
481-123720-0084_-11,"['SNR: -11']"
7264-92310-0009_-3,"['SNR: -3']"
8095-274345-0021_4,"['SNR: 4']"
8312-279791-0035_-15,"['SNR: -15']"
8123-275209-0012_10,"['SNR: 10']"
4214-7146-0013_10,"['SNR: 10']"
669-129074-0025_-14,"['SNR: -14']"
8630-305212-0010_2,"['SNR: 2']"
6476-57446-0002_-9,"['SNR: -9']"
2002-139469-0114_-6,"['SNR: -6']"
2514-149482-0070_5,"['SNR: 5']"
32-21625-0016_7,"['SNR: 7']"
2436-2477-0022_4,"['SNR: 4']"
441-128982-0023_-5,"['SNR: -5']"
1069-133699-0020_-6,"['SNR: -6']"
322-124147-0044_3,"['SNR: 3']"
6925-80680-0038_-5,"['SNR: -5']"
2136-5147-0019_7,"['SNR: 7']"
5789-70653-0028_8,"['SNR: 8']"
5390-30096-0005_8,"['SNR: 8']"
8975-270782-0089_10,"['SNR: 10']"
3214-167607-0002_-9,"['SNR: -9']"
7302-86814-0021_3,"['SNR: 3']"
3664-178366-0020_4,"['SNR: 4']"
7859-102519-0003_0,"['SNR: 0']"
730-359-0015_-6,"['SNR: -6']"
8770-295463-0019_-7,"['SNR: -7']"
7505-258958-0028_3,"['SNR: 3']"
8063-274115-0020_1,"['SNR: 1']"
4018-107338-0009_7,"['SNR: 7']"
332-128985-0010_5,"['SNR: 5']"
8465-246940-0009_8,"['SNR: 8']"
7517-100429-0001_-4,"['SNR: -4']"
7794-295947-0032_-3,"['SNR: -3']"
1970-10594-0014_-15,"['SNR: -15']"
4680-16041-0006_5,"['SNR: 5']"
4481-17499-0032_2,"['SNR: 2']"
3214-167606-0006_-3,"['SNR: -3']"
7178-34644-0026_10,"['SNR: 10']"
2007-132570-0009_-15,"['SNR: -15']"
27-124992-0064_6,"['SNR: 6']"
5778-12761-0010_1,"['SNR: 1']"
5393-19218-0043_-1,"['SNR: -1']"
1867-148436-0007_-15,"['SNR: -15']"
328-129766-0077_-1,"['SNR: -1']"
3374-298032-0000_-1,"['SNR: -1']"
1841-179183-0037_3,"['SNR: 3']"
8419-293469-0006_9,"['SNR: 9']"
4362-15663-0025_4,"['SNR: 4']"
226-131532-0012_-2,"['SNR: -2']"
118-47824-0051_-4,"['SNR: -4']"
26-495-0041_-7,"['SNR: -7']"
2092-145709-0008_6,"['SNR: 6']"
2007-149877-0047_8,"['SNR: 8']"
3857-182317-0005_7,"['SNR: 7']"
669-129074-0010_4,"['SNR: 4']"
7078-271888-0083_-10,"['SNR: -10']"
8063-274112-0015_-12,"['SNR: -12']"
60-121082-0054_9,"['SNR: 9']"
4297-13009-0014_-8,"['SNR: -8']"
163-122947-0067_2,"['SNR: 2']"
6078-54007-0008_-12,"['SNR: -12']"
6529-62554-0011_-15,"['SNR: -15']"
412-126975-0044_-4,"['SNR: -4']"
460-172359-0067_-2,"['SNR: -2']"
7447-91187-0053_-13,"['SNR: -13']"
4898-28461-0028_9,"['SNR: 9']"
5688-15787-0039_9,"['SNR: 9']"
8580-287364-0027_-1,"['SNR: -1']"
4813-248638-0037_-2,"['SNR: -2']"
5339-14134-0002_-4,"['SNR: -4']"
1743-142913-0023_3,"['SNR: 3']"
332-128985-0009_-7,"['SNR: -7']"
5808-48608-0004_10,"['SNR: 10']"
4788-94904-0013_-11,"['SNR: -11']"
2893-139310-0038_-1,"['SNR: -1']"
2289-152254-0003_-8,"['SNR: -8']"
1081-128618-0002_9,"['SNR: 9']"
6563-63821-0006_-8,"['SNR: -8']"
403-128339-0016_3,"['SNR: 3']"
7148-59157-0010_0,"['SNR: 0']"
328-129766-0061_1,"['SNR: 1']"
2893-139322-0045_0,"['SNR: 0']"
3214-167606-0031_1,"['SNR: 1']"
6563-63821-0016_3,"['SNR: 3']"
8419-286676-0014_-15,"['SNR: -15']"
1246-124548-0037_-10,"['SNR: -10']"
6848-252323-0000_-13,"['SNR: -13']"
2007-149877-0033_-2,"['SNR: -2']"
7447-91186-0001_-9,"['SNR: -9']"
1898-145724-0013_8,"['SNR: 8']"
7367-86737-0084_-1,"['SNR: -1']"
405-130894-0041_6,"['SNR: 6']"
3242-67153-0000_-11,"['SNR: -11']"
1624-168623-0021_10,"['SNR: 10']"
1116-137572-0033_-14,"['SNR: -14']"
1183-128659-0017_-7,"['SNR: -7']"
8098-278278-0015_-7,"['SNR: -7']"
7511-102419-0056_9,"['SNR: 9']"
831-130739-0016_-15,"['SNR: -15']"
8838-298545-0033_-1,"['SNR: -1']"
298-126791-0030_9,"['SNR: 9']"
3830-12535-0009_-2,"['SNR: -2']"
7302-86815-0075_-7,"['SNR: -7']"
2384-152900-0006_-1,"['SNR: -1']"
6437-66173-0057_-1,"['SNR: -1']"
7059-88364-0010_-12,"['SNR: -12']"
4481-17499-0017_7,"['SNR: 7']"
460-172359-0047_-4,"['SNR: -4']"
6925-80680-0014_-11,"['SNR: -11']"
1926-147979-0001_-8,"['SNR: -8']"
5339-14133-0016_-13,"['SNR: -13']"
200-124140-0001_10,"['SNR: 10']"
6437-66172-0035_-7,"['SNR: -7']"
1455-138263-0037_-5,"['SNR: -5']"
3112-9555-0041_2,"['SNR: 2']"
4680-16041-0015_6,"['SNR: 6']"
89-218-0026_3,"['SNR: 3']"
5678-43303-0005_-15,"['SNR: -15']"
4088-158077-0096_-9,"['SNR: -9']"
4214-7146-0079_10,"['SNR: 10']"
4813-248638-0030_-13,"['SNR: -13']"
1334-135589-0101_10,"['SNR: 10']"
4397-15666-0002_-4,"['SNR: -4']"
4014-186183-0025_-4,"['SNR: -4']"
5778-12761-0007_10,"['SNR: 10']"
3168-173564-0040_-2,"['SNR: -2']"
1992-141719-0038_10,"['SNR: 10']"
307-127539-0003_-6,"['SNR: -6']"
3440-171009-0066_9,"['SNR: 9']"
201-127786-0080_-10,"['SNR: -10']"
587-54108-0044_-3,"['SNR: -3']"
6818-76332-0055_3,"['SNR: 3']"
1455-134435-0065_2,"['SNR: 2']"
302-123523-0032_-11,"['SNR: -11']"
307-127539-0035_-4,"['SNR: -4']"
3607-135982-0042_-13,"['SNR: -13']"
4859-22176-0011_3,"['SNR: 3']"
7226-86965-0003_-2,"['SNR: -2']"
405-130894-0022_-2,"['SNR: -2']"
27-124992-0057_-12,"['SNR: -12']"
669-129061-0072_-13,"['SNR: -13']"
696-93314-0010_-7,"['SNR: -7']"
4397-15678-0033_-15,"['SNR: -15']"
6529-62554-0030_-9,"['SNR: -9']"
198-129977-0001_9,"['SNR: 9']"
60-121082-0028_-1,"['SNR: -1']"
2436-2481-0017_-10,"['SNR: -10']"
5463-39173-0052_-8,"['SNR: -8']"
4680-16026-0005_-13,"['SNR: -13']"
8770-295462-0000_-8,"['SNR: -8']"
27-124992-0034_-15,"['SNR: -15']"
311-124404-0113_-1,"['SNR: -1']"
125-121124-0079_-12,"['SNR: -12']"
1355-39947-0047_1,"['SNR: 1']"
2691-156755-0004_-5,"['SNR: -5']"
1743-142914-0008_-10,"['SNR: -10']"
8419-293473-0006_-6,"['SNR: -6']"
4830-25904-0031_7,"['SNR: 7']"
8465-246940-0012_-1,"['SNR: -1']"
8747-293952-0067_-14,"['SNR: -14']"
481-123720-0029_-8,"['SNR: -8']"
8468-294887-0031_-8,"['SNR: -8']"
226-131533-0010_-12,"['SNR: -12']"
2182-150130-0012_10,"['SNR: 10']"
5808-54425-0009_-5,"['SNR: -5']"
625-132118-0016_-1,"['SNR: -1']"
2136-5147-0039_3,"['SNR: 3']"
7067-76047-0001_-3,"['SNR: -3']"
7367-86737-0109_-1,"['SNR: -1']"
322-124147-0040_4,"['SNR: 4']"
403-128339-0049_-2,"['SNR: -2']"
403-128339-0035_-8,"['SNR: -8']"
911-128684-0037_7,"['SNR: 7']"
911-130578-0017_5,"['SNR: 5']"
3982-182255-0043_-3,"['SNR: -3']"
40-121026-0011_8,"['SNR: 8']"
3664-178366-0009_-9,"['SNR: -9']"
8108-280354-0020_7,"['SNR: 7']"
426-122819-0011_10,"['SNR: 10']"
1898-145715-0041_-11,"['SNR: -11']"
2843-152918-0078_6,"['SNR: 6']"
211-122442-0030_-15,"['SNR: -15']"
4788-91208-0032_1,"['SNR: 1']"
6415-116629-0005_-12,"['SNR: -12']"
3982-178459-0039_-10,"['SNR: -10']"
1737-146161-0003_-5,"['SNR: -5']"
7178-34645-0022_-2,"['SNR: -2']"
8629-261140-0002_-11,"['SNR: -11']"
5688-41232-0053_-4,"['SNR: -4']"
2764-36616-0016_-5,"['SNR: -5']"
1088-134318-0020_4,"['SNR: 4']"
3214-167606-0032_-9,"['SNR: -9']"
909-131041-0014_-11,"['SNR: -11']"
7302-86814-0014_9,"['SNR: 9']"
5778-12761-0031_3,"['SNR: 3']"
839-130898-0000_-12,"['SNR: -12']"
2391-145015-0112_-11,"['SNR: -11']"
4014-186183-0024_5,"['SNR: 5']"
458-126294-0015_1,"['SNR: 1']"
4214-7146-0020_-11,"['SNR: -11']"
7302-86814-0022_4,"['SNR: 4']"
625-132118-0042_3,"['SNR: 3']"
2691-156745-0015_5,"['SNR: 5']"
8226-274369-0023_10,"['SNR: 10']"
6019-3185-0104_-1,"['SNR: -1']"
4014-186175-0019_10,"['SNR: 10']"
730-359-0025_-1,"['SNR: -1']"
6818-76332-0039_7,"['SNR: 7']"
1926-147979-0003_1,"['SNR: 1']"
3240-131231-0038_-6,"['SNR: -6']"
2989-138035-0040_2,"['SNR: 2']"
6019-3185-0073_-12,"['SNR: -12']"
4853-29413-0014_-10,"['SNR: -10']"
4267-78186-0027_-10,"['SNR: -10']"
6078-54007-0029_6,"['SNR: 6']"
8425-292520-0011_-2,"['SNR: -2']"
5867-48852-0050_9,"['SNR: 9']"
2989-138035-0044_-1,"['SNR: -1']"
2007-149877-0001_-2,"['SNR: -2']"
1737-146161-0002_2,"['SNR: 2']"
4397-15666-0023_7,"['SNR: 7']"
3240-131231-0073_0,"['SNR: 0']"
5049-25947-0124_0,"['SNR: 0']"
1963-142393-0019_-9,"['SNR: -9']"
6209-34601-0017_-2,"['SNR: -2']"
2952-410-0004_1,"['SNR: 1']"
196-122150-0003_9,"['SNR: 9']"
3112-9554-0020_0,"['SNR: 0']"
7511-102419-0013_1,"['SNR: 1']"
412-126975-0015_5,"['SNR: 5']"
4362-15663-0061_-8,"['SNR: -8']"
6081-41998-0041_-9,"['SNR: -9']"
7226-86965-0005_2,"['SNR: 2']"
1624-168623-0034_1,"['SNR: 1']"
1263-141777-0026_2,"['SNR: 2']"
4680-16026-0026_3,"['SNR: 3']"
302-123504-0036_-10,"['SNR: -10']"
125-121124-0018_8,"['SNR: 8']"
4160-14187-0000_-10,"['SNR: -10']"
3947-13260-0007_-2,"['SNR: -2']"
831-130746-0010_-5,"['SNR: -5']"
2764-36617-0033_3,"['SNR: 3']"
5561-41615-0002_-14,"['SNR: -14']"
5652-19215-0047_8,"['SNR: 8']"
4340-15220-0043_5,"['SNR: 5']"
8465-246947-0024_-7,"['SNR: -7']"
8095-274346-0013_8,"['SNR: 8']"
2514-149482-0040_6,"['SNR: 6']"
6385-34655-0004_-4,"['SNR: -4']"
8051-119902-0028_6,"['SNR: 6']"
5808-54425-0008_-9,"['SNR: -9']"
4813-248641-0007_1,"['SNR: 1']"
7367-86737-0099_8,"['SNR: 8']"
5339-14134-0004_0,"['SNR: 0']"
831-130746-0004_3,"['SNR: 3']"
1578-140045-0023_4,"['SNR: 4']"
3374-298025-0023_-12,"['SNR: -12']"
446-123501-0035_-13,"['SNR: -13']"
8095-274345-0016_6,"['SNR: 6']"
8609-283227-0062_-12,"['SNR: -12']"
625-132112-0035_0,"['SNR: 0']"
7302-86815-0063_-2,"['SNR: -2']"
3982-178459-0042_4,"['SNR: 4']"
3112-9554-0004_-7,"['SNR: -7']"
248-130652-0016_-8,"['SNR: -8']"
4214-7146-0049_-1,"['SNR: -1']"
8123-275209-0025_-10,"['SNR: -10']"
7190-90542-0049_-1,"['SNR: -1']"
4441-76262-0002_8,"['SNR: 8']"
1081-125237-0014_2,"['SNR: 2']"
2911-7601-0042_8,"['SNR: 8']"
8063-274115-0008_5,"['SNR: 5']"
40-121026-0038_-11,"['SNR: -11']"
3259-158083-0083_-7,"['SNR: -7']"
6415-100596-0010_-5,"['SNR: -5']"
5322-7678-0035_-11,"['SNR: -11']"
2436-2481-0010_-8,"['SNR: -8']"
19-227-0005_8,"['SNR: 8']"
1502-122619-0078_-1,"['SNR: -1']"
4340-15220-0021_1,"['SNR: 1']"
7794-295948-0024_1,"['SNR: 1']"
5339-14133-0043_-5,"['SNR: -5']"
3240-131231-0036_3,"['SNR: 3']"
200-126784-0004_-4,"['SNR: -4']"
5049-25947-0050_-2,"['SNR: -2']"
8747-293952-0036_3,"['SNR: 3']"
458-126305-0024_-12,"['SNR: -12']"
4297-13009-0061_6,"['SNR: 6']"
4297-13006-0017_5,"['SNR: 5']"
8123-275193-0018_-14,"['SNR: -14']"
8419-293469-0025_-3,"['SNR: -3']"
311-124404-0072_-1,"['SNR: -1']"
2136-5140-0004_8,"['SNR: 8']"
839-130898-0073_-9,"['SNR: -9']"
4397-15678-0040_5,"['SNR: 5']"
446-123501-0058_6,"['SNR: 6']"
4481-17498-0007_7,"['SNR: 7']"
8312-279790-0049_5,"['SNR: 5']"
8609-262281-0009_10,"['SNR: 10']"
4195-17507-0032_-9,"['SNR: -9']"
4397-15678-0004_2,"['SNR: 2']"
5808-48608-0044_-9,"['SNR: -9']"
887-123289-0037_-12,"['SNR: -12']"
7302-86814-0001_4,"['SNR: 4']"
6272-70191-0018_1,"['SNR: 1']"
887-123290-0015_9,"['SNR: 9']"
3486-166424-0029_-15,"['SNR: -15']"
2007-149877-0015_-1,"['SNR: -1']"
2182-181173-0007_6,"['SNR: 6']"
1867-148436-0028_6,"['SNR: 6']"
6147-34607-0038_6,"['SNR: 6']"
40-222-0029_-6,"['SNR: -6']"
7511-102420-0020_3,"['SNR: 3']"
5393-19218-0052_8,"['SNR: 8']"
5652-19215-0039_3,"['SNR: 3']"
7780-274562-0019_-15,"['SNR: -15']"
1737-148989-0010_2,"['SNR: 2']"
1963-142393-0039_10,"['SNR: 10']"
5192-19397-0060_-9,"['SNR: -9']"
5652-39938-0005_-13,"['SNR: -13']"
8098-278252-0029_-8,"['SNR: -8']"
2182-181183-0013_-7,"['SNR: -7']"
1069-133709-0024_-14,"['SNR: -14']"
2196-170151-0032_-7,"['SNR: -7']"
5104-33407-0021_-15,"['SNR: -15']"
1737-142397-0018_-10,"['SNR: -10']"
8838-298546-0004_7,"['SNR: 7']"
1992-141719-0032_2,"['SNR: 2']"
4195-17507-0048_-15,"['SNR: -15']"
1235-135884-0036_-3,"['SNR: -3']"
3830-12535-0017_-11,"['SNR: -11']"
2989-138035-0009_0,"['SNR: 0']"
2911-7601-0041_8,"['SNR: 8']"
1116-137572-0028_-8,"['SNR: -8']"
1081-125237-0013_-8,"['SNR: -8']"
198-126831-0027_-4,"['SNR: -4']"
6925-80680-0054_8,"['SNR: 8']"
426-122821-0021_7,"['SNR: 7']"
1081-125237-0041_-15,"['SNR: -15']"
6209-34601-0008_6,"['SNR: 6']"
403-128339-0000_-5,"['SNR: -5']"
4859-29340-0006_5,"['SNR: 5']"
1235-135883-0020_-12,"['SNR: -12']"
2764-36619-0033_-11,"['SNR: -11']"
1578-140049-0002_-5,"['SNR: -5']"
1334-135589-0039_5,"['SNR: 5']"
1263-139804-0013_-1,"['SNR: -1']"
2691-156755-0002_10,"['SNR: 10']"
2817-142380-0028_-8,"['SNR: -8']"
6848-76049-0034_-14,"['SNR: -14']"
5456-24741-0021_2,"['SNR: 2']"
2159-179156-0013_-8,"['SNR: -8']"
311-124404-0070_2,"['SNR: 2']"
1502-122619-0020_-4,"['SNR: -4']"
125-121342-0045_-6,"['SNR: -6']"
5688-41232-0049_-12,"['SNR: -12']"
1963-142393-0054_-2,"['SNR: -2']"
6272-70191-0030_8,"['SNR: 8']"
6925-80680-0043_5,"['SNR: 5']"
6147-34607-0010_10,"['SNR: 10']"
7059-88364-0015_-2,"['SNR: -2']"
248-130644-0036_2,"['SNR: 2']"
211-122442-0077_1,"['SNR: 1']"
8123-275216-0035_-14,"['SNR: -14']"
403-126855-0030_-8,"['SNR: -8']"
2843-152918-0064_5,"['SNR: 5']"
211-122425-0070_-5,"['SNR: -5']"
250-142276-0055_-10,"['SNR: -10']"
8098-278252-0025_9,"['SNR: 9']"
7511-102420-0032_8,"['SNR: 8']"
8324-286681-0020_-5,"['SNR: -5']"
5750-100289-0076_9,"['SNR: 9']"
6563-285357-0014_-11,"['SNR: -11']"
125-121124-0061_-15,"['SNR: -15']"
3440-171006-0005_10,"['SNR: 10']"
6563-285357-0003_-2,"['SNR: -2']"
460-172357-0012_-6,"['SNR: -6']"
5561-39621-0002_-14,"['SNR: -14']"
8108-274318-0037_-2,"['SNR: -2']"
5463-39174-0016_-11,"['SNR: -11']"
5750-35690-0030_6,"['SNR: 6']"
1723-141149-0038_3,"['SNR: 3']"
4297-13006-0030_-12,"['SNR: -12']"
4051-10927-0022_-9,"['SNR: -9']"
5652-39938-0024_9,"['SNR: 9']"
6078-54013-0078_10,"['SNR: 10']"
6925-80680-0082_2,"['SNR: 2']"
6848-252323-0014_-7,"['SNR: -7']"
412-126975-0074_-4,"['SNR: -4']"
87-121553-0067_7,"['SNR: 7']"
6272-70168-0003_-12,"['SNR: -12']"
831-130746-0000_8,"['SNR: 8']"
669-129061-0034_1,"['SNR: 1']"
7859-102521-0005_4,"['SNR: 4']"
1088-134315-0028_-10,"['SNR: -10']"
1594-135914-0013_9,"['SNR: 9']"
5808-54425-0046_-3,"['SNR: -3']"
3374-298025-0020_-9,"['SNR: -9']"
3830-12530-0025_-11,"['SNR: -11']"
196-122152-0021_1,"['SNR: 1']"
1183-128659-0006_-11,"['SNR: -11']"
7226-86965-0040_-15,"['SNR: -15']"
2002-139469-0076_-5,"['SNR: -5']"
198-126831-0006_-12,"['SNR: -12']"
3607-135982-0025_-3,"['SNR: -3']"
307-127535-0019_-1,"['SNR: -1']"
6147-34607-0012_-1,"['SNR: -1']"
669-129074-0000_4,"['SNR: 4']"
730-358-0038_-3,"['SNR: -3']"
40-222-0008_-1,"['SNR: -1']"
1116-132847-0021_-14,"['SNR: -14']"
2416-152139-0018_6,"['SNR: 6']"
2514-149482-0097_-11,"['SNR: -11']"
5163-18515-0002_-7,"['SNR: -7']"
5456-24741-0006_6,"['SNR: 6']"
7264-92310-0007_-15,"['SNR: -15']"
412-126975-0079_-13,"['SNR: -13']"
8312-279790-0042_-13,"['SNR: -13']"
8419-286676-0028_-15,"['SNR: -15']"
3240-131231-0077_-10,"['SNR: -10']"
2182-181173-0005_-5,"['SNR: -5']"
445-123857-0032_-9,"['SNR: -9']"
6880-216547-0009_7,"['SNR: 7']"
8975-270782-0034_-8,"['SNR: -8']"
254-145458-0019_7,"['SNR: 7']"
2289-152254-0021_6,"['SNR: 6']"
60-121082-0019_8,"['SNR: 8']"
2952-410-0033_6,"['SNR: 6']"
5703-47212-0021_-5,"['SNR: -5']"
2911-15045-0004_-5,"['SNR: -5']"
3807-4923-0048_-13,"['SNR: -13']"
248-130652-0027_-10,"['SNR: -10']"
5867-48852-0093_-11,"['SNR: -11']"
6476-57446-0082_-8,"['SNR: -8']"
19-227-0030_-12,"['SNR: -12']"
78-368-0006_-13,"['SNR: -13']"
1334-135589-0043_-6,"['SNR: -6']"
458-126294-0013_5,"['SNR: 5']"
4830-25898-0027_9,"['SNR: 9']"
5789-57158-0016_-8,"['SNR: -8']"
7517-100429-0013_-2,"['SNR: -2']"
3214-167606-0033_-1,"['SNR: -1']"
3440-171006-0027_-4,"['SNR: -4']"
2391-145015-0063_1,"['SNR: 1']"
200-124140-0005_-10,"['SNR: -10']"
831-130739-0048_7,"['SNR: 7']"
669-129074-0018_2,"['SNR: 2']"
625-132118-0029_7,"['SNR: 7']"
911-128684-0015_7,"['SNR: 7']"
2764-36619-0031_9,"['SNR: 9']"
2952-408-0012_8,"['SNR: 8']"
730-358-0002_-14,"['SNR: -14']"
1963-142393-0025_3,"['SNR: 3']"
3830-12531-0022_2,"['SNR: 2']"
7178-34644-0041_10,"['SNR: 10']"
8324-286682-0021_-6,"['SNR: -6']"
5867-48852-0068_4,"['SNR: 4']"
2436-2481-0023_3,"['SNR: 3']"
8324-286682-0035_-5,"['SNR: -5']"
5393-19218-0049_-3,"['SNR: -3']"
6437-66173-0016_6,"['SNR: 6']"
7859-102518-0028_8,"['SNR: 8']"
125-121342-0015_-10,"['SNR: -10']"
8838-298545-0032_8,"['SNR: 8']"
4640-19189-0015_9,"['SNR: 9']"
4859-26870-0005_-8,"['SNR: -8']"
2289-152258-0040_-7,"['SNR: -7']"
4406-16882-0064_-2,"['SNR: -2']"
5778-54535-0007_-2,"['SNR: -2']"
8425-292520-0006_9,"['SNR: 9']"
887-123291-0019_8,"['SNR: 8']"
3235-28452-0018_0,"['SNR: 0']"
6836-61804-0034_-2,"['SNR: -2']"
7278-104730-0005_-13,"['SNR: -13']"
7148-82991-0029_10,"['SNR: 10']"
7067-76048-0015_-10,"['SNR: -10']"
302-123504-0021_-11,"['SNR: -11']"
8465-246942-0023_-7,"['SNR: -7']"
8098-278252-0036_-11,"['SNR: -11']"
125-121124-0020_-13,"['SNR: -13']"
2002-139469-0006_1,"['SNR: 1']"
5393-19219-0059_-7,"['SNR: -7']"
374-180298-0032_7,"['SNR: 7']"
7794-295947-0018_-3,"['SNR: -3']"
2391-145015-0040_-11,"['SNR: -11']"
8975-270782-0054_9,"['SNR: 9']"
3436-172171-0056_-15,"['SNR: -15']"
4195-17507-0009_3,"['SNR: 3']"
2002-139469-0035_6,"['SNR: 6']"
8747-293952-0007_2,"['SNR: 2']"
441-128988-0032_0,"['SNR: 0']"
911-128684-0001_-10,"['SNR: -10']"
1867-154075-0032_-7,"['SNR: -7']"
2691-156750-0000_0,"['SNR: 0']"
4014-186179-0003_7,"['SNR: 7']"
6531-61334-0036_2,"['SNR: 2']"
1594-135914-0047_-9,"['SNR: -9']"
1594-135914-0078_-14,"['SNR: -14']"
6848-252323-0030_5,"['SNR: 5']"
1069-133709-0014_0,"['SNR: 0']"
5789-57158-0017_-6,"['SNR: -6']"
2391-145015-0050_2,"['SNR: 2']"
5561-41616-0025_-15,"['SNR: -15']"
8975-270782-0027_-15,"['SNR: -15']"
40-121026-0034_-8,"['SNR: -8']"
2893-139322-0033_0,"['SNR: 0']"
89-219-0018_6,"['SNR: 6']"
2391-145015-0046_-9,"['SNR: -9']"
6563-285357-0005_5,"['SNR: 5']"
298-126790-0011_-15,"['SNR: -15']"
78-369-0047_-12,"['SNR: -12']"
125-121124-0083_-2,"['SNR: -2']"
5688-41232-0067_-13,"['SNR: -13']"
3526-175658-0009_6,"['SNR: 6']"
2836-5355-0041_-3,"['SNR: -3']"
3699-47246-0005_-6,"['SNR: -6']"
6454-107462-0024_5,"['SNR: 5']"
89-219-0031_5,"['SNR: 5']"
1737-148989-0037_-9,"['SNR: -9']"
5393-19218-0041_7,"['SNR: 7']"
5456-62043-0023_-3,"['SNR: -3']"
3259-158083-0008_8,"['SNR: 8']"
5703-47212-0014_3,"['SNR: 3']"
1867-154071-0004_-14,"['SNR: -14']"
4137-11701-0051_6,"['SNR: 6']"
1455-138263-0052_10,"['SNR: 10']"
911-128684-0022_-15,"['SNR: -15']"
7302-86815-0076_-1,"['SNR: -1']"
1363-135842-0039_3,"['SNR: 3']"
426-122821-0039_-10,"['SNR: -10']"
7226-86965-0020_-9,"['SNR: -9']"
4788-91208-0003_-4,"['SNR: -4']"
1069-133699-0012_0,"['SNR: 0']"
1898-145724-0002_-6,"['SNR: -6']"
2989-138028-0062_-10,"['SNR: -10']"
4853-27670-0011_9,"['SNR: 9']"
7402-59171-0008_-13,"['SNR: -13']"
3830-12531-0004_-4,"['SNR: -4']"
7226-86964-0012_-7,"['SNR: -7']"
254-127705-0027_4,"['SNR: 4']"
2182-181173-0024_-10,"['SNR: -10']"
3857-182315-0012_10,"['SNR: 10']"
5192-19397-0021_-8,"['SNR: -8']"
5652-19215-0056_3,"['SNR: 3']"
3982-178459-0005_-15,"['SNR: -15']"
2911-15045-0007_10,"['SNR: 10']"
6880-216547-0097_-4,"['SNR: -4']"
2989-138028-0052_-6,"['SNR: -6']"
5322-7678-0011_-9,"['SNR: -9']"
5561-41615-0012_-6,"['SNR: -6']"
7635-105409-0018_6,"['SNR: 6']"
4859-26870-0011_7,"['SNR: 7']"
3830-12530-0032_-8,"['SNR: -8']"
7505-258964-0044_-6,"['SNR: -6']"
5104-33406-0032_0,"['SNR: 0']"
6880-216547-0025_-1,"['SNR: -1']"
8770-295462-0035_1,"['SNR: 1']"
3168-173565-0013_2,"['SNR: 2']"
8088-284756-0017_-10,"['SNR: -10']"
625-132112-0018_-9,"['SNR: -9']"
163-122947-0034_9,"['SNR: 9']"
6385-220959-0018_-10,"['SNR: -10']"
1502-122619-0075_10,"['SNR: 10']"
1447-130550-0003_-13,"['SNR: -13']"
6836-76549-0027_-11,"['SNR: -11']"
5703-47212-0016_2,"['SNR: 2']"
4853-29413-0027_-4,"['SNR: -4']"
1263-138246-0007_2,"['SNR: 2']"
3699-19402-0007_-12,"['SNR: -12']"
5652-19215-0016_-13,"['SNR: -13']"
1081-125237-0098_-1,"['SNR: -1']"
7517-100442-0018_-8,"['SNR: -8']"
26-495-0057_-1,"['SNR: -1']"
403-216-0004_-13,"['SNR: -13']"
1098-133695-0017_1,"['SNR: 1']"
1578-6379-0006_0,"['SNR: 0']"
3112-9555-0004_8,"['SNR: 8']"
4018-107312-0025_2,"['SNR: 2']"
7505-258964-0013_-1,"['SNR: -1']"
7067-76048-0036_6,"['SNR: 6']"
8838-298545-0002_1,"['SNR: 1']"
5393-19219-0060_-5,"['SNR: -5']"
4051-11218-0058_2,"['SNR: 2']"
4898-20016-0023_-1,"['SNR: -1']"
7059-77900-0010_-10,"['SNR: -10']"
7078-271888-0112_-4,"['SNR: -4']"
4397-15678-0001_-10,"['SNR: -10']"
7859-102521-0010_-7,"['SNR: -7']"
5022-29411-0008_-7,"['SNR: -7']"
2289-152253-0020_2,"['SNR: 2']"
3526-175658-0007_-8,"['SNR: -8']"
441-128988-0026_-1,"['SNR: -1']"
6272-70171-0036_4,"['SNR: 4']"
87-121553-0021_-15,"['SNR: -15']"
403-128339-0043_8,"['SNR: 8']"
7148-59157-0038_-7,"['SNR: -7']"
5750-100289-0029_1,"['SNR: 1']"
6437-66172-0006_3,"['SNR: 3']"
163-122947-0058_2,"['SNR: 2']"
8095-274345-0006_10,"['SNR: 10']"
1246-124548-0032_3,"['SNR: 3']"
3526-176653-0014_-10,"['SNR: -10']"
2007-149877-0049_8,"['SNR: 8']"
4788-294466-0026_-11,"['SNR: -11']"
125-121124-0014_9,"['SNR: 9']"
3259-158083-0003_-3,"['SNR: -3']"
2092-145706-0019_10,"['SNR: 10']"
8098-278278-0001_4,"['SNR: 4']"
3983-5371-0018_2,"['SNR: 2']"
7302-86815-0081_-3,"['SNR: -3']"
5022-29411-0019_-2,"['SNR: -2']"
311-124404-0039_-14,"['SNR: -14']"
250-142276-0062_9,"['SNR: 9']"
1447-130550-0004_10,"['SNR: 10']"
2384-152900-0023_-8,"['SNR: -8']"
5339-14134-0027_3,"['SNR: 3']"
32-4137-0051_2,"['SNR: 2']"
5750-100289-0019_-14,"['SNR: -14']"
441-128988-0020_7,"['SNR: 7']"
5778-12761-0003_-6,"['SNR: -6']"
6454-107462-0031_-12,"['SNR: -12']"
5339-14133-0012_-13,"['SNR: -13']"
8609-283227-0004_-15,"['SNR: -15']"
1081-125237-0095_-3,"['SNR: -3']"
2911-15084-0001_9,"['SNR: 9']"
4680-16041-0008_-10,"['SNR: -10']"
2691-156755-0016_9,"['SNR: 9']"
1898-145724-0015_1,"['SNR: 1']"
5049-25947-0041_3,"['SNR: 3']"
8014-112586-0010_6,"['SNR: 6']"
839-130898-0042_6,"['SNR: 6']"
19-227-0021_1,"['SNR: 1']"
4441-76262-0033_-11,"['SNR: -11']"
6818-68772-0006_-15,"['SNR: -15']"
6415-116629-0011_8,"['SNR: 8']"
2391-145015-0042_9,"['SNR: 9']"
7059-88364-0006_8,"['SNR: 8']"
3112-9554-0019_-5,"['SNR: -5']"
7078-271888-0028_2,"['SNR: 2']"
4680-16026-0003_10,"['SNR: 10']"
5322-7679-0035_9,"['SNR: 9']"
3168-173565-0010_-2,"['SNR: -2']"
1594-135914-0108_-3,"['SNR: -3']"
103-1240-0048_-6,"['SNR: -6']"
2384-152900-0008_-15,"['SNR: -15']"
7302-86815-0011_-14,"['SNR: -14']"
3807-4923-0049_-8,"['SNR: -8']"
2952-410-0024_6,"['SNR: 6']"
8975-270782-0110_-3,"['SNR: -3']"
8770-295465-0018_-4,"['SNR: -4']"
5390-30102-0008_9,"['SNR: 9']"
3830-12530-0044_-8,"['SNR: -8']"
5703-47198-0005_2,"['SNR: 2']"
4195-186236-0028_0,"['SNR: 0']"
4051-10927-0009_10,"['SNR: 10']"
27-124992-0037_-14,"['SNR: -14']"
39-121915-0026_10,"['SNR: 10']"
839-130898-0075_8,"['SNR: 8']"
39-121916-0017_-15,"['SNR: -15']"
3723-171631-0014_-9,"['SNR: -9']"
6531-61334-0001_4,"['SNR: 4']"
2836-5355-0026_10,"['SNR: 10']"
426-122822-0019_-11,"['SNR: -11']"
7780-274562-0076_-10,"['SNR: -10']"
196-122159-0003_5,"['SNR: 5']"
4214-7146-0057_2,"['SNR: 2']"
6531-61334-0059_-10,"['SNR: -10']"
8123-275193-0026_8,"['SNR: 8']"
3607-135982-0041_-8,"['SNR: -8']"
125-121124-0033_10,"['SNR: 10']"
4640-19188-0033_1,"['SNR: 1']"
6454-93938-0008_4,"['SNR: 4']"
1737-148989-0028_-10,"['SNR: -10']"
229-130880-0093_7,"['SNR: 7']"
2289-152258-0011_1,"['SNR: 1']"
2911-15045-0010_1,"['SNR: 1']"
4018-107338-0032_7,"['SNR: 7']"
7505-258958-0032_7,"['SNR: 7']"
6209-34599-0020_-11,"['SNR: -11']"
328-129766-0070_10,"['SNR: 10']"
7264-92316-0009_1,"['SNR: 1']"
7113-86041-0079_-13,"['SNR: -13']"
7800-283478-0024_-10,"['SNR: -10']"
1447-17506-0028_-6,"['SNR: -6']"
78-368-0044_1,"['SNR: 1']"
458-126305-0013_-15,"['SNR: -15']"
5750-100289-0087_3,"['SNR: 3']"
446-123501-0017_-3,"['SNR: -3']"
1355-39947-0046_10,"['SNR: 10']"
4088-158077-0011_7,"['SNR: 7']"
6272-70191-0031_4,"['SNR: 4']"
7635-105409-0019_-14,"['SNR: -14']"
441-128982-0016_-3,"['SNR: -3']"
6272-70171-0031_-4,"['SNR: -4']"
7148-59157-0039_-4,"['SNR: -4']"
6081-41998-0026_0,"['SNR: 0']"
8014-280382-0009_-6,"['SNR: -6']"
2092-145706-0067_-1,"['SNR: -1']"
3947-13262-0027_-7,"['SNR: -7']"
2196-170379-0008_-11,"['SNR: -11']"
3830-12535-0033_-5,"['SNR: -5']"
6272-70191-0023_-7,"['SNR: -7']"
5463-39174-0039_-5,"['SNR: -5']"
7505-83618-0005_-11,"['SNR: -11']"
32-21631-0009_5,"['SNR: 5']"
226-122538-0020_-5,"['SNR: -5']"
7780-274562-0005_-10,"['SNR: -10']"
2952-408-0003_8,"['SNR: 8']"
2136-5143-0001_-15,"['SNR: -15']"
2836-5354-0035_6,"['SNR: 6']"
6081-41998-0017_-14,"['SNR: -14']"
7517-100437-0027_-11,"['SNR: -11']"
233-134440-0021_2,"['SNR: 2']"
831-130746-0015_7,"['SNR: 7']"
1355-39947-0028_7,"['SNR: 7']"
289-121665-0004_7,"['SNR: 7']"
8014-112602-0041_-15,"['SNR: -15']"
8312-279790-0010_-14,"['SNR: -14']"
5192-19396-0027_10,"['SNR: 10']"
3486-166446-0016_-15,"['SNR: -15']"
5393-19219-0054_8,"['SNR: 8']"
198-129977-0028_2,"['SNR: 2']"
6818-68772-0002_3,"['SNR: 3']"
5049-25947-0056_9,"['SNR: 9']"
1963-142776-0014_3,"['SNR: 3']"
211-122425-0003_10,"['SNR: 10']"
6147-34607-0004_8,"['SNR: 8']"
2436-2476-0023_-1,"['SNR: -1']"
8051-118101-0007_-3,"['SNR: -3']"
8014-112602-0012_10,"['SNR: 10']"
1034-121119-0045_5,"['SNR: 5']"
7278-104730-0027_-13,"['SNR: -13']"
7402-90848-0056_2,"['SNR: 2']"
298-126790-0032_-6,"['SNR: -6']"
2136-5147-0003_-10,"['SNR: -10']"
1069-133699-0049_-1,"['SNR: -1']"
3982-182255-0032_-12,"['SNR: -12']"
8312-279791-0012_3,"['SNR: 3']"
1723-141149-0078_-9,"['SNR: -9']"
696-93314-0025_-10,"['SNR: -10']"
1963-142776-0005_-14,"['SNR: -14']"
6385-34655-0001_1,"['SNR: 1']"
6476-57446-0053_1,"['SNR: 1']"
1235-135887-0001_-11,"['SNR: -11']"
1867-154075-0011_-9,"['SNR: -9']"
6529-62556-0002_-14,"['SNR: -14']"
426-122819-0032_10,"['SNR: 10']"
2391-145015-0116_-1,"['SNR: -1']"
5561-41616-0038_5,"['SNR: 5']"
4195-186236-0001_-11,"['SNR: -11']"
6081-41997-0030_10,"['SNR: 10']"
302-123523-0021_-6,"['SNR: -6']"
1963-142776-0033_0,"['SNR: 0']"
7190-90543-0020_-10,"['SNR: -10']"
6836-61803-0016_3,"['SNR: 3']"
4051-11218-0037_6,"['SNR: 6']"
89-218-0042_4,"['SNR: 4']"
4267-287369-0029_6,"['SNR: 6']"
5390-24512-0024_-2,"['SNR: -2']"
1502-122619-0043_-13,"['SNR: -13']"
4051-11218-0032_-11,"['SNR: -11']"
4051-10927-0014_-8,"['SNR: -8']"
118-121721-0021_-6,"['SNR: -6']"
8098-278252-0008_-10,"['SNR: -10']"
7794-295948-0013_-10,"['SNR: -10']"
1926-147979-0031_-1,"['SNR: -1']"
6836-76549-0005_1,"['SNR: 1']"
1624-142933-0039_-14,"['SNR: -14']"
426-122819-0022_5,"['SNR: 5']"
254-27760-0003_-12,"['SNR: -12']"
7178-34645-0038_-4,"['SNR: -4']"
1034-121119-0094_9,"['SNR: 9']"
248-130652-0003_6,"['SNR: 6']"
3983-5371-0056_-2,"['SNR: -2']"
5678-43301-0005_-5,"['SNR: -5']"
4018-103416-0001_10,"['SNR: 10']"
6081-42010-0034_-10,"['SNR: -10']"
6209-34601-0020_-13,"['SNR: -13']"
2196-174172-0042_-12,"['SNR: -12']"
5339-14134-0033_3,"['SNR: 3']"
625-132112-0016_-1,"['SNR: -1']"
1034-121119-0001_-15,"['SNR: -15']"
3807-4923-0044_-15,"['SNR: -15']"
8419-286676-0000_10,"['SNR: 10']"
8226-274371-0000_-13,"['SNR: -13']"
7148-7763-0030_-15,"['SNR: -15']"
1235-135887-0002_-2,"['SNR: -2']"
3112-9555-0076_-14,"['SNR: -14']"
5750-100289-0016_-15,"['SNR: -15']"
2836-5354-0006_-15,"['SNR: -15']"
1081-128618-0003_-10,"['SNR: -10']"
8609-283227-0052_3,"['SNR: 3']"
4441-76250-0035_7,"['SNR: 7']"
4680-16041-0002_-12,"['SNR: -12']"
8123-275193-0005_1,"['SNR: 1']"
298-126791-0067_-7,"['SNR: -7']"
2436-2477-0021_-10,"['SNR: -10']"
8419-286676-0001_5,"['SNR: 5']"
7148-7763-0029_3,"['SNR: 3']"
587-41611-0025_0,"['SNR: 0']"
4014-186176-0024_5,"['SNR: 5']"
302-123504-0020_-12,"['SNR: -12']"
125-121124-0074_-15,"['SNR: -15']"
2910-131096-0028_-1,"['SNR: -1']"
3242-67153-0009_-8,"['SNR: -8']"
481-123720-0019_-3,"['SNR: -3']"
446-123501-0059_-11,"['SNR: -11']"
4014-186179-0044_-9,"['SNR: -9']"
233-134440-0015_6,"['SNR: 6']"
6880-216547-0113_7,"['SNR: 7']"
3486-166424-0046_5,"['SNR: 5']"
5678-43303-0006_-15,"['SNR: -15']"
5808-48608-0014_8,"['SNR: 8']"
211-122442-0079_8,"['SNR: 8']"
6531-61334-0065_-5,"['SNR: -5']"
2952-410-0009_1,"['SNR: 1']"
4788-94904-0012_1,"['SNR: 1']"
1447-130550-0001_-11,"['SNR: -11']"
4362-15663-0094_-8,"['SNR: -8']"
83-9960-0041_2,"['SNR: 2']"
8095-274348-0007_10,"['SNR: 10']"
8747-293952-0043_10,"['SNR: 10']"
1553-140048-0004_3,"['SNR: 3']"
8609-283227-0048_-8,"['SNR: -8']"
26-495-0008_-9,"['SNR: -9']"
5703-47198-0017_-12,"['SNR: -12']"
4297-13009-0056_-10,"['SNR: -10']"
3879-173592-0016_10,"['SNR: 10']"
1183-124566-0004_-7,"['SNR: -7']"
4406-16882-0021_-4,"['SNR: -4']"
322-124147-0012_-9,"['SNR: -9']"
6000-86686-0000_-14,"['SNR: -14']"
2952-410-0053_-11,"['SNR: -11']"
3607-29116-0025_-3,"['SNR: -3']"
1334-135589-0048_7,"['SNR: 7']"
6181-216552-0051_4,"['SNR: 4']"
5104-33406-0029_1,"['SNR: 1']"
4813-248641-0042_2,"['SNR: 2']"
89-218-0003_1,"['SNR: 1']"
78-369-0054_8,"['SNR: 8']"
1088-129236-0019_6,"['SNR: 6']"
2289-152253-0006_5,"['SNR: 5']"
125-121342-0027_-7,"['SNR: -7']"
201-127786-0043_-7,"['SNR: -7']"
201-127786-0057_-4,"['SNR: -4']"
8797-294123-0061_-4,"['SNR: -4']"
3374-298026-0040_-3,"['SNR: -3']"
696-93314-0035_-10,"['SNR: -10']"
7278-91083-0011_-4,"['SNR: -4']"
5456-58161-0021_-3,"['SNR: -3']"
696-93314-0042_0,"['SNR: 0']"
1553-140047-0016_0,"['SNR: 0']"
8095-274346-0004_4,"['SNR: 4']"
3112-9555-0052_-15,"['SNR: -15']"
2092-145706-0078_0,"['SNR: 0']"
1867-148436-0021_-10,"['SNR: -10']"
7264-92316-0018_-13,"['SNR: -13']"
7302-86815-0037_9,"['SNR: 9']"
3607-29116-0018_-3,"['SNR: -3']"
32-4137-0014_-11,"['SNR: -11']"
322-124147-0082_-7,"['SNR: -7']"
7113-86041-0014_4,"['SNR: 4']"
2391-145015-0010_-2,"['SNR: -2']"
6078-54013-0074_-1,"['SNR: -1']"
696-93314-0055_8,"['SNR: 8']"
4813-248638-0046_0,"['SNR: 0']"
5652-39938-0009_-7,"['SNR: -7']"
1235-135884-0008_-12,"['SNR: -12']"
60-121082-0070_-14,"['SNR: -14']"
8975-270782-0062_7,"['SNR: 7']"
7148-7763-0012_1,"['SNR: 1']"
4018-107338-0029_10,"['SNR: 10']"
4859-22176-0017_-14,"['SNR: -14']"
8098-278252-0019_-15,"['SNR: -15']"
4441-76262-0003_7,"['SNR: 7']"
4340-15220-0083_6,"['SNR: 6']"
1624-142933-0032_-8,"['SNR: -8']"
2384-152900-0040_2,"['SNR: 2']"
730-358-0000_-15,"['SNR: -15']"
7780-274562-0099_-7,"['SNR: -7']"
289-121665-0042_-7,"['SNR: -7']"
4137-11701-0014_-13,"['SNR: -13']"
27-123349-0016_-10,"['SNR: -10']"
1246-124548-0000_4,"['SNR: 4']"
5808-54425-0023_4,"['SNR: 4']"
3486-166446-0021_7,"['SNR: 7']"
7800-283492-0017_-11,"['SNR: -11']"
6925-80680-0008_-12,"['SNR: -12']"
8226-274369-0045_-5,"['SNR: -5']"
7226-86965-0019_-11,"['SNR: -11']"
7178-34645-0028_7,"['SNR: 7']"
6476-57446-0074_-11,"['SNR: -11']"
7794-295947-0009_-8,"['SNR: -8']"
3947-13262-0035_3,"['SNR: 3']"
2289-152258-0009_5,"['SNR: 5']"
89-218-0051_-5,"['SNR: -5']"
1723-141149-0071_-7,"['SNR: -7']"
7067-76047-0041_-5,"['SNR: -5']"
7067-76048-0047_-3,"['SNR: -3']"
1594-135914-0093_-9,"['SNR: -9']"
839-130898-0086_7,"['SNR: 7']"
8975-270782-0018_-11,"['SNR: -11']"
6209-34601-0015_-13,"['SNR: -13']"
5652-19215-0009_-13,"['SNR: -13']"
2836-5354-0041_-11,"['SNR: -11']"
1263-141777-0021_10,"['SNR: 10']"
1116-132847-0015_-12,"['SNR: -12']"
2911-15045-0000_-11,"['SNR: -11']"
7367-86737-0073_6,"['SNR: 6']"
4160-14187-0016_-11,"['SNR: -11']"
6209-34600-0009_2,"['SNR: 2']"
4160-14187-0021_-12,"['SNR: -12']"
4018-107338-0013_6,"['SNR: 6']"
4267-78186-0011_2,"['SNR: 2']"
200-126784-0025_-6,"['SNR: -6']"
7402-90848-0035_-1,"['SNR: -1']"
1363-135842-0035_-12,"['SNR: -12']"
911-128684-0054_-11,"['SNR: -11']"
481-123720-0042_-8,"['SNR: -8']"
7113-86041-0066_-4,"['SNR: -4']"
426-122819-0036_3,"['SNR: 3']"
7302-86814-0019_-9,"['SNR: -9']"
8770-295465-0026_-7,"['SNR: -7']"
6272-70168-0025_-6,"['SNR: -6']"
831-130739-0017_-13,"['SNR: -13']"
1355-39947-0010_-9,"['SNR: -9']"
4680-16026-0001_9,"['SNR: 9']"
2911-7601-0008_4,"['SNR: 4']"
2691-156750-0024_7,"['SNR: 7']"
2092-145706-0024_4,"['SNR: 4']"
311-124404-0117_-9,"['SNR: -9']"
6000-55211-0013_-7,"['SNR: -7']"
1743-142912-0016_10,"['SNR: 10']"
32-21631-0015_-1,"['SNR: -1']"
4406-16883-0036_0,"['SNR: 0']"
8465-246943-0007_-1,"['SNR: -1']"
1040-133433-0071_-6,"['SNR: -6']"
5789-57195-0037_-12,"['SNR: -12']"
7190-90542-0044_5,"['SNR: 5']"
3374-298025-0016_-4,"['SNR: -4']"
6078-54013-0067_-10,"['SNR: -10']"
3607-29116-0034_-12,"['SNR: -12']"
5808-48608-0019_-5,"['SNR: -5']"
233-155990-0009_-5,"['SNR: -5']"
5808-54425-0012_-2,"['SNR: -2']"
6078-54013-0045_-14,"['SNR: -14']"
1447-130552-0026_-14,"['SNR: -14']"
4362-15663-0069_5,"['SNR: 5']"
7190-90542-0051_3,"['SNR: 3']"
8324-286682-0033_4,"['SNR: 4']"
5339-14134-0062_-1,"['SNR: -1']"
4297-13006-0027_10,"['SNR: 10']"
2518-154826-0047_9,"['SNR: 9']"
6437-66173-0040_-14,"['SNR: -14']"
5688-41232-0061_-4,"['SNR: -4']"
8468-286673-0037_1,"['SNR: 1']"
6454-107462-0018_-13,"['SNR: -13']"
78-368-0013_-8,"['SNR: -8']"
6836-61804-0036_-4,"['SNR: -4']"
5867-48852-0066_1,"['SNR: 1']"
5652-39938-0039_-2,"['SNR: -2']"
8063-274115-0031_5,"['SNR: 5']"
4018-107312-0027_5,"['SNR: 5']"
6078-54013-0028_3,"['SNR: 3']"
19-227-0028_-14,"['SNR: -14']"
3982-182255-0044_-11,"['SNR: -11']"
6019-3185-0062_1,"['SNR: 1']"
5322-7679-0021_-3,"['SNR: -3']"
4340-15220-0015_4,"['SNR: 4']"
445-123860-0016_0,"['SNR: 0']"
4051-11217-0033_-8,"['SNR: -8']"
4680-16042-0033_-8,"['SNR: -8']"
1183-133255-0004_5,"['SNR: 5']"
2391-145015-0018_-10,"['SNR: -10']"
7113-86041-0063_10,"['SNR: 10']"
7367-86737-0076_-6,"['SNR: -6']"
4051-11218-0004_10,"['SNR: 10']"
8238-274553-0036_7,"['SNR: 7']"
307-127539-0015_1,"['SNR: 1']"
8108-280354-0010_-13,"['SNR: -13']"
4481-17499-0025_-10,"['SNR: -10']"
1926-147979-0037_4,"['SNR: 4']"
6000-55211-0004_4,"['SNR: 4']"
7859-102521-0011_-12,"['SNR: -12']"
3112-9555-0049_6,"['SNR: 6']"
2289-152253-0008_-9,"['SNR: -9']"
2952-410-0006_-3,"['SNR: -3']"
4160-11550-0011_-2,"['SNR: -2']"
625-132118-0032_-13,"['SNR: -13']"
7402-90848-0017_-15,"['SNR: -15']"
1723-141149-0020_-7,"['SNR: -7']"
60-121082-0027_-14,"['SNR: -14']"
7148-7763-0013_2,"['SNR: 2']"
26-495-0009_0,"['SNR: 0']"
460-172359-0062_-6,"['SNR: -6']"
6818-76332-0046_-15,"['SNR: -15']"
1088-129236-0015_-6,"['SNR: -6']"
3259-158083-0078_-3,"['SNR: -3']"
254-27760-0007_1,"['SNR: 1']"
8975-270782-0088_-8,"['SNR: -8']"
4859-29340-0025_-7,"['SNR: -7']"
1447-130551-0016_7,"['SNR: 7']"
5514-19192-0038_1,"['SNR: 1']"
2092-145706-0057_6,"['SNR: 6']"
4788-294466-0018_-2,"['SNR: -2']"
7178-34644-0024_1,"['SNR: 1']"
2817-142371-0078_6,"['SNR: 6']"
1034-121119-0095_-9,"['SNR: -9']"
5789-70653-0016_-9,"['SNR: -9']"
6531-61334-0043_0,"['SNR: 0']"
3983-5331-0045_4,"['SNR: 4']"
150-126107-0008_-1,"['SNR: -1']"
5390-24512-0009_5,"['SNR: 5']"
7190-90543-0036_-9,"['SNR: -9']"
4406-16882-0015_-8,"['SNR: -8']"
1088-134315-0008_-6,"['SNR: -6']"
5104-33407-0010_-12,"['SNR: -12']"
4160-14187-0015_-15,"['SNR: -15']"
2136-5140-0023_6,"['SNR: 6']"
6529-62554-0000_2,"['SNR: 2']"
8425-292520-0002_6,"['SNR: 6']"
5808-48608-0011_1,"['SNR: 1']"
3440-171009-0015_2,"['SNR: 2']"
125-121342-0039_2,"['SNR: 2']"
3526-175658-0023_5,"['SNR: 5']"
196-122150-0004_-4,"['SNR: -4']"
7113-86041-0037_-1,"['SNR: -1']"
1867-154075-0005_5,"['SNR: 5']"
1992-141719-0030_-12,"['SNR: -12']"
2952-410-0049_3,"['SNR: 3']"
1034-121119-0077_-7,"['SNR: -7']"
3436-172171-0003_-5,"['SNR: -5']"
1116-132847-0005_-2,"['SNR: -2']"
2514-149482-0042_-12,"['SNR: -12']"
5390-30102-0023_3,"['SNR: 3']"
27-124992-0004_-9,"['SNR: -9']"
1723-141149-0011_0,"['SNR: 0']"
4340-15220-0050_0,"['SNR: 0']"
250-142276-0053_7,"['SNR: 7']"
6147-34605-0010_10,"['SNR: 10']"
1594-135914-0058_-7,"['SNR: -7']"
6818-76332-0010_3,"['SNR: 3']"
696-93314-0054_-2,"['SNR: -2']"
150-126107-0038_-13,"['SNR: -13']"
8095-274346-0010_5,"['SNR: 5']"
250-142276-0058_7,"['SNR: 7']"
460-172359-0050_-9,"['SNR: -9']"
4853-27671-0006_-9,"['SNR: -9']"
83-9960-0035_8,"['SNR: 8']"
211-122442-0040_4,"['SNR: 4']"
2989-138035-0029_-2,"['SNR: -2']"
2764-36619-0036_-14,"['SNR: -14']"
2989-138035-0023_-11,"['SNR: -11']"
441-128982-0025_6,"['SNR: 6']"
8051-118101-0015_-3,"['SNR: -3']"
5652-39938-0049_-6,"['SNR: -6']"
6531-61334-0070_4,"['SNR: 4']"
3235-28433-0021_-4,"['SNR: -4']"
3526-175658-0003_4,"['SNR: 4']"
254-145458-0010_-7,"['SNR: -7']"
730-358-0011_8,"['SNR: 8']"
87-121553-0026_-7,"['SNR: -7']"
4441-76262-0005_-9,"['SNR: -9']"
2989-138028-0027_-1,"['SNR: -1']"
7113-86041-0071_6,"['SNR: 6']"
5390-24512-0022_5,"['SNR: 5']"
5393-19218-0017_2,"['SNR: 2']"
5390-24512-0002_6,"['SNR: 6']"
8975-270782-0095_6,"['SNR: 6']"
6848-252323-0018_-13,"['SNR: -13']"
4481-17499-0014_0,"['SNR: 0']"
226-122538-0001_-12,"['SNR: -12']"
7511-102419-0032_-7,"['SNR: -7']"
6836-61804-0003_8,"['SNR: 8']"
89-218-0055_-2,"['SNR: -2']"
8975-270782-0051_6,"['SNR: 6']"
6836-61803-0030_-9,"['SNR: -9']"
87-121553-0091_-7,"['SNR: -7']"
248-130652-0024_-6,"['SNR: -6']"
446-123502-0008_6,"['SNR: 6']"
1081-128618-0011_-7,"['SNR: -7']"
3374-298025-0019_-14,"['SNR: -14']"
6415-111615-0016_-11,"['SNR: -11']"
7800-283492-0034_-1,"['SNR: -1']"
2182-150130-0005_10,"['SNR: 10']"
6848-76049-0002_-15,"['SNR: -15']"
1235-135887-0013_9,"['SNR: 9']"
6454-107462-0034_-10,"['SNR: -10']"
8747-293952-0100_-5,"['SNR: -5']"
2836-5354-0007_-6,"['SNR: -6']"
7113-86041-0045_0,"['SNR: 0']"
3526-176651-0006_-5,"['SNR: -5']"
8609-262281-0018_3,"['SNR: 3']"
3486-166446-0015_4,"['SNR: 4']"
5022-29405-0021_-12,"['SNR: -12']"
5104-33407-0040_-8,"['SNR: -8']"
6437-66173-0027_2,"['SNR: 2']"
1926-143879-0002_10,"['SNR: 10']"
8838-298545-0008_-13,"['SNR: -13']"
8098-278252-0034_5,"['SNR: 5']"
4195-186236-0005_10,"['SNR: 10']"
3168-173565-0049_-14,"['SNR: -14']"
3947-13260-0006_-12,"['SNR: -12']"
5652-39938-0027_-15,"['SNR: -15']"
625-132112-0056_-6,"['SNR: -6']"
7511-102420-0015_-3,"['SNR: -3']"
39-121914-0037_-6,"['SNR: -6']"
446-123501-0041_8,"['SNR: 8']"
8468-286673-0015_5,"['SNR: 5']"
4018-107338-0016_6,"['SNR: 6']"
250-142276-0044_-12,"['SNR: -12']"
3607-29116-0005_-4,"['SNR: -4']"
2196-170151-0021_-13,"['SNR: -13']"
4051-10927-0023_-5,"['SNR: -5']"
909-131045-0020_-12,"['SNR: -12']"
4051-11217-0032_-9,"['SNR: -9']"
6848-252323-0020_-5,"['SNR: -5']"
426-122822-0025_-4,"['SNR: -4']"
103-1241-0020_-12,"['SNR: -12']"
7312-92432-0000_-5,"['SNR: -5']"
4680-16026-0004_-12,"['SNR: -12']"
6081-41998-0040_-3,"['SNR: -3']"
4813-248638-0008_9,"['SNR: 9']"
7278-246956-0009_2,"['SNR: 2']"
7635-105661-0045_-8,"['SNR: -8']"
1447-130551-0020_-9,"['SNR: -9']"
39-121914-0044_-14,"['SNR: -14']"
5778-12761-0027_5,"['SNR: 5']"
3374-298026-0031_-15,"['SNR: -15']"
3607-135982-0006_-4,"['SNR: -4']"
5456-24741-0020_8,"['SNR: 8']"
2910-131096-0055_-10,"['SNR: -10']"
481-123719-0034_-3,"['SNR: -3']"
6000-55211-0037_-13,"['SNR: -13']"
1867-154075-0003_-4,"['SNR: -4']"
4297-13006-0037_-1,"['SNR: -1']"
887-123290-0003_2,"['SNR: 2']"
78-369-0036_6,"['SNR: 6']"
1926-143879-0025_5,"['SNR: 5']"
4853-27670-0002_-14,"['SNR: -14']"
2092-145706-0081_-15,"['SNR: -15']"
8238-283452-0005_-15,"['SNR: -15']"
5393-19218-0046_-3,"['SNR: -3']"
7635-105661-0018_-3,"['SNR: -3']"
2136-5143-0021_-3,"['SNR: -3']"
7402-59171-0045_9,"['SNR: 9']"
7511-102419-0018_9,"['SNR: 9']"
441-130108-0023_7,"['SNR: 7']"
4018-107312-0014_-12,"['SNR: -12']"
2514-149482-0022_-6,"['SNR: -6']"
27-124992-0056_5,"['SNR: 5']"
441-130108-0041_-1,"['SNR: -1']"
1334-135589-0017_-13,"['SNR: -13']"
7067-76047-0043_7,"['SNR: 7']"
8419-286676-0013_1,"['SNR: 1']"
4297-13006-0041_5,"['SNR: 5']"
6818-76332-0011_-10,"['SNR: -10']"
7113-86041-0040_-4,"['SNR: -4']"
5390-24512-0036_7,"['SNR: 7']"
27-124992-0021_-14,"['SNR: -14']"
2416-152137-0021_-13,"['SNR: -13']"
3664-178355-0010_0,"['SNR: 0']"
26-495-0023_-4,"['SNR: -4']"
8747-293952-0058_-6,"['SNR: -6']"
6925-80680-0001_7,"['SNR: 7']"
839-130898-0057_0,"['SNR: 0']"
1624-142933-0013_-3,"['SNR: -3']"
1723-141149-0041_7,"['SNR: 7']"
8108-274318-0003_-10,"['SNR: -10']"
6367-74004-0028_0,"['SNR: 0']"
2989-138028-0042_2,"['SNR: 2']"
6367-74004-0033_-14,"['SNR: -14']"
1578-6379-0035_0,"['SNR: 0']"
5104-33406-0013_-9,"['SNR: -9']"
2518-154825-0005_10,"['SNR: 10']"
5688-41232-0030_-7,"['SNR: -7']"
7148-82991-0015_0,"['SNR: 0']"
19-227-0018_-4,"['SNR: -4']"
3699-47246-0009_8,"['SNR: 8']"
196-122150-0017_-14,"['SNR: -14']"
7402-59171-0035_0,"['SNR: 0']"
87-121553-0087_5,"['SNR: 5']"
5678-43303-0012_0,"['SNR: 0']"
4830-25898-0035_7,"['SNR: 7']"
481-123719-0010_-14,"['SNR: -14']"
8975-270782-0108_-2,"['SNR: -2']"
8468-286673-0014_-12,"['SNR: -12']"
7302-86815-0049_-1,"['SNR: -1']"
3242-67153-0025_7,"['SNR: 7']"
4267-78186-0014_2,"['SNR: 2']"
1363-135842-0033_4,"['SNR: 4']"
8975-270782-0074_-4,"['SNR: -4']"
2691-156745-0042_-4,"['SNR: -4']"
8098-278252-0017_5,"['SNR: 5']"
2836-5354-0004_3,"['SNR: 3']"
6454-93938-0007_-13,"['SNR: -13']"
8425-287387-0030_7,"['SNR: 7']"
730-358-0035_-7,"['SNR: -7']"
8051-119902-0032_-6,"['SNR: -6']"
226-131533-0001_7,"['SNR: 7']"
5456-24741-0000_2,"['SNR: 2']"
8063-274117-0021_-10,"['SNR: -10']"
8095-274348-0015_-3,"['SNR: -3']"
2384-152900-0016_9,"['SNR: 9']"
6836-76549-0026_-11,"['SNR: -11']"
1334-135589-0096_6,"['SNR: 6']"
7635-105409-0065_5,"['SNR: 5']"
1355-39947-0009_-8,"['SNR: -8']"
40-222-0060_-4,"['SNR: -4']"
4340-15220-0081_6,"['SNR: 6']"
2514-149482-0045_-2,"['SNR: -2']"
3242-67168-0019_-5,"['SNR: -5']"
4051-11218-0061_-3,"['SNR: -3']"
311-124404-0026_-13,"['SNR: -13']"
4214-7146-0058_-15,"['SNR: -15']"
730-359-0021_-15,"['SNR: -15']"
426-122821-0012_-7,"['SNR: -7']"
5322-7680-0001_3,"['SNR: 3']"
5104-33406-0014_-11,"['SNR: -11']"
6476-96661-0027_-9,"['SNR: -9']"
2764-36619-0040_9,"['SNR: 9']"
201-122255-0004_-12,"['SNR: -12']"
1081-125237-0006_4,"['SNR: 4']"
2817-142380-0032_-2,"['SNR: -2']"
196-122152-0031_-5,"['SNR: -5']"
587-41611-0008_-2,"['SNR: -2']"
446-123501-0034_3,"['SNR: 3']"
5561-41615-0028_-11,"['SNR: -11']"
7190-90543-0021_-3,"['SNR: -3']"
4830-25904-0020_2,"['SNR: 2']"
1992-141719-0027_-12,"['SNR: -12']"
7178-34645-0037_-14,"['SNR: -14']"
150-126112-0000_-7,"['SNR: -7']"
4214-7146-0038_10,"['SNR: 10']"
669-129061-0050_5,"['SNR: 5']"
7226-86965-0043_1,"['SNR: 1']"
5393-19218-0036_-4,"['SNR: -4']"
2893-139322-0030_-10,"['SNR: -10']"
6181-216552-0109_7,"['SNR: 7']"
6000-55211-0006_7,"['SNR: 7']"
2952-410-0051_-3,"['SNR: -3']"
3982-178459-0030_9,"['SNR: 9']"
211-122442-0009_-8,"['SNR: -8']"
4195-186238-0017_0,"['SNR: 0']"
5049-25947-0115_-15,"['SNR: -15']"
3879-174923-0005_0,"['SNR: 0']"
4137-11702-0008_-15,"['SNR: -15']"
3214-167607-0035_-4,"['SNR: -4']"
2196-170151-0004_1,"['SNR: 1']"
2691-156745-0021_-4,"['SNR: -4']"
6000-86686-0023_-7,"['SNR: -7']"
1447-130550-0002_-11,"['SNR: -11']"
481-123720-0078_-6,"['SNR: -6']"
27-124992-0024_9,"['SNR: 9']"
446-123502-0042_8,"['SNR: 8']"
2817-142380-0002_-7,"['SNR: -7']"
8797-294123-0017_-3,"['SNR: -3']"
4297-13009-0051_4,"['SNR: 4']"
2989-138028-0041_-12,"['SNR: -12']"
5163-18515-0000_2,"['SNR: 2']"
4898-28461-0057_0,"['SNR: 0']"
887-123291-0040_-14,"['SNR: -14']"
2518-154826-0006_-8,"['SNR: -8']"
7302-86815-0058_-12,"['SNR: -12']"
87-121553-0048_-15,"['SNR: -15']"
1867-154071-0042_5,"['SNR: 5']"
4788-91208-0033_-11,"['SNR: -11']"
445-123860-0004_-11,"['SNR: -11']"
1183-133256-0010_-5,"['SNR: -5']"
1502-122619-0068_10,"['SNR: 10']"
7517-100442-0032_4,"['SNR: 4']"
196-122159-0000_-10,"['SNR: -10']"
5393-19218-0045_-11,"['SNR: -11']"
2391-145015-0052_4,"['SNR: 4']"
1841-159771-0003_-3,"['SNR: -3']"
2911-12359-0002_9,"['SNR: 9']"
6081-41998-0035_-14,"['SNR: -14']"
7367-86737-0081_6,"['SNR: 6']"
2416-152139-0026_7,"['SNR: 7']"
6385-34669-0014_-7,"['SNR: -7']"
2764-36616-0006_-12,"['SNR: -12']"
3983-5371-0038_-7,"['SNR: -7']"
2391-145015-0045_4,"['SNR: 4']"
1040-133433-0021_8,"['SNR: 8']"
7148-59157-0009_-2,"['SNR: -2']"
5463-39173-0030_3,"['SNR: 3']"
909-131041-0005_-9,"['SNR: -9']"
1040-133433-0064_5,"['SNR: 5']"
118-121721-0002_-15,"['SNR: -15']"
7113-86041-0110_0,"['SNR: 0']"
4362-15663-0056_5,"['SNR: 5']"
6272-70171-0017_-11,"['SNR: -11']"
3486-166446-0011_-10,"['SNR: -10']"
2836-5355-0038_9,"['SNR: 9']"
4680-16042-0014_-15,"['SNR: -15']"
7505-258964-0025_-12,"['SNR: -12']"
1841-159771-0017_7,"['SNR: 7']"
730-358-0027_2,"['SNR: 2']"
4640-19187-0010_-14,"['SNR: -14']"
460-172359-0040_-8,"['SNR: -8']"
1088-129236-0007_-8,"['SNR: -8']"
3664-178355-0026_10,"['SNR: 10']"
7635-105661-0003_-12,"['SNR: -12']"
2893-139322-0038_0,"['SNR: 0']"
426-122819-0035_-6,"['SNR: -6']"
2289-152254-0002_4,"['SNR: 4']"
211-122442-0068_-15,"['SNR: -15']"
8051-295385-0023_8,"['SNR: 8']"
446-123501-0026_-12,"['SNR: -12']"
1098-133695-0000_-7,"['SNR: -7']"
3374-298032-0020_2,"['SNR: 2']"
6147-34605-0031_7,"['SNR: 7']"
7113-86041-0056_7,"['SNR: 7']"
696-92939-0038_2,"['SNR: 2']"
5789-57158-0021_-11,"['SNR: -11']"
1069-133709-0009_2,"['SNR: 2']"
7800-283492-0021_6,"['SNR: 6']"
307-127535-0028_-11,"['SNR: -11']"
1502-122615-0011_-3,"['SNR: -3']"
2952-410-0018_4,"['SNR: 4']"
1334-135589-0044_-12,"['SNR: -12']"
4014-186183-0009_-7,"['SNR: -7']"
78-368-0032_6,"['SNR: 6']"
3242-8112-0024_10,"['SNR: 10']"
696-93314-0026_-2,"['SNR: -2']"
6209-34601-0030_5,"['SNR: 5']"
2518-154826-0009_8,"['SNR: 8']"
2289-152254-0006_1,"['SNR: 1']"
2817-142380-0025_6,"['SNR: 6']"
2893-139310-0021_-15,"['SNR: -15']"
311-124404-0001_-8,"['SNR: -8']"
7367-86737-0086_6,"['SNR: 6']"
1116-137572-0032_-5,"['SNR: -5']"
5561-39621-0020_10,"['SNR: 10']"
196-122152-0022_-12,"['SNR: -12']"
7780-274562-0096_5,"['SNR: 5']"
1594-135914-0068_-13,"['SNR: -13']"
4051-11218-0053_-11,"['SNR: -11']"
6925-80680-0079_-15,"['SNR: -15']"
7794-295948-0023_-4,"['SNR: -4']"
1246-124548-0003_-2,"['SNR: -2']"
5393-19218-0014_-6,"['SNR: -6']"
374-180298-0048_6,"['SNR: 6']"
625-132112-0041_-1,"['SNR: -1']"
3526-176653-0032_-4,"['SNR: -4']"
5456-62043-0033_-15,"['SNR: -15']"
2514-149482-0064_8,"['SNR: 8']"
5456-24741-0010_-14,"['SNR: -14']"
3235-28433-0000_-5,"['SNR: -5']"
1841-150351-0008_9,"['SNR: 9']"
6880-216547-0020_-4,"['SNR: -4']"
7226-86965-0017_-9,"['SNR: -9']"
78-369-0034_6,"['SNR: 6']"
7190-90542-0077_-10,"['SNR: -10']"
412-126975-0034_0,"['SNR: 0']"
1455-134435-0046_5,"['SNR: 5']"
2952-408-0024_5,"['SNR: 5']"
1246-135815-0019_-13,"['SNR: -13']"
8838-298546-0046_-4,"['SNR: -4']"
4195-17507-0037_-7,"['SNR: -7']"
2691-156750-0011_-13,"['SNR: -13']"
125-121342-0007_-10,"['SNR: -10']"
3168-173565-0051_7,"['SNR: 7']"
3857-180923-0015_-4,"['SNR: -4']"
2182-181183-0028_-11,"['SNR: -11']"
6367-74004-0008_-8,"['SNR: -8']"
8226-274369-0037_1,"['SNR: 1']"
1963-142393-0052_-9,"['SNR: -9']"
311-124404-0105_-7,"['SNR: -7']"
60-121082-0062_3,"['SNR: 3']"
4680-16042-0007_2,"['SNR: 2']"
669-129074-0016_-3,"['SNR: -3']"
198-129977-0016_-14,"['SNR: -14']"
163-122947-0097_-7,"['SNR: -7']"
374-180299-0025_4,"['SNR: 4']"
6531-61334-0014_-6,"['SNR: -6']"
7511-102419-0000_0,"['SNR: 0']"
3168-173564-0041_-14,"['SNR: -14']"
3982-178459-0059_-9,"['SNR: -9']"
5561-41616-0020_9,"['SNR: 9']"
7264-92316-0006_-14,"['SNR: -14']"
1263-138246-0006_-5,"['SNR: -5']"
7148-82991-0026_-7,"['SNR: -7']"
8609-283227-0054_-1,"['SNR: -1']"
5561-41616-0033_7,"['SNR: 7']"
446-123501-0042_-5,"['SNR: -5']"
8838-298545-0018_5,"['SNR: 5']"
4214-7146-0030_-12,"['SNR: -12']"
1624-168623-0000_-3,"['SNR: -3']"
2691-156750-0013_-8,"['SNR: -8']"
254-127705-0040_-14,"['SNR: -14']"
198-129977-0017_-2,"['SNR: -2']"
3214-167607-0031_-4,"['SNR: -4']"
5789-70653-0012_-11,"['SNR: -11']"
226-122538-0005_9,"['SNR: 9']"
374-180299-0041_-13,"['SNR: -13']"
7800-283493-0021_1,"['SNR: 1']"
2159-179157-0018_-1,"['SNR: -1']"
198-126831-0017_-13,"['SNR: -13']"
5688-41232-0011_5,"['SNR: 5']"
1246-124548-0049_1,"['SNR: 1']"
7511-102420-0028_2,"['SNR: 2']"
2952-407-0005_-1,"['SNR: -1']"
446-123501-0040_-11,"['SNR: -11']"
2514-149482-0078_-12,"['SNR: -12']"
5393-19218-0035_2,"['SNR: 2']"
4788-91208-0007_-10,"['SNR: -10']"
1455-134435-0023_3,"['SNR: 3']"
5561-41616-0028_-4,"['SNR: -4']"
1992-141719-0013_-8,"['SNR: -8']"
5463-39173-0032_-12,"['SNR: -12']"
3879-173592-0018_4,"['SNR: 4']"
6209-34600-0004_-8,"['SNR: -8']"
4137-11702-0010_-7,"['SNR: -7']"
8324-286681-0009_0,"['SNR: 0']"
2989-138035-0065_7,"['SNR: 7']"
322-124146-0029_-12,"['SNR: -12']"
39-121916-0012_2,"['SNR: 2']"
7800-283492-0029_8,"['SNR: 8']"
5393-19219-0057_10,"['SNR: 10']"
5049-25947-0093_8,"['SNR: 8']"
2836-5354-0049_3,"['SNR: 3']"
5867-48852-0049_-10,"['SNR: -10']"
118-47824-0047_-11,"['SNR: -11']"
7067-76048-0021_-11,"['SNR: -11']"
8419-293473-0016_-5,"['SNR: -5']"
4441-76262-0030_-6,"['SNR: -6']"
696-92939-0032_10,"['SNR: 10']"
5339-14134-0026_-4,"['SNR: -4']"
7794-295955-0028_-9,"['SNR: -9']"
5339-14134-0034_10,"['SNR: 10']"
1098-133695-0077_7,"['SNR: 7']"
8580-287364-0048_-12,"['SNR: -12']"
5322-7679-0028_10,"['SNR: 10']"
412-126975-0068_4,"['SNR: 4']"
4830-25904-0006_-8,"['SNR: -8']"
7505-83618-0019_-9,"['SNR: -9']"
1867-154075-0002_5,"['SNR: 5']"
3440-171009-0026_-9,"['SNR: -9']"
2002-139469-0099_-7,"['SNR: -7']"
5456-62014-0001_7,"['SNR: 7']"
426-122819-0005_-1,"['SNR: -1']"
3235-28452-0016_-12,"['SNR: -12']"
7447-91186-0003_8,"['SNR: 8']"
163-122947-0026_-13,"['SNR: -13']"
1963-142393-0051_8,"['SNR: 8']"
289-121665-0038_-4,"['SNR: -4']"
8312-279791-0016_-12,"['SNR: -12']"
7264-92314-0016_4,"['SNR: 4']"
1502-122619-0022_-4,"['SNR: -4']"
5456-24741-0024_-10,"['SNR: -10']"
7264-92310-0018_8,"['SNR: 8']"
8797-294123-0018_8,"['SNR: 8']"
200-124140-0007_-7,"['SNR: -7']"
3879-174923-0024_8,"['SNR: 8']"
3374-298026-0022_-1,"['SNR: -1']"
5339-14133-0021_9,"['SNR: 9']"
5456-58161-0012_-10,"['SNR: -10']"
669-129074-0005_8,"['SNR: 8']"
1334-135589-0046_5,"['SNR: 5']"
7780-274562-0087_-4,"['SNR: -4']"
3607-135982-0013_-3,"['SNR: -3']"
6818-76332-0031_-1,"['SNR: -1']"
5678-43302-0029_-5,"['SNR: -5']"
5456-62043-0035_-4,"['SNR: -4']"
1578-140049-0019_-4,"['SNR: -4']"
1970-10594-0023_-3,"['SNR: -3']"
3240-131232-0039_-11,"['SNR: -11']"
226-131533-0018_9,"['SNR: 9']"
8629-261140-0040_10,"['SNR: 10']"
4898-20016-0022_-1,"['SNR: -1']"
1447-17506-0023_-3,"['SNR: -3']"
8770-295463-0014_-11,"['SNR: -11']"
5463-39174-0028_9,"['SNR: 9']"
302-123516-0015_-10,"['SNR: -10']"
200-124139-0007_10,"['SNR: 10']"
5393-19218-0003_-15,"['SNR: -15']"
839-130898-0072_5,"['SNR: 5']"
2989-138035-0027_8,"['SNR: 8']"
4406-16882-0040_-7,"['SNR: -7']"
8580-287364-0008_10,"['SNR: 10']"
3259-158083-0096_2,"['SNR: 2']"
1867-154071-0008_-8,"['SNR: -8']"
8629-261140-0045_-14,"['SNR: -14']"
7264-92316-0042_-6,"['SNR: -6']"
460-172359-0049_-8,"['SNR: -8']"
4813-248638-0015_-7,"['SNR: -7']"
6385-34669-0012_8,"['SNR: 8']"
4441-76263-0001_-10,"['SNR: -10']"
6531-61334-0002_3,"['SNR: 3']"
4481-17498-0017_3,"['SNR: 3']"
248-130652-0001_2,"['SNR: 2']"
4788-91208-0021_-8,"['SNR: -8']"
1970-28415-0032_-15,"['SNR: -15']"
4088-158077-0014_-15,"['SNR: -15']"
125-121124-0036_9,"['SNR: 9']"
8630-305213-0004_-7,"['SNR: -7']"
5104-33406-0027_1,"['SNR: 1']"
839-130898-0060_-3,"['SNR: -3']"
8425-287387-0005_2,"['SNR: 2']"
4340-15220-0058_0,"['SNR: 0']"
7148-59157-0012_-11,"['SNR: -11']"
1098-133695-0069_-5,"['SNR: -5']"
8419-293469-0022_-6,"['SNR: -6']"
211-122425-0069_-15,"['SNR: -15']"
7148-7763-0014_-12,"['SNR: -12']"
2436-2477-0027_5,"['SNR: 5']"
5390-30096-0022_-13,"['SNR: -13']"
2843-152918-0090_5,"['SNR: 5']"
3699-19402-0017_7,"['SNR: 7']"
1116-137572-0035_-9,"['SNR: -9']"
6531-61334-0044_-6,"['SNR: -6']"
2911-7601-0033_3,"['SNR: 3']"
1069-133699-0034_-7,"['SNR: -7']"
1578-6379-0021_0,"['SNR: 0']"
307-127539-0011_2,"['SNR: 2']"
2893-139310-0043_-15,"['SNR: -15']"
3235-28433-0033_2,"['SNR: 2']"
163-122947-0082_-11,"['SNR: -11']"
5463-39174-0020_3,"['SNR: 3']"
322-124147-0067_5,"['SNR: 5']"
1040-133433-0057_1,"['SNR: 1']"
8238-274553-0051_3,"['SNR: 3']"
4813-248641-0048_5,"['SNR: 5']"
8609-283227-0058_2,"['SNR: 2']"
2384-152900-0013_-13,"['SNR: -13']"
2843-152918-0021_3,"['SNR: 3']"
3168-173564-0020_2,"['SNR: 2']"
1334-135589-0064_-11,"['SNR: -11']"
5678-43301-0023_-8,"['SNR: -8']"
8465-246942-0000_3,"['SNR: 3']"
5456-24741-0013_8,"['SNR: 8']"
328-129766-0006_3,"['SNR: 3']"
5561-41615-0013_-10,"['SNR: -10']"
6415-100596-0020_-6,"['SNR: -6']"
8419-286667-0006_1,"['SNR: 1']"
8797-294123-0005_-14,"['SNR: -14']"
8770-295462-0009_-5,"['SNR: -5']"
6078-54007-0003_2,"['SNR: 2']"
669-129061-0064_-9,"['SNR: -9']"
163-121908-0010_1,"['SNR: 1']"
233-134440-0057_-13,"['SNR: -13']"
6181-216552-0033_3,"['SNR: 3']"
8063-274117-0001_3,"['SNR: 3']"
211-122442-0042_-9,"['SNR: -9']"
5778-12761-0034_-2,"['SNR: -2']"
7113-86041-0057_-8,"['SNR: -8']"
211-122425-0037_2,"['SNR: 2']"
5808-54425-0032_7,"['SNR: 7']"
4441-76250-0023_2,"['SNR: 2']"
5192-19396-0031_4,"['SNR: 4']"
3807-4923-0042_-6,"['SNR: -6']"
3240-131231-0072_-13,"['SNR: -13']"
83-9960-0016_-3,"['SNR: -3']"
2691-156745-0022_-10,"['SNR: -10']"
4362-15663-0027_-9,"['SNR: -9']"
39-121915-0024_3,"['SNR: 3']"
1088-134315-0057_-7,"['SNR: -7']"
4160-11550-0019_-9,"['SNR: -9']"
405-130894-0003_1,"['SNR: 1']"
6880-216547-0098_9,"['SNR: 9']"
1970-26100-0032_-8,"['SNR: -8']"
412-126975-0083_-8,"['SNR: -8']"
1263-138246-0001_-2,"['SNR: -2']"
8468-294887-0004_1,"['SNR: 1']"
7067-76048-0024_-8,"['SNR: -8']"
26-496-0001_-14,"['SNR: -14']"
1088-129236-0027_-10,"['SNR: -10']"
1447-17506-0005_8,"['SNR: 8']"
1116-132847-0006_9,"['SNR: 9']"
587-54108-0026_-15,"['SNR: -15']"
1737-142397-0024_-14,"['SNR: -14']"
460-172357-0006_3,"['SNR: 3']"
7402-59171-0022_9,"['SNR: 9']"
2910-131096-0052_1,"['SNR: 1']"
4340-15220-0025_8,"['SNR: 8']"
1723-141149-0015_4,"['SNR: 4']"
4680-16042-0036_-8,"['SNR: -8']"
8468-294887-0035_4,"['SNR: 4']"
2002-139469-0067_-11,"['SNR: -11']"
446-123501-0054_0,"['SNR: 0']"
4267-78186-0029_6,"['SNR: 6']"
196-122152-0030_-9,"['SNR: -9']"
2416-152137-0027_9,"['SNR: 9']"
7059-77900-0014_-3,"['SNR: -3']"
311-124404-0030_0,"['SNR: 0']"
3607-135982-0020_-13,"['SNR: -13']"
6415-116629-0006_4,"['SNR: 4']"
6064-300880-0032_-15,"['SNR: -15']"
4195-17507-0044_9,"['SNR: 9']"
1455-134435-0006_-8,"['SNR: -8']"
5778-54535-0042_-12,"['SNR: -12']"
7402-90848-0049_-15,"['SNR: -15']"
587-54108-0036_-2,"['SNR: -2']"
2893-139322-0041_6,"['SNR: 6']"
7278-104730-0031_-13,"['SNR: -13']"
6476-57446-0010_-5,"['SNR: -5']"
5867-48852-0069_6,"['SNR: 6']"
3607-135982-0037_10,"['SNR: 10']"
8051-295385-0030_-6,"['SNR: -6']"
839-130898-0031_6,"['SNR: 6']"
405-130894-0008_-10,"['SNR: -10']"
8063-274117-0013_7,"['SNR: 7']"
3723-171115-0048_4,"['SNR: 4']"
1447-17506-0025_3,"['SNR: 3']"
1246-124548-0006_-5,"['SNR: -5']"
587-41611-0010_5,"['SNR: 5']"
5390-30102-0016_2,"['SNR: 2']"
446-123502-0006_4,"['SNR: 4']"
1088-134315-0043_-15,"['SNR: -15']"
446-123501-0018_-3,"['SNR: -3']"
6209-34600-0035_-11,"['SNR: -11']"
2182-150130-0027_-1,"['SNR: -1']"
3235-28452-0026_2,"['SNR: 2']"
8629-261139-0056_-1,"['SNR: -1']"
7859-102519-0028_7,"['SNR: 7']"
458-126290-0006_-15,"['SNR: -15']"
1363-139304-0026_3,"['SNR: 3']"
1970-26100-0000_-3,"['SNR: -3']"
4137-11702-0046_-8,"['SNR: -8']"
4640-19188-0015_-5,"['SNR: -5']"
27-124992-0058_-11,"['SNR: -11']"
1867-148436-0040_-14,"['SNR: -14']"
8797-294123-0023_0,"['SNR: 0']"
6476-96661-0012_9,"['SNR: 9']"
8088-284756-0111_-12,"['SNR: -12']"
831-130739-0004_-15,"['SNR: -15']"
7190-90543-0003_-9,"['SNR: -9']"
3242-67153-0024_-12,"['SNR: -12']"
4088-158077-0064_-3,"['SNR: -3']"
7148-82991-0008_-7,"['SNR: -7']"
5390-30096-0000_-12,"['SNR: -12']"
3983-5371-0046_-15,"['SNR: -15']"
2893-139322-0036_-15,"['SNR: -15']"
7859-102519-0055_-6,"['SNR: -6']"
5049-25947-0054_-7,"['SNR: -7']"
2952-410-0054_-1,"['SNR: -1']"
6064-300880-0031_-6,"['SNR: -6']"
1246-124548-0036_-15,"['SNR: -15']"
32-21634-0014_10,"['SNR: 10']"
7312-92432-0025_-9,"['SNR: -9']"
1841-179183-0008_-9,"['SNR: -9']"
1116-137572-0046_-12,"['SNR: -12']"
8123-275209-0008_-9,"['SNR: -9']"
2910-131096-0005_-11,"['SNR: -11']"
4853-27670-0001_8,"['SNR: 8']"
1263-141777-0008_9,"['SNR: 9']"
87-121553-0032_-1,"['SNR: -1']"
2289-152254-0027_-8,"['SNR: -8']"
60-121082-0095_9,"['SNR: 9']"
32-21631-0010_-7,"['SNR: -7']"
78-369-0050_4,"['SNR: 4']"
2514-149482-0082_3,"['SNR: 3']"
8630-305213-0022_-8,"['SNR: -8']"
3526-176651-0007_4,"['SNR: 4']"
2182-181183-0020_-2,"['SNR: -2']"
3168-173565-0026_-5,"['SNR: -5']"
2182-150130-0003_-4,"['SNR: -4']"
2289-152257-0000_-1,"['SNR: -1']"
1737-148989-0022_-10,"['SNR: -10']"
4640-19189-0019_-6,"['SNR: -6']"
458-126290-0010_-9,"['SNR: -9']"
8468-286673-0000_-3,"['SNR: -3']"
3240-131232-0027_-12,"['SNR: -12']"
2952-410-0047_5,"['SNR: 5']"
8747-293952-0024_-7,"['SNR: -7']"
8747-293952-0053_8,"['SNR: 8']"
1898-145715-0014_-3,"['SNR: -3']"
2384-152900-0028_-5,"['SNR: -5']"
6147-34605-0006_-13,"['SNR: -13']"
103-1240-0042_4,"['SNR: 4']"
1926-147987-0007_-13,"['SNR: -13']"
2691-156755-0033_-1,"['SNR: -1']"
3374-298026-0002_5,"['SNR: 5']"
6563-285357-0036_-5,"['SNR: -5']"
6563-285357-0031_-1,"['SNR: -1']"
322-124147-0072_-13,"['SNR: -13']"
911-128684-0080_-1,"['SNR: -1']"
4441-76250-0016_-5,"['SNR: -5']"
3857-182317-0021_4,"['SNR: 4']"
3879-174923-0064_2,"['SNR: 2']"
3242-8112-0034_-12,"['SNR: -12']"
254-145458-0011_2,"['SNR: 2']"
8226-274371-0028_-2,"['SNR: -2']"
1553-140048-0020_10,"['SNR: 10']"
8465-246947-0013_-2,"['SNR: -2']"
26-496-0007_1,"['SNR: 1']"
39-121914-0048_-8,"['SNR: -8']"
1898-145715-0002_-7,"['SNR: -7']"
1963-142393-0002_9,"['SNR: 9']"
7780-274562-0011_-15,"['SNR: -15']"
289-121652-0030_10,"['SNR: 10']"
7302-86814-0011_-15,"['SNR: -15']"
2514-149482-0099_-9,"['SNR: -9']"
6848-252322-0011_3,"['SNR: 3']"
103-1240-0008_-2,"['SNR: -2']"
2436-2477-0035_-9,"['SNR: -9']"
8747-293952-0013_-7,"['SNR: -7']"
1743-142913-0012_7,"['SNR: 7']"
2159-179157-0012_2,"['SNR: 2']"
1235-135883-0040_7,"['SNR: 7']"
1081-125237-0104_8,"['SNR: 8']"
7794-295947-0041_-4,"['SNR: -4']"
5808-54425-0004_-4,"['SNR: -4']"
4014-186176-0020_-8,"['SNR: -8']"
1963-142393-0029_-9,"['SNR: -9']"
887-123289-0039_-8,"['SNR: -8']"
7447-91186-0000_-14,"['SNR: -14']"
4297-13009-0065_-3,"['SNR: -3']"
4051-11218-0017_-15,"['SNR: -15']"
250-142276-0048_-4,"['SNR: -4']"
4051-10927-0016_7,"['SNR: 7']"
481-123719-0008_-4,"['SNR: -4']"
3526-176653-0022_7,"['SNR: 7']"
1183-128659-0008_10,"['SNR: 10']"
2002-139469-0090_-11,"['SNR: -11']"
6437-66172-0032_-11,"['SNR: -11']"
839-130898-0038_7,"['SNR: 7']"
39-121916-0029_-8,"['SNR: -8']"
2843-152918-0088_0,"['SNR: 0']"
2289-152258-0012_-11,"['SNR: -11']"
8838-298545-0037_-9,"['SNR: -9']"
5049-25947-0027_-7,"['SNR: -7']"
6272-70168-0002_-15,"['SNR: -15']"
4051-10927-0024_2,"['SNR: 2']"
5463-39173-0036_2,"['SNR: 2']"
696-92939-0009_0,"['SNR: 0']"
4014-186175-0001_-13,"['SNR: -13']"
7312-92432-0016_-9,"['SNR: -9']"
460-172359-0082_10,"['SNR: 10']"
405-130894-0024_-13,"['SNR: -13']"
6064-300880-0014_10,"['SNR: 10']"
403-216-0007_-8,"['SNR: -8']"
445-123857-0002_-11,"['SNR: -11']"
4051-11217-0011_-7,"['SNR: -7']"
248-130697-0012_-1,"['SNR: -1']"
4088-158077-0007_6,"['SNR: 6']"
4014-186175-0021_-4,"['SNR: -4']"
8098-275181-0007_9,"['SNR: 9']"
2989-138035-0002_10,"['SNR: 10']"
4898-28461-0036_-1,"['SNR: -1']"
2893-139310-0029_2,"['SNR: 2']"
3526-176653-0035_-3,"['SNR: -3']"
2952-407-0009_1,"['SNR: 1']"
254-145458-0016_2,"['SNR: 2']"
8014-112602-0010_2,"['SNR: 2']"
298-126791-0037_-5,"['SNR: -5']"
2764-36619-0017_9,"['SNR: 9']"
405-130894-0014_-2,"['SNR: -2']"
7226-86964-0007_-11,"['SNR: -11']"
2196-174172-0011_4,"['SNR: 4']"
458-126294-0005_-15,"['SNR: -15']"
289-121665-0044_-14,"['SNR: -14']"
4088-158077-0013_-11,"['SNR: -11']"
6415-111615-0014_10,"['SNR: 10']"
6181-216552-0027_-13,"['SNR: -13']"
6476-57446-0063_1,"['SNR: 1']"
6415-111615-0004_-10,"['SNR: -10']"
39-121914-0031_-15,"['SNR: -15']"
233-155990-0008_-15,"['SNR: -15']"
4267-287369-0012_0,"['SNR: 0']"
3214-167607-0001_-15,"['SNR: -15']"
1246-124550-0009_0,"['SNR: 0']"
328-129766-0072_-8,"['SNR: -8']"
2416-152139-0031_-2,"['SNR: -2']"
2289-152254-0005_5,"['SNR: 5']"
7635-105409-0049_-10,"['SNR: -10']"
3214-167602-0003_-11,"['SNR: -11']"
7302-86814-0023_-1,"['SNR: -1']"
226-131533-0005_1,"['SNR: 1']"
1069-133699-0038_-13,"['SNR: -13']"
4051-10927-0001_3,"['SNR: 3']"
887-123291-0036_-14,"['SNR: -14']"
481-123720-0018_9,"['SNR: 9']"
2836-5355-0017_-1,"['SNR: -1']"
2836-5354-0029_-15,"['SNR: -15']"
7859-102518-0034_-15,"['SNR: -15']"
40-121026-0039_8,"['SNR: 8']"
3440-171006-0013_-7,"['SNR: -7']"
7226-86964-0005_10,"['SNR: 10']"
248-130652-0028_-6,"['SNR: -6']"
4406-16882-0055_5,"['SNR: 5']"
4406-16883-0048_-2,"['SNR: -2']"
3699-175950-0021_-3,"['SNR: -3']"
2416-152139-0050_-6,"['SNR: -6']"
8098-278252-0039_-8,"['SNR: -8']"
201-127786-0061_2,"['SNR: 2']"
4859-29340-0036_-11,"['SNR: -11']"
7505-258958-0027_8,"['SNR: 8']"
3830-12530-0029_5,"['SNR: 5']"
1963-142776-0015_-6,"['SNR: -6']"
6147-34605-0027_6,"['SNR: 6']"
6078-54013-0066_5,"['SNR: 5']"
7800-283478-0010_-14,"['SNR: -14']"
412-126975-0082_7,"['SNR: 7']"
1963-142776-0011_-8,"['SNR: -8']"
4788-294466-0029_-12,"['SNR: -12']"
3879-173592-0038_-2,"['SNR: -2']"
5393-19219-0023_-5,"['SNR: -5']"
1737-142397-0003_-3,"['SNR: -3']"
6147-34607-0017_2,"['SNR: 2']"
3830-12530-0045_-15,"['SNR: -15']"
1183-133255-0006_2,"['SNR: 2']"
163-122947-0017_-10,"['SNR: -10']"
8609-262281-0024_-9,"['SNR: -9']"
6848-252323-0019_-15,"['SNR: -15']"
233-134440-0012_10,"['SNR: 10']"
5778-54535-0044_8,"['SNR: 8']"
2952-408-0020_4,"['SNR: 4']"
32-4137-0009_-2,"['SNR: -2']"
4340-15220-0024_5,"['SNR: 5']"
2911-12359-0006_6,"['SNR: 6']"
8629-261140-0020_-6,"['SNR: -6']"
7278-104730-0028_7,"['SNR: 7']"
4297-13006-0043_-12,"['SNR: -12']"
5688-41232-0020_3,"['SNR: 3']"
8312-279791-0010_-6,"['SNR: -6']"
8975-270782-0026_3,"['SNR: 3']"
1355-39947-0056_6,"['SNR: 6']"
909-131044-0002_-4,"['SNR: -4']"
32-4137-0034_4,"['SNR: 4']"
163-122947-0062_-9,"['SNR: -9']"
5514-19192-0000_-12,"['SNR: -12']"
4340-15220-0051_7,"['SNR: 7']"
3699-175950-0011_2,"['SNR: 2']"
1081-125237-0083_-2,"['SNR: -2']"
4018-107338-0027_-10,"['SNR: -10']"
198-126831-0037_7,"['SNR: 7']"
4813-248638-0017_3,"['SNR: 3']"
4859-29340-0019_9,"['SNR: 9']"
2007-149877-0004_6,"['SNR: 6']"
8063-274112-0007_-5,"['SNR: -5']"
5393-19218-0022_8,"['SNR: 8']"
5750-100289-0007_5,"['SNR: 5']"
1841-159771-0031_9,"['SNR: 9']"
163-121908-0003_2,"['SNR: 2']"
6064-56165-0033_10,"['SNR: 10']"
6437-66172-0005_-12,"['SNR: -12']"
125-121124-0085_-11,"['SNR: -11']"
4088-158077-0065_-5,"['SNR: -5']"
3214-167602-0018_5,"['SNR: 5']"
322-124147-0054_6,"['SNR: 6']"
39-121914-0047_-10,"['SNR: -10']"
26-495-0043_10,"['SNR: 10']"
4397-15668-0010_0,"['SNR: 0']"
32-21625-0002_-7,"['SNR: -7']"
89-218-0010_-3,"['SNR: -3']"
8770-295463-0012_10,"['SNR: 10']"
2989-138035-0068_4,"['SNR: 4']"
8770-295465-0013_-9,"['SNR: -9']"
7113-86041-0087_10,"['SNR: 10']"
1737-142396-0013_-10,"['SNR: -10']"
669-129061-0071_-9,"['SNR: -9']"
7447-91186-0016_-3,"['SNR: -3']"
1624-168623-0052_9,"['SNR: 9']"
4788-91208-0004_4,"['SNR: 4']"
2764-36617-0027_-5,"['SNR: -5']"
118-47824-0086_-14,"['SNR: -14']"
4397-15678-0017_-5,"['SNR: -5']"
118-47824-0073_0,"['SNR: 0']"
2691-156750-0023_-7,"['SNR: -7']"
4441-76262-0022_-13,"['SNR: -13']"
1447-130550-0008_-15,"['SNR: -15']"
6529-62554-0006_-15,"['SNR: -15']"
3664-178355-0015_-6,"['SNR: -6']"
7278-104730-0039_-9,"['SNR: -9']"
5339-14134-0018_9,"['SNR: 9']"
2007-132570-0033_-12,"['SNR: -12']"
4195-186237-0032_-7,"['SNR: -7']"
8098-275181-0023_-12,"['SNR: -12']"
8747-293952-0068_2,"['SNR: 2']"
1502-122619-0083_-7,"['SNR: -7']"
8425-246962-0006_-1,"['SNR: -1']"
6385-34655-0010_-15,"['SNR: -15']"
198-209-0028_7,"['SNR: 7']"
4362-15663-0046_-13,"['SNR: -13']"
2911-15045-0020_8,"['SNR: 8']"
39-121915-0030_10,"['SNR: 10']"
831-130739-0023_-14,"['SNR: -14']"
7794-295955-0029_3,"['SNR: 3']"
2416-152139-0023_8,"['SNR: 8']"
7800-283478-0000_-9,"['SNR: -9']"
8465-246943-0012_-8,"['SNR: -8']"
8123-275216-0038_-15,"['SNR: -15']"
2989-138035-0057_8,"['SNR: 8']"
3112-9555-0048_1,"['SNR: 1']"
5688-15787-0023_-1,"['SNR: -1']"
4297-13009-0052_-13,"['SNR: -13']"
5049-25947-0022_-15,"['SNR: -15']"
7148-59157-0020_-3,"['SNR: -3']"
3214-167606-0022_-11,"['SNR: -11']"
1926-143879-0031_5,"['SNR: 5']"
1088-134318-0014_-11,"['SNR: -11']"
2391-145015-0041_-7,"['SNR: -7']"
2764-36617-0013_-1,"['SNR: -1']"
5789-57158-0018_2,"['SNR: 2']"
6000-86686-0012_-3,"['SNR: -3']"
2836-5355-0011_-9,"['SNR: -9']"
322-124147-0059_6,"['SNR: 6']"
587-54108-0032_0,"['SNR: 0']"
2182-181183-0007_7,"['SNR: 7']"
1553-140048-0007_-7,"['SNR: -7']"
4441-76262-0032_4,"['SNR: 4']"
405-130894-0015_-5,"['SNR: -5']"
8088-284756-0100_-12,"['SNR: -12']"
3807-4955-0013_4,"['SNR: 4']"
2136-5143-0028_-6,"['SNR: -6']"
8014-112602-0003_-2,"['SNR: -2']"
7278-104730-0022_8,"['SNR: 8']"
8238-283452-0022_-4,"['SNR: -4']"
5789-70653-0026_5,"['SNR: 5']"
3259-158083-0047_9,"['SNR: 9']"
6454-93938-0022_8,"['SNR: 8']"
27-124992-0006_-1,"['SNR: -1']"
4088-158077-0021_2,"['SNR: 2']"
3879-173592-0030_-9,"['SNR: -9']"
3240-131231-0033_0,"['SNR: 0']"
730-359-0050_-1,"['SNR: -1']"
200-126784-0019_-2,"['SNR: -2']"
322-124147-0039_1,"['SNR: 1']"
4898-20016-0030_6,"['SNR: 6']"
1355-39947-0021_9,"['SNR: 9']"
5104-33407-0035_-13,"['SNR: -13']"
307-127535-0016_1,"['SNR: 1']"
7635-105409-0030_-12,"['SNR: -12']"
7367-86737-0008_-8,"['SNR: -8']"
3436-172171-0017_8,"['SNR: 8']"
83-11691-0024_-7,"['SNR: -7']"
6181-216552-0058_5,"['SNR: 5']"
412-126975-0028_-1,"['SNR: -1']"
3242-8112-0027_-4,"['SNR: -4']"
6563-285357-0024_-14,"['SNR: -14']"
909-131041-0004_-3,"['SNR: -3']"
4640-19188-0012_2,"['SNR: 2']"
1455-138263-0042_-6,"['SNR: -6']"
909-131045-0001_-14,"['SNR: -14']"
2289-152257-0010_-11,"['SNR: -11']"
5808-54425-0037_-10,"['SNR: -10']"
3440-171009-0044_-7,"['SNR: -7']"
7278-104730-0006_-11,"['SNR: -11']"
7517-100437-0028_-5,"['SNR: -5']"
4680-16041-0003_8,"['SNR: 8']"
8425-291444-0007_-13,"['SNR: -13']"
1898-145724-0028_3,"['SNR: 3']"
3112-9555-0044_1,"['SNR: 1']"
8095-274346-0035_-5,"['SNR: -5']"
8609-262281-0023_-10,"['SNR: -10']"
4397-15668-0027_2,"['SNR: 2']"
150-126112-0034_5,"['SNR: 5']"
7402-90848-0034_-5,"['SNR: -5']"
696-93314-0038_6,"['SNR: 6']"
4160-11549-0024_-3,"['SNR: -3']"
481-123720-0068_-15,"['SNR: -15']"
211-122442-0039_-1,"['SNR: -1']"
8238-274553-0060_-3,"['SNR: -3']"
2843-152918-0013_9,"['SNR: 9']"
4830-25898-0028_1,"['SNR: 1']"
40-222-0057_-11,"['SNR: -11']"
7226-86964-0019_10,"['SNR: 10']"
83-9960-0042_-14,"['SNR: -14']"
118-47824-0034_6,"['SNR: 6']"
7178-34644-0069_-6,"['SNR: -6']"
2910-131096-0027_-10,"['SNR: -10']"
233-134440-0010_4,"['SNR: 4']"
4018-103416-0023_6,"['SNR: 6']"
4267-287369-0003_-2,"['SNR: -2']"
7226-86965-0034_-13,"['SNR: -13']"
2989-138028-0016_-11,"['SNR: -11']"
2989-138035-0000_-3,"['SNR: -3']"
5163-39921-0042_-2,"['SNR: -2']"
1578-140049-0029_-14,"['SNR: -14']"
460-172359-0073_-12,"['SNR: -12']"
6925-80680-0075_-10,"['SNR: -10']"
8797-294123-0081_-8,"['SNR: -8']"
250-142276-0030_-13,"['SNR: -13']"
1355-39947-0092_5,"['SNR: 5']"
1363-135842-0043_9,"['SNR: 9']"
60-121082-0024_-8,"['SNR: -8']"
7402-59171-0012_-5,"['SNR: -5']"
1116-137572-0014_8,"['SNR: 8']"
4481-17498-0047_-15,"['SNR: -15']"
6081-41998-0010_1,"['SNR: 1']"
6454-120342-0010_-13,"['SNR: -13']"
8238-274553-0047_-1,"['SNR: -1']"
7148-82991-0025_-8,"['SNR: -8']"
887-123290-0014_0,"['SNR: 0']"
6272-70171-0007_5,"['SNR: 5']"
1034-121119-0071_-10,"['SNR: -10']"
1594-135914-0049_-7,"['SNR: -7']"
3112-9555-0059_4,"['SNR: 4']"
32-4137-0036_-6,"['SNR: -6']"
625-132118-0036_-5,"['SNR: -5']"
289-121665-0006_-11,"['SNR: -11']"
7794-295948-0015_1,"['SNR: 1']"
1183-133255-0005_-1,"['SNR: -1']"
1455-134435-0070_8,"['SNR: 8']"
6367-74004-0027_-4,"['SNR: -4']"
7859-102519-0040_3,"['SNR: 3']"
229-130880-0032_4,"['SNR: 4']"
4088-158077-0000_-3,"['SNR: -3']"
6454-93938-0006_1,"['SNR: 1']"
307-127539-0009_1,"['SNR: 1']"
201-127786-0054_-14,"['SNR: -14']"
7780-274562-0037_-9,"['SNR: -9']"
7635-105661-0039_6,"['SNR: 6']"
211-122442-0034_-10,"['SNR: -10']"
1447-130551-0019_3,"['SNR: 3']"
4481-17498-0038_-7,"['SNR: -7']"
198-209-0000_-15,"['SNR: -15']"
4137-11701-0039_-9,"['SNR: -9']"
6818-68772-0001_7,"['SNR: 7']"
83-9960-0038_-9,"['SNR: -9']"
460-172359-0054_-9,"['SNR: -9']"
198-209-0019_-5,"['SNR: -5']"
5339-14134-0044_-11,"['SNR: -11']"
2416-152139-0066_9,"['SNR: 9']"
8609-283227-0021_8,"['SNR: 8']"
5163-18515-0013_-9,"['SNR: -9']"
8425-292520-0001_-8,"['SNR: -8']"
730-358-0051_1,"['SNR: 1']"
3112-9555-0064_7,"['SNR: 7']"
6415-100596-0022_-5,"['SNR: -5']"
201-127786-0067_9,"['SNR: 9']"
441-130108-0036_-7,"['SNR: -7']"
1263-138246-0028_-2,"['SNR: -2']"
6064-56168-0032_1,"['SNR: 1']"
2092-145706-0062_-14,"['SNR: -14']"
8580-287363-0023_4,"['SNR: 4']"
8324-286683-0023_-10,"['SNR: -10']"
40-222-0056_-13,"['SNR: -13']"
6925-80680-0034_10,"['SNR: 10']"
60-121082-0040_-15,"['SNR: -15']"
8425-292520-0019_-15,"['SNR: -15']"
3436-172171-0044_-14,"['SNR: -14']"
5456-58161-0019_8,"['SNR: 8']"
7859-102518-0004_8,"['SNR: 8']"
3436-172171-0007_0,"['SNR: 0']"
6925-80680-0057_4,"['SNR: 4']"
1334-135589-0087_6,"['SNR: 6']"
8238-274553-0018_-15,"['SNR: -15']"
1737-142396-0003_-15,"['SNR: -15']"
39-121914-0033_-3,"['SNR: -3']"
5750-100289-0088_2,"['SNR: 2']"
2518-154825-0020_-14,"['SNR: -14']"
1455-134435-0063_1,"['SNR: 1']"
4397-15668-0009_2,"['SNR: 2']"
3879-174923-0016_5,"['SNR: 5']"
5703-47198-0002_-3,"['SNR: -3']"
4406-16883-0020_10,"['SNR: 10']"
4397-15678-0024_4,"['SNR: 4']"
7190-90543-0037_-8,"['SNR: -8']"
3526-176653-0043_-12,"['SNR: -12']"
2910-131096-0019_-1,"['SNR: -1']"
4014-186175-0022_5,"['SNR: 5']"
4859-26870-0022_-1,"['SNR: -1']"
8095-274345-0003_-1,"['SNR: -1']"
8609-283227-0066_4,"['SNR: 4']"
4137-11701-0016_-14,"['SNR: -14']"
8014-112602-0032_-15,"['SNR: -15']"
2002-139469-0028_-15,"['SNR: -15']"
6209-34599-0023_-11,"['SNR: -11']"
2182-181173-0002_8,"['SNR: 8']"
3982-178459-0050_8,"['SNR: 8']"
5652-39938-0007_4,"['SNR: 4']"
1841-159771-0004_-8,"['SNR: -8']"
196-122152-0011_5,"['SNR: 5']"
1455-134435-0042_-15,"['SNR: -15']"
4788-94904-0024_0,"['SNR: 0']"
87-121553-0081_-1,"['SNR: -1']"
5390-24512-0037_8,"['SNR: 8']"
7302-86814-0012_8,"['SNR: 8']"
2952-407-0018_-11,"['SNR: -11']"
8014-280382-0000_-12,"['SNR: -12']"
7447-91187-0005_-14,"['SNR: -14']"
1088-134318-0021_-11,"['SNR: -11']"
730-360-0030_-13,"['SNR: -13']"
5463-39173-0042_-5,"['SNR: -5']"
7780-274562-0053_-9,"['SNR: -9']"
6529-62554-0029_-6,"['SNR: -6']"
8312-279791-0047_4,"['SNR: 4']"
6367-65536-0045_-9,"['SNR: -9']"
87-121553-0079_-15,"['SNR: -15']"
3983-5371-0019_-7,"['SNR: -7']"
7794-295955-0001_9,"['SNR: 9']"
3374-298026-0039_-1,"['SNR: -1']"
3112-9554-0015_-7,"['SNR: -7']"
4051-11218-0015_-11,"['SNR: -11']"
89-218-0024_-5,"['SNR: -5']"
8770-295463-0021_-15,"['SNR: -15']"
233-134440-0054_-4,"['SNR: -4']"
4859-26870-0023_-2,"['SNR: -2']"
3440-171009-0037_3,"['SNR: 3']"
322-124146-0019_-10,"['SNR: -10']"
5022-29411-0063_-11,"['SNR: -11']"
6181-216552-0080_0,"['SNR: 0']"
7148-82991-0001_-15,"['SNR: -15']"
8975-270782-0032_7,"['SNR: 7']"
4441-76250-0000_-4,"['SNR: -4']"
8312-279791-0039_6,"['SNR: 6']"
5163-39921-0017_0,"['SNR: 0']"
2911-7601-0046_-5,"['SNR: -5']"
3436-172171-0018_-12,"['SNR: -12']"
1898-145715-0006_-15,"['SNR: -15']"
5678-43302-0035_-12,"['SNR: -12']"
7511-102420-0005_2,"['SNR: 2']"
78-369-0043_-7,"['SNR: -7']"
2691-156750-0016_-4,"['SNR: -4']"
441-128988-0029_-15,"['SNR: -15']"
8580-287363-0030_-14,"['SNR: -14']"
1594-135914-0039_9,"['SNR: 9']"
7178-34644-0037_10,"['SNR: 10']"
5652-39938-0013_8,"['SNR: 8']"
8609-262281-0019_-14,"['SNR: -14']"
6563-285357-0015_4,"['SNR: 4']"
6531-61334-0069_4,"['SNR: 4']"
6880-216547-0030_-5,"['SNR: -5']"
6848-252322-0001_7,"['SNR: 7']"
6529-62556-0031_-10,"['SNR: -10']"
4441-76250-0007_-2,"['SNR: -2']"
3983-5331-0041_-8,"['SNR: -8']"
3259-158083-0059_3,"['SNR: 3']"
2007-149877-0028_-5,"['SNR: -5']"
4830-25898-0016_-7,"['SNR: -7']"
4406-16883-0004_-8,"['SNR: -8']"
2514-149482-0074_7,"['SNR: 7']"
226-122538-0023_-10,"['SNR: -10']"
2416-152139-0015_2,"['SNR: 2']"
7302-86815-0046_-7,"['SNR: -7']"
3214-167602-0012_5,"['SNR: 5']"
302-123504-0001_-12,"['SNR: -12']"
4362-15663-0012_5,"['SNR: 5']"
5104-33406-0045_-13,"['SNR: -13']"
909-131041-0012_-5,"['SNR: -5']"
4813-248641-0052_-7,"['SNR: -7']"
248-130644-0023_3,"['SNR: 3']"
8226-274369-0042_0,"['SNR: 0']"
7178-34645-0015_7,"['SNR: 7']"
4214-7146-0031_-9,"['SNR: -9']"
7278-104730-0003_-1,"['SNR: -1']"
39-121915-0005_0,"['SNR: 0']"
5390-30102-0013_-13,"['SNR: -13']"
211-122425-0053_-9,"['SNR: -9']"
6437-66173-0062_7,"['SNR: 7']"
460-172359-0046_-6,"['SNR: -6']"
39-121914-0038_-14,"['SNR: -14']"
4397-15678-0009_1,"['SNR: 1']"
83-11691-0027_-6,"['SNR: -6']"
3259-158083-0070_-10,"['SNR: -10']"
6181-216552-0007_-12,"['SNR: -12']"
2416-152139-0008_-15,"['SNR: -15']"
5049-25947-0036_-4,"['SNR: -4']"
2989-138028-0030_6,"['SNR: 6']"
7505-83618-0003_-11,"['SNR: -11']"
446-123502-0048_10,"['SNR: 10']"
8238-274553-0073_-14,"['SNR: -14']"
4830-25904-0004_-5,"['SNR: -5']"
6019-3185-0029_-1,"['SNR: -1']"
8975-270782-0038_-8,"['SNR: -8']"
322-124147-0080_2,"['SNR: 2']"
4195-186237-0015_-8,"['SNR: -8']"
7059-77900-0036_-12,"['SNR: -12']"
458-126305-0021_-3,"['SNR: -3']"
3526-176653-0012_-13,"['SNR: -13']"
3374-298025-0004_-6,"['SNR: -6']"
8468-294887-0041_9,"['SNR: 9']"
3830-12530-0007_-2,"['SNR: -2']"
4267-78186-0037_9,"['SNR: 9']"
40-222-0014_-7,"['SNR: -7']"
8051-295385-0033_-8,"['SNR: -8']"
125-121124-0040_-13,"['SNR: -13']"
27-124992-0052_-12,"['SNR: -12']"
5703-47212-0030_1,"['SNR: 1']"
298-126790-0026_-1,"['SNR: -1']"
8468-294887-0022_7,"['SNR: 7']"
26-495-0044_10,"['SNR: 10']"
311-124404-0060_-5,"['SNR: -5']"
6367-65536-0043_-6,"['SNR: -6']"
3526-176653-0031_-15,"['SNR: -15']"
403-128339-0022_-11,"['SNR: -11']"
7635-105661-0046_-1,"['SNR: -1']"
6880-216547-0083_-1,"['SNR: -1']"
1235-135883-0038_-9,"['SNR: -9']"
1116-137572-0036_-8,"['SNR: -8']"
8419-286667-0009_-10,"['SNR: -10']"
1624-168623-0049_4,"['SNR: 4']"
3374-298032-0034_-10,"['SNR: -10']"
1502-122619-0016_5,"['SNR: 5']"
911-128684-0042_8,"['SNR: 8']"
5678-43301-0022_2,"['SNR: 2']"
200-126784-0006_-8,"['SNR: -8']"
5688-41232-0045_-10,"['SNR: -10']"
1116-137572-0021_-14,"['SNR: -14']"
2436-2477-0034_9,"['SNR: 9']"
7113-86041-0004_6,"['SNR: 6']"
26-496-0011_9,"['SNR: 9']"
1098-133695-0034_8,"['SNR: 8']"
6880-216547-0004_-11,"['SNR: -11']"
4853-27671-0011_4,"['SNR: 4']"
4014-186183-0023_-9,"['SNR: -9']"
6531-61334-0015_-2,"['SNR: -2']"
6529-62556-0030_-13,"['SNR: -13']"
6147-34605-0000_-12,"['SNR: -12']"
1081-125237-0080_-12,"['SNR: -12']"
5022-29411-0070_-14,"['SNR: -14']"
6385-34655-0012_1,"['SNR: 1']"
3723-171115-0029_-10,"['SNR: -10']"
2136-5147-0028_5,"['SNR: 5']"
909-131044-0012_-15,"['SNR: -15']"
5678-43302-0030_-7,"['SNR: -7']"
3664-11714-0027_9,"['SNR: 9']"
201-122255-0023_9,"['SNR: 9']"
1363-135842-0049_1,"['SNR: 1']"
4898-20016-0027_-11,"['SNR: -11']"
150-126107-0022_-3,"['SNR: -3']"
6209-34600-0033_10,"['SNR: 10']"
6385-34669-0000_-3,"['SNR: -3']"
7447-91186-0004_-13,"['SNR: -13']"
2989-138035-0047_7,"['SNR: 7']"
1737-148989-0021_-4,"['SNR: -4']"
1594-135914-0023_2,"['SNR: 2']"
6019-3185-0039_-10,"['SNR: -10']"
4441-76250-0006_2,"['SNR: 2']"
3723-171631-0028_2,"['SNR: 2']"
1867-154071-0044_4,"['SNR: 4']"
4406-16882-0014_1,"['SNR: 1']"
458-126290-0009_7,"['SNR: 7']"
3235-28452-0007_10,"['SNR: 10']"
8797-294123-0087_-10,"['SNR: -10']"
3235-28452-0029_-9,"['SNR: -9']"
1116-132851-0010_-10,"['SNR: -10']"
7059-88364-0018_10,"['SNR: 10']"
2002-139469-0103_7,"['SNR: 7']"
118-124588-0013_-6,"['SNR: -6']"
4195-17507-0017_1,"['SNR: 1']"
8051-119902-0029_-9,"['SNR: -9']"
625-132118-0049_7,"['SNR: 7']"
39-121915-0023_0,"['SNR: 0']"
7635-105409-0057_-7,"['SNR: -7']"
4267-287369-0016_-3,"['SNR: -3']"
2691-156750-0025_2,"['SNR: 2']"
200-124140-0011_4,"['SNR: 4']"
5022-29405-0027_-7,"['SNR: -7']"
8312-279790-0002_0,"['SNR: 0']"
6209-34601-0001_0,"['SNR: 0']"
4195-186237-0021_3,"['SNR: 3']"
4160-11550-0025_4,"['SNR: 4']"
1355-39947-0067_-14,"['SNR: -14']"
5678-43303-0021_-14,"['SNR: -14']"
405-130894-0004_1,"['SNR: 1']"
307-127539-0026_7,"['SNR: 7']"
1098-133695-0045_-12,"['SNR: -12']"
5192-19397-0066_4,"['SNR: 4']"
198-209-0036_6,"['SNR: 6']"
6437-66173-0015_9,"['SNR: 9']"
8838-298545-0045_-15,"['SNR: -15']"
5778-54535-0034_-7,"['SNR: -7']"
8465-246943-0003_-1,"['SNR: -1']"
446-123502-0040_6,"['SNR: 6']"
4014-186176-0034_-3,"['SNR: -3']"
307-127535-0042_0,"['SNR: 0']"
3259-158083-0066_-3,"['SNR: -3']"
5750-100289-0083_-12,"['SNR: -12']"
1723-141149-0039_-3,"['SNR: -3']"
1502-122619-0092_2,"['SNR: 2']"
1363-139304-0003_1,"['SNR: 1']"
8425-246962-0020_4,"['SNR: 4']"
7264-92316-0001_10,"['SNR: 10']"
19-198-0014_2,"['SNR: 2']"
5104-33406-0018_8,"['SNR: 8']"
196-122150-0037_-8,"['SNR: -8']"
289-121665-0003_-1,"['SNR: -1']"
8238-283452-0046_-11,"['SNR: -11']"
2952-410-0019_-11,"['SNR: -11']"
5808-48608-0051_1,"['SNR: 1']"
8108-280359-0003_6,"['SNR: 6']"
3526-176653-0049_-3,"['SNR: -3']"
7302-86815-0022_8,"['SNR: 8']"
730-358-0003_5,"['SNR: 5']"
211-122425-0051_9,"['SNR: 9']"
3947-13260-0032_-8,"['SNR: -8']"
8425-246962-0001_6,"['SNR: 6']"
4160-11549-0034_-9,"['SNR: -9']"
831-130746-0018_6,"['SNR: 6']"
2514-149482-0063_-13,"['SNR: -13']"
6531-61334-0023_0,"['SNR: 0']"
2391-145015-0005_-8,"['SNR: -8']"
2002-139469-0082_-8,"['SNR: -8']"
8123-275216-0019_-13,"['SNR: -13']"
6209-34601-0035_4,"['SNR: 4']"
6081-41997-0027_-2,"['SNR: -2']"
196-122159-0018_-11,"['SNR: -11']"
211-122425-0011_-1,"['SNR: -1']"
7178-34644-0000_-10,"['SNR: -10']"
4788-94904-0006_-14,"['SNR: -14']"
5514-19192-0004_-9,"['SNR: -9']"
5192-19396-0010_-13,"['SNR: -13']"
5678-43302-0003_3,"['SNR: 3']"
4214-7146-0050_8,"['SNR: 8']"
298-126790-0017_-9,"['SNR: -9']"
4267-78186-0035_5,"['SNR: 5']"
8238-283452-0041_-7,"['SNR: -7']"
7402-59171-0005_-9,"['SNR: -9']"
2391-145015-0019_3,"['SNR: 3']"
3982-178459-0023_-2,"['SNR: -2']"
5339-14133-0028_7,"['SNR: 7']"
8630-305213-0003_-14,"['SNR: -14']"
1502-122615-0015_-14,"['SNR: -14']"
426-122822-0004_-7,"['SNR: -7']"
103-1240-0022_0,"['SNR: 0']"
412-126975-0081_-6,"['SNR: -6']"
7264-92310-0020_-5,"['SNR: -5']"
198-126831-0004_7,"['SNR: 7']"
8629-261139-0028_5,"['SNR: 5']"
89-219-0058_-3,"['SNR: -3']"
1594-135914-0050_-15,"['SNR: -15']"
8609-283227-0060_-8,"['SNR: -8']"
2391-145015-0088_-7,"['SNR: -7']"
118-47824-0083_-9,"['SNR: -9']"
8312-279790-0027_-3,"['SNR: -3']"
4680-16026-0030_-15,"['SNR: -15']"
250-142286-0023_-12,"['SNR: -12']"
3436-172162-0028_-3,"['SNR: -3']"
669-129061-0019_4,"['SNR: 4']"
8226-274369-0005_10,"['SNR: 10']"
2691-156750-0012_-8,"['SNR: -8']"
1737-148989-0001_-11,"['SNR: -11']"
39-121916-0028_-5,"['SNR: -5']"
5688-41232-0004_-15,"['SNR: -15']"
7780-274562-0097_-15,"['SNR: -15']"
3830-12530-0012_7,"['SNR: 7']"
7148-7763-0026_-12,"['SNR: -12']"
8238-274553-0030_10,"['SNR: 10']"
2159-179157-0021_3,"['SNR: 3']"
2416-152139-0057_3,"['SNR: 3']"
1355-39947-0005_-4,"['SNR: -4']"
2989-138035-0016_1,"['SNR: 1']"
8051-118101-0036_-7,"['SNR: -7']"
3240-131232-0016_-2,"['SNR: -2']"
831-130746-0045_10,"['SNR: 10']"
8063-274117-0008_-5,"['SNR: -5']"
6078-54013-0068_-13,"['SNR: -13']"
587-54108-0045_2,"['SNR: 2']"
6415-111615-0036_-14,"['SNR: -14']"
1455-134435-0026_-8,"['SNR: -8']"
6836-61804-0011_-11,"['SNR: -11']"
27-124992-0067_-13,"['SNR: -13']"
2911-7601-0030_-9,"['SNR: -9']"
6529-62556-0043_2,"['SNR: 2']"
7800-283493-0032_7,"['SNR: 7']"
1624-168623-0020_-11,"['SNR: -11']"
254-127705-0012_-8,"['SNR: -8']"
5678-43301-0009_3,"['SNR: 3']"
669-129061-0067_4,"['SNR: 4']"
8312-279791-0007_9,"['SNR: 9']"
248-130652-0019_-4,"['SNR: -4']"
6529-62556-0008_0,"['SNR: 0']"
2836-5354-0001_-1,"['SNR: -1']"
6818-68772-0018_5,"['SNR: 5']"
8095-274345-0019_8,"['SNR: 8']"
6563-285357-0043_-13,"['SNR: -13']"
6531-61334-0060_-1,"['SNR: -1']"
32-21634-0010_-9,"['SNR: -9']"
150-132655-0005_-10,"['SNR: -10']"
1263-138246-0031_-4,"['SNR: -4']"
3259-158083-0021_-2,"['SNR: -2']"
1502-122619-0089_-5,"['SNR: -5']"
89-218-0044_4,"['SNR: 4']"
163-122947-0048_10,"['SNR: 10']"
6000-86686-0002_6,"['SNR: 6']"
250-142286-0000_-1,"['SNR: -1']"
3807-4923-0058_6,"['SNR: 6']"
40-121026-0007_-2,"['SNR: -2']"
909-131044-0014_5,"['SNR: 5']"
5049-25947-0037_-8,"['SNR: -8']"
5678-43302-0019_4,"['SNR: 4']"
19-227-0016_6,"['SNR: 6']"
6081-42010-0018_7,"['SNR: 7']"
7190-90542-0057_-14,"['SNR: -14']"
2182-181173-0028_4,"['SNR: 4']"
200-124140-0035_8,"['SNR: 8']"
2196-174172-0003_7,"['SNR: 7']"
3947-13262-0032_5,"['SNR: 5']"
5022-29411-0069_6,"['SNR: 6']"
2952-407-0007_8,"['SNR: 8']"
8747-293952-0090_-1,"['SNR: -1']"
1447-130551-0011_-13,"['SNR: -13']"
6209-34601-0032_5,"['SNR: 5']"
3112-9554-0014_-2,"['SNR: -2']"
2002-139469-0005_-9,"['SNR: -9']"
625-132118-0034_2,"['SNR: 2']"
8312-279791-0023_-4,"['SNR: -4']"
3436-172162-0011_-13,"['SNR: -13']"
328-129766-0027_10,"['SNR: 10']"
3982-182255-0024_-5,"['SNR: -5']"
3857-182317-0029_8,"['SNR: 8']"
3259-158083-0042_8,"['SNR: 8']"
226-122538-0018_-10,"['SNR: -10']"
4481-17498-0004_-15,"['SNR: -15']"
226-131532-0006_7,"['SNR: 7']"
1263-141777-0023_6,"['SNR: 6']"
5192-19396-0025_9,"['SNR: 9']"
4406-16882-0056_-1,"['SNR: -1']"
6147-34606-0025_4,"['SNR: 4']"
40-222-0052_2,"['SNR: 2']"
6181-216552-0030_6,"['SNR: 6']"
1841-159771-0020_9,"['SNR: 9']"
5463-39174-0036_-2,"['SNR: -2']"
1246-135815-0007_-1,"['SNR: -1']"
4014-186183-0018_10,"['SNR: 10']"
3699-19402-0018_-2,"['SNR: -2']"
1867-154071-0032_-6,"['SNR: -6']"
7078-271888-0080_-3,"['SNR: -3']"
1263-139804-0007_10,"['SNR: 10']"
1723-141149-0032_1,"['SNR: 1']"
8609-283227-0030_-14,"['SNR: -14']"
7517-100442-0017_-9,"['SNR: -9']"
4640-19188-0007_-9,"['SNR: -9']"
1963-147036-0016_-10,"['SNR: -10']"
3879-174923-0050_-3,"['SNR: -3']"
5192-19397-0047_-6,"['SNR: -6']"
6272-70171-0028_-4,"['SNR: -4']"
8770-295462-0021_9,"['SNR: 9']"
2182-181173-0036_3,"['SNR: 3']"
3526-176653-0020_-13,"['SNR: -13']"
1098-133695-0072_-1,"['SNR: -1']"
26-495-0072_1,"['SNR: 1']"
1334-135589-0025_0,"['SNR: 0']"
669-129074-0020_-11,"['SNR: -11']"
441-128982-0034_-13,"['SNR: -13']"
8797-294123-0047_6,"['SNR: 6']"
7517-100429-0017_-15,"['SNR: -15']"
60-121082-0021_-9,"['SNR: -9']"
248-130697-0032_-3,"['SNR: -3']"
445-123860-0015_8,"['SNR: 8']"
7190-90542-0025_-6,"['SNR: -6']"
8797-294123-0035_-5,"['SNR: -5']"
7178-34645-0016_9,"['SNR: 9']"
8095-274348-0011_10,"['SNR: 10']"
4014-186179-0021_-14,"['SNR: -14']"
2002-139469-0053_-14,"['SNR: -14']"
8630-305213-0048_7,"['SNR: 7']"
3830-12531-0014_-6,"['SNR: -6']"
4853-29413-0003_-10,"['SNR: -10']"
3983-5371-0057_-7,"['SNR: -7']"
3526-175658-0004_-1,"['SNR: -1']"
6848-252323-0010_-12,"['SNR: -12']"
4018-103416-0007_-11,"['SNR: -11']"
5789-70653-0017_-12,"['SNR: -12']"
332-128985-0004_-5,"['SNR: -5']"
2989-138035-0062_10,"['SNR: 10']"
909-131045-0004_-10,"['SNR: -10']"
1578-140049-0015_-12,"['SNR: -12']"
6415-116629-0000_-13,"['SNR: -13']"
6836-61804-0018_2,"['SNR: 2']"
3983-5331-0004_6,"['SNR: 6']"
2436-2481-0021_5,"['SNR: 5']"
6437-66173-0044_4,"['SNR: 4']"
4018-107338-0017_7,"['SNR: 7']"
4441-76262-0029_-6,"['SNR: -6']"
5678-43301-0004_-13,"['SNR: -13']"
5049-25947-0047_-14,"['SNR: -14']"
6454-107462-0015_-2,"['SNR: -2']"
2843-152918-0040_-13,"['SNR: -13']"
5339-14133-0009_-6,"['SNR: -6']"
4640-19188-0011_10,"['SNR: 10']"
669-129074-0028_-10,"['SNR: -10']"
1594-135914-0005_-6,"['SNR: -6']"
302-123516-0035_0,"['SNR: 0']"
1334-135589-0024_10,"['SNR: 10']"
8324-286681-0005_5,"['SNR: 5']"
5867-48852-0088_-13,"['SNR: -13']"
1088-134315-0042_-5,"['SNR: -5']"
163-122947-0068_-8,"['SNR: -8']"
8425-287387-0013_-9,"['SNR: -9']"
2289-152258-0032_1,"['SNR: 1']"
4680-16026-0037_-12,"['SNR: -12']"
8609-262281-0020_6,"['SNR: 6']"
3830-12531-0030_-4,"['SNR: -4']"
3168-173564-0043_-9,"['SNR: -9']"
298-126790-0018_6,"['SNR: 6']"
6880-216547-0095_-15,"['SNR: -15']"
211-122442-0072_6,"['SNR: 6']"
6272-70168-0015_-10,"['SNR: -10']"
6818-68772-0008_6,"['SNR: 6']"
3214-167607-0029_-5,"['SNR: -5']"
3235-28433-0041_-12,"['SNR: -12']"
5652-39938-0035_-8,"['SNR: -8']"
2518-154826-0048_-12,"['SNR: -12']"
441-128988-0022_9,"['SNR: 9']"
6272-70171-0014_7,"['SNR: 7']"
6385-220959-0010_6,"['SNR: 6']"
3879-174923-0066_9,"['SNR: 9']"
2436-2477-0020_-4,"['SNR: -4']"
118-47824-0015_-4,"['SNR: -4']"
5750-100289-0066_-8,"['SNR: -8']"
7780-274562-0062_6,"['SNR: 6']"
27-124992-0048_8,"['SNR: 8']"
250-140277-0012_3,"['SNR: 3']"
6415-116629-0038_-10,"['SNR: -10']"
39-121914-0028_4,"['SNR: 4']"
3436-172171-0012_-3,"['SNR: -3']"
5022-29405-0008_-4,"['SNR: -4']"
625-132112-0011_-7,"['SNR: -7']"
7113-86041-0085_0,"['SNR: 0']"
405-130894-0050_-7,"['SNR: -7']"
8051-119902-0030_-5,"['SNR: -5']"
8425-287387-0010_1,"['SNR: 1']"
3486-166424-0073_-13,"['SNR: -13']"
8123-275209-0031_-6,"['SNR: -6']"
8975-270782-0068_1,"['SNR: 1']"
831-130746-0026_-10,"['SNR: -10']"
3259-158083-0014_7,"['SNR: 7']"
839-130898-0078_8,"['SNR: 8']"
3242-67168-0011_1,"['SNR: 1']"
481-123720-0085_-9,"['SNR: -9']"
5163-18515-0007_5,"['SNR: 5']"
460-172359-0006_-2,"['SNR: -2']"
7367-86737-0062_-10,"['SNR: -10']"
5652-39938-0042_-8,"['SNR: -8']"
887-123290-0007_7,"['SNR: 7']"
696-93314-0034_7,"['SNR: 7']"
1578-140049-0013_-9,"['SNR: -9']"
441-130108-0040_-1,"['SNR: -1']"
1116-137572-0020_5,"['SNR: 5']"
1737-148989-0038_2,"['SNR: 2']"
150-126107-0000_-12,"['SNR: -12']"
3664-11714-0007_-15,"['SNR: -15']"
8123-275216-0018_9,"['SNR: 9']"
3947-13260-0048_-2,"['SNR: -2']"
2092-145706-0020_-15,"['SNR: -15']"
8797-294123-0070_7,"['SNR: 7']"
446-123502-0019_-13,"['SNR: -13']"
7059-77897-0027_9,"['SNR: 9']"
1926-147979-0017_1,"['SNR: 1']"
4813-248641-0012_-7,"['SNR: -7']"
3436-172162-0046_-12,"['SNR: -12']"
2092-145706-0073_-14,"['SNR: -14']"
83-9960-0021_-12,"['SNR: -12']"
1502-122619-0009_3,"['SNR: 3']"
1116-137572-0042_-10,"['SNR: -10']"
1743-142914-0020_5,"['SNR: 5']"
730-358-0015_8,"['SNR: 8']"
4397-15666-0008_-9,"['SNR: -9']"
446-123501-0048_-15,"['SNR: -15']"
3168-173565-0053_0,"['SNR: 0']"
446-123501-0025_10,"['SNR: 10']"
3982-182255-0016_1,"['SNR: 1']"
4813-248641-0004_3,"['SNR: 3']"
6454-107462-0014_-14,"['SNR: -14']"
1553-140047-0005_-15,"['SNR: -15']"
211-122425-0029_0,"['SNR: 0']"
7780-274562-0075_-7,"['SNR: -7']"
4014-186179-0005_-3,"['SNR: -3']"
26-495-0065_-5,"['SNR: -5']"
2007-149877-0016_8,"['SNR: 8']"
6367-74004-0003_1,"['SNR: 1']"
909-131041-0006_-13,"['SNR: -13']"
1355-39947-0032_-6,"['SNR: -6']"
1553-140047-0051_-2,"['SNR: -2']"
7059-88364-0004_6,"['SNR: 6']"
8630-305213-0007_-11,"['SNR: -11']"
5049-25947-0010_6,"['SNR: 6']"
909-131045-0043_-11,"['SNR: -11']"
60-121082-0029_-9,"['SNR: -9']"
5789-57195-0008_-11,"['SNR: -11']"
150-126107-0019_-8,"['SNR: -8']"
7302-86815-0020_1,"['SNR: 1']"
7067-76048-0028_-15,"['SNR: -15']"
4830-25898-0001_-4,"['SNR: -4']"
7780-274562-0079_-7,"['SNR: -7']"
2911-15045-0011_-8,"['SNR: -8']"
8063-274117-0027_-5,"['SNR: -5']"
5322-7678-0004_-12,"['SNR: -12']"
8051-118101-0016_-6,"['SNR: -6']"
250-142286-0005_-1,"['SNR: -1']"
8468-295198-0027_-10,"['SNR: -10']"
1034-121119-0008_3,"['SNR: 3']"
5322-7678-0036_8,"['SNR: 8']"
26-496-0014_-5,"['SNR: -5']"
6563-63821-0028_6,"['SNR: 6']"
7190-90542-0054_-1,"['SNR: -1']"
3664-178366-0029_-10,"['SNR: -10']"
3214-167602-0013_3,"['SNR: 3']"
8108-274318-0048_-2,"['SNR: -2']"
3664-178366-0019_-4,"['SNR: -4']"
5703-47198-0040_-9,"['SNR: -9']"
2384-152900-0033_-3,"['SNR: -3']"
3112-9555-0055_9,"['SNR: 9']"
3235-28433-0036_1,"['SNR: 1']"
8098-278278-0037_2,"['SNR: 2']"
3723-171631-0026_-6,"['SNR: -6']"
4898-28461-0035_9,"['SNR: 9']"
4640-19188-0008_-15,"['SNR: -15']"
4830-25904-0050_5,"['SNR: 5']"
39-121915-0014_5,"['SNR: 5']"
8238-283452-0014_-2,"['SNR: -2']"
211-122425-0001_-2,"['SNR: -2']"
1363-139304-0032_-3,"['SNR: -3']"
4406-16883-0056_-9,"['SNR: -9']"
7402-59171-0001_-13,"['SNR: -13']"
426-122821-0005_10,"['SNR: 10']"
5561-41616-0005_9,"['SNR: 9']"
118-47824-0075_-13,"['SNR: -13']"
7078-271888-0034_-3,"['SNR: -3']"
5808-48608-0043_5,"['SNR: 5']"
6081-41997-0025_6,"['SNR: 6']"
374-180298-0059_-14,"['SNR: -14']"
4088-158077-0084_9,"['SNR: 9']"
125-121124-0022_4,"['SNR: 4']"
5678-43303-0007_0,"['SNR: 0']"
4640-19188-0009_-9,"['SNR: -9']"
8095-274345-0001_-13,"['SNR: -13']"
27-123349-0046_4,"['SNR: 4']"
1455-138263-0045_-5,"['SNR: -5']"
19-198-0033_9,"['SNR: 9']"
696-92939-0022_-11,"['SNR: -11']"
1040-133433-0013_-2,"['SNR: -2']"
8609-283227-0047_4,"['SNR: 4']"
8088-284756-0099_4,"['SNR: 4']"
5322-7680-0000_-15,"['SNR: -15']"
7312-92432-0006_-9,"['SNR: -9']"
2911-12359-0003_-10,"['SNR: -10']"
4297-13009-0057_-10,"['SNR: -10']"
8063-274112-0000_8,"['SNR: 8']"
1963-147036-0023_7,"['SNR: 7']"
4406-16882-0013_8,"['SNR: 8']"
3214-167602-0026_-2,"['SNR: -2']"
2843-152918-0079_2,"['SNR: 2']"
4898-28461-0041_-2,"['SNR: -2']"
2136-5140-0027_-13,"['SNR: -13']"
7859-102519-0051_3,"['SNR: 3']"
4830-25904-0044_-5,"['SNR: -5']"
1116-132847-0024_6,"['SNR: 6']"
7190-90543-0023_-13,"['SNR: -13']"
6476-57446-0005_-2,"['SNR: -2']"
8108-274318-0026_-11,"['SNR: -11']"
1334-135589-0033_-14,"['SNR: -14']"
6848-76049-0033_-1,"['SNR: -1']"
27-124992-0001_0,"['SNR: 0']"
229-130880-0018_-4,"['SNR: -4']"
1970-26100-0011_-8,"['SNR: -8']"
1743-142912-0017_-3,"['SNR: -3']"
909-131045-0027_10,"['SNR: 10']"
328-129766-0036_-8,"['SNR: -8']"
7178-34645-0001_-5,"['SNR: -5']"
4214-7146-0006_-5,"['SNR: -5']"
5789-57195-0024_-7,"['SNR: -7']"
328-129766-0055_-7,"['SNR: -7']"
2893-139310-0050_7,"['SNR: 7']"
1246-124548-0024_-2,"['SNR: -2']"
250-142276-0003_10,"['SNR: 10']"
7402-90848-0011_-7,"['SNR: -7']"
4340-15220-0022_-7,"['SNR: -7']"
2416-152139-0012_8,"['SNR: 8']"
8609-283227-0023_8,"['SNR: 8']"
8098-278278-0000_-12,"['SNR: -12']"
625-132118-0003_-8,"['SNR: -8']"
298-126791-0017_-7,"['SNR: -7']"
460-172359-0039_-12,"['SNR: -12']"
32-21625-0012_6,"['SNR: 6']"
5163-39921-0048_10,"['SNR: 10']"
7800-283478-0017_-15,"['SNR: -15']"
8088-284756-0066_6,"['SNR: 6']"
5514-19193-0005_0,"['SNR: 0']"
254-127705-0013_5,"['SNR: 5']"
3983-5331-0048_-13,"['SNR: -13']"
7226-86965-0028_4,"['SNR: 4']"
2518-154825-0031_2,"['SNR: 2']"
125-121124-0021_-10,"['SNR: -10']"
8095-274346-0047_-1,"['SNR: -1']"
2002-139469-0081_-7,"['SNR: -7']"
2911-12359-0018_10,"['SNR: 10']"
6181-216552-0106_-9,"['SNR: -9']"
405-130895-0005_7,"['SNR: 7']"
1594-135914-0010_-13,"['SNR: -13']"
302-123516-0020_-14,"['SNR: -14']"
481-123720-0045_3,"['SNR: 3']"
3242-67153-0015_8,"['SNR: 8']"
2436-2481-0014_-4,"['SNR: -4']"
3947-13260-0040_2,"['SNR: 2']"
7067-76048-0004_7,"['SNR: 7']"
5049-25947-0040_-9,"['SNR: -9']"
5390-30096-0027_-13,"['SNR: -13']"
1116-132847-0037_-10,"['SNR: -10']"
5703-47212-0001_-12,"['SNR: -12']"
2989-138035-0035_0,"['SNR: 0']"
1069-133699-0039_-6,"['SNR: -6']"
5463-39174-0017_0,"['SNR: 0']"
8098-278278-0022_10,"['SNR: 10']"
4340-15220-0076_1,"['SNR: 1']"
3982-182255-0008_7,"['SNR: 7']"
302-123504-0030_10,"['SNR: 10']"
730-359-0049_-12,"['SNR: -12']"
730-358-0039_-9,"['SNR: -9']"
3857-182315-0013_-1,"['SNR: -1']"
7113-86041-0072_-4,"['SNR: -4']"
3242-8112-0018_-12,"['SNR: -12']"
8123-275209-0017_5,"['SNR: 5']"
8468-286673-0026_-11,"['SNR: -11']"
5192-19397-0027_3,"['SNR: 3']"
1116-132847-0008_-9,"['SNR: -9']"
2416-152139-0070_-11,"['SNR: -11']"
7113-86041-0015_2,"['SNR: 2']"
2843-152918-0057_0,"['SNR: 0']"
4267-78186-0018_-7,"['SNR: -7']"
6385-220959-0014_-5,"['SNR: -5']"
4137-11701-0024_-1,"['SNR: -1']"
2391-145015-0111_1,"['SNR: 1']"
6209-34599-0002_3,"['SNR: 3']"
5750-100289-0045_2,"['SNR: 2']"
8226-274369-0024_-15,"['SNR: -15']"
5390-30096-0011_-13,"['SNR: -13']"
1334-135589-0035_-11,"['SNR: -11']"
5750-35690-0027_3,"['SNR: 3']"
6181-216552-0108_4,"['SNR: 4']"
5456-58161-0028_-13,"['SNR: -13']"
6880-216547-0002_-14,"['SNR: -14']"
625-132112-0048_-13,"['SNR: -13']"
4481-17499-0013_10,"['SNR: 10']"
8088-284756-0050_-15,"['SNR: -15']"
7078-271888-0056_-13,"['SNR: -13']"
3440-171009-0051_-6,"['SNR: -6']"
3526-175658-0028_-3,"['SNR: -3']"
8838-298545-0013_7,"['SNR: 7']"
4441-76263-0045_-7,"['SNR: -7']"
7067-76047-0011_7,"['SNR: 7']"
26-495-0016_0,"['SNR: 0']"
7278-91083-0005_5,"['SNR: 5']"
8770-295463-0010_-8,"['SNR: -8']"
2911-7601-0002_3,"['SNR: 3']"
163-121908-0007_5,"['SNR: 5']"
8123-275209-0033_1,"['SNR: 1']"
4297-13009-0015_-2,"['SNR: -2']"
8226-274371-0045_8,"['SNR: 8']"
3947-13260-0037_3,"['SNR: 3']"
7635-105661-0030_-7,"['SNR: -7']"
6367-74004-0024_3,"['SNR: 3']"
3436-172162-0039_0,"['SNR: 0']"
1553-140048-0002_-6,"['SNR: -6']"
481-123719-0017_3,"['SNR: 3']"
6818-68772-0020_7,"['SNR: 7']"
6181-216552-0077_4,"['SNR: 4']"
1034-121119-0088_3,"['SNR: 3']"
7859-102518-0018_9,"['SNR: 9']"
4853-29413-0016_6,"['SNR: 6']"
4788-91208-0020_-15,"['SNR: -15']"
8098-275181-0031_-10,"['SNR: -10']"
201-127786-0012_1,"['SNR: 1']"
7278-104730-0000_-7,"['SNR: -7']"
2289-152257-0025_-14,"['SNR: -14']"
1334-135589-0063_-10,"['SNR: -10']"
2843-152918-0047_7,"['SNR: 7']"
211-122442-0048_2,"['SNR: 2']"
7078-271888-0045_9,"['SNR: 9']"
6531-61334-0113_-13,"['SNR: -13']"
6848-252323-0024_-15,"['SNR: -15']"
1334-135589-0060_0,"['SNR: 0']"
6147-34607-0023_0,"['SNR: 0']"
7302-86815-0032_-4,"['SNR: -4']"
412-126975-0046_4,"['SNR: 4']"
8051-119902-0031_-12,"['SNR: -12']"
